Id	Area	Bedrooms	Bathrooms	Floors	YearBuilt	Location	Condition	Garage	Price
1	3451	5	5	3	2014	Coimbatore	Fair	No	31491234
2	3040	3	2	1	2019	Ahmedabad	Very Good	Yes	34109715
3	4321	6	5	3	2017	Mysore	Excellent	Yes	49411969
4	737	2	3	2	2021	Pune	Good	Yes	13117710
5	1942	3	3	1	2026	Hyderabad	Good	Yes	25558546
6	1215	3	3	3	2001	Hyderabad	Very Good	Yes	17324828
7	1607	2	1	4	2000	Ahmedabad	Good	Yes	16980750
8	2207	2	2	2	2010	Bangalore	Good	Yes	35544812
9	4435	6	5	2	2017	Noida	Good	No	71949967
10	1455	2	1	4	2016	Pune	Good	No	23175174
11	4204	6	5	2	2003	Pune	Excellent	No	69424845
12	2786	4	3	2	2011	Noida	Poor	No	37769970
13	2102	4	4	4	2014	Noida	Fair	No	31921772
14	3549	5	5	4	2022	Noida	Excellent	No	70377602
15	3799	4	4	4	2009	Kochi	Very Good	Yes	41153361
16	4761	6	5	3	2011	Delhi	Good	Yes	85786946
17	3345	4	4	4	2017	Jaipur	Good	No	35108225
18	4649	6	5	3	2024	Delhi	Very Good	Yes	108181027
19	3303	5	5	3	2022	Chennai	Good	Yes	49180210
20	2562	5	5	2	2003	Hyderabad	Very Good	Yes	33843025
21	2786	5	4	4	2003	Coimbatore	Good	Yes	26501497
22	1475	2	2	4	2001	Pune	Good	Yes	19576233
23	2964	4	5	3	2005	Jaipur	Good	No	28623785
24	3220	5	5	4	2024	Bangalore	Good	No	55308235
25	1216	3	3	3	2020	Coimbatore	Very Good	No	12879596
26	2599	4	3	3	2022	Delhi	Good	No	52037055
27	4120	6	5	4	2011	Ahmedabad	Very Good	No	47592213
28	2384	3	2	4	2022	Jaipur	Very Good	No	27772576
29	1271	1	1	2	2012	Noida	Fair	Yes	19119627
30	1950	2	2	2	2013	Delhi	Good	No	33943898
31	4999	6	5	3	2013	Noida	Very Good	No	91676014
32	1554	3	2	1	2015	Coimbatore	Good	No	15060422
33	939	2	2	1	2018	Pune	Poor	No	12428431
34	3378	5	5	3	1998	Pune	Good	No	43416516
35	2716	3	2	4	2012	Ahmedabad	Fair	Yes	26364561
36	3587	6	5	1	2015	Mysore	Good	Yes	31029943
37	3016	3	3	4	1998	Jaipur	Poor	No	21601191
38	791	1	2	4	2004	Mysore	Fair	No	6427974
39	2969	4	5	3	2009	Coimbatore	Excellent	Yes	34064237
40	3655	5	5	2	2001	Ahmedabad	Fair	No	31096642
41	4396	6	5	2	2015	Hyderabad	Good	Yes	55052580
42	3874	5	5	3	2025	Chennai	Very Good	Yes	59962914
43	2295	3	2	2	2014	Jaipur	Good	No	20478175
44	3649	6	5	2	2015	Pune	Poor	Yes	44397269
45	2404	2	3	4	2026	Mysore	Poor	No	20328934
46	1644	1	1	3	2000	Jaipur	Good	No	15403368
47	1134	2	2	1	2008	Delhi	Good	No	22327115
48	4324	6	5	2	2024	Chennai	Very Good	Yes	69955977
49	3117	4	5	3	2018	Noida	Good	No	54648643
50	3040	3	4	4	1999	Hyderabad	Good	Yes	32557677
51	2494	4	5	1	2009	Hyderabad	Poor	No	23607344
52	3274	6	5	2	2012	Pune	Excellent	No	60938386
53	1688	2	3	1	2021	Hyderabad	Very Good	No	24797422
54	3537	4	3	1	2008	Hyderabad	Very Good	No	47778806
55	827	1	1	1	2003	Chennai	Fair	Yes	10152787
56	4170	6	5	1	2001	Noida	Fair	No	54198776
57	2917	4	4	1	2016	Bangalore	Good	No	45383611
58	3739	4	3	1	2025	Chennai	Fair	Yes	45989453
59	579	1	1	1	2008	Bangalore	Good	No	9309980
60	582	1	1	4	2019	Kochi	Very Good	No	7237262
61	1126	1	1	4	2004	Delhi	Good	No	20468197
62	4266	6	5	2	2022	Mumbai	Good	Yes	96936473
63	4024	5	5	4	2013	Ahmedabad	Good	No	42836862
64	555	1	1	1	2026	Delhi	Good	No	11373155
65	1434	2	2	1	2015	Pune	Excellent	No	25912139
66	4394	5	5	4	2026	Mumbai	Very Good	No	110036775
67	2977	4	3	1	2001	Chennai	Very Good	Yes	39980603
68	4831	6	5	2	2014	Pune	Good	Yes	75842683
69	696	1	2	2	1999	Noida	Good	Yes	10230885
70	2766	3	4	3	2025	Mysore	Very Good	Yes	27143304
71	2506	4	3	4	2024	Delhi	Fair	Yes	47151002
72	3886	6	5	1	2004	Mysore	Good	No	30913328
73	3186	5	4	2	2007	Ahmedabad	Good	Yes	36081411
74	778	2	2	3	2012	Jaipur	Good	No	7983785
75	2254	4	4	3	2017	Bangalore	Good	No	37349186
76	1407	1	1	1	2026	Pune	Very Good	No	24764594
77	3581	5	5	3	2012	Jaipur	Fair	No	31716755
78	753	1	1	3	2023	Chennai	Very Good	No	11478591
79	1527	1	2	4	2024	Chennai	Good	No	19957995
80	1003	1	1	2	2012	Mumbai	Fair	No	19952519
81	3080	3	4	2	2005	Mysore	Very Good	Yes	29981316
82	2891	4	4	2	1999	Jaipur	Good	No	24245638
83	2344	4	5	3	2018	Jaipur	Fair	No	22708804
84	3192	4	4	3	2007	Mysore	Good	Yes	25712573
85	532	2	1	2	2024	Pune	Good	No	8410764
86	3178	5	5	4	2001	Hyderabad	Very Good	Yes	38612978
87	3130	3	3	1	2001	Pune	Good	Yes	40766521
88	903	1	1	4	2018	Delhi	Very Good	No	19227043
89	1523	2	2	2	2013	Chennai	Fair	Yes	17666904
90	3165	5	4	2	2008	Bangalore	Poor	Yes	41023671
91	4497	6	5	3	2012	Bangalore	Very Good	No	77722562
92	2538	4	3	4	2025	Noida	Good	Yes	41913551
93	637	1	1	4	2019	Noida	Fair	No	10305732
94	4540	6	5	2	2013	Mumbai	Good	Yes	104368396
95	4757	6	5	2	2024	Pune	Good	Yes	77468676
96	1183	3	3	4	2023	Jaipur	Fair	Yes	12829021
97	1222	3	3	4	2015	Hyderabad	Poor	No	12205233
98	4585	6	5	1	2016	Chennai	Good	No	64596036
99	773	1	1	4	2023	Delhi	Fair	No	13746589
100	2952	3	2	1	2008	Kochi	Very Good	No	33843206
101	848	1	2	1	2021	Pune	Very Good	Yes	14360312
102	3369	5	4	2	2026	Kochi	Fair	No	36011507
103	3309	4	3	1	2002	Mysore	Poor	No	21632474
104	4567	6	5	2	2010	Noida	Fair	Yes	63556900
105	599	2	1	3	2025	Coimbatore	Good	Yes	7378551
106	3798	5	5	3	2008	Chennai	Good	No	46067595
107	4182	6	5	3	2026	Ahmedabad	Good	No	49066188
108	2272	4	4	2	2022	Bangalore	Very Good	No	44547491
109	4525	6	5	3	2011	Mysore	Good	Yes	39613708
110	4176	6	5	4	2004	Jaipur	Very Good	Yes	43729148
111	1208	1	2	3	2013	Coimbatore	Very Good	No	12002707
112	1079	3	3	4	2011	Delhi	Very Good	Yes	24340537
113	1739	2	2	4	1999	Bangalore	Fair	No	24176170
114	1473	3	3	1	2007	Mysore	Fair	No	12369136
115	2261	2	2	2	2010	Jaipur	Good	No	22025172
116	1569	1	1	3	2013	Mumbai	Excellent	Yes	42213633
117	1987	2	1	3	2002	Kochi	Good	No	19752956
118	2399	3	4	3	2019	Noida	Fair	No	37312061
119	3997	6	5	2	2016	Delhi	Good	Yes	78348591
120	3828	5	5	3	2020	Mysore	Excellent	Yes	42636931
121	4623	6	5	2	2024	Mumbai	Good	Yes	105926662
122	4752	6	5	2	2006	Jaipur	Fair	Yes	42313593
123	4442	5	5	1	2003	Delhi	Very Good	No	87426049
124	3175	5	5	1	2025	Coimbatore	Excellent	No	39488991
125	1566	3	4	4	2021	Mumbai	Good	No	39389488
126	4285	6	5	3	2000	Kochi	Fair	No	38668119
127	1171	3	2	2	2004	Bangalore	Excellent	Yes	22629537
128	1470	2	2	2	2019	Noida	Poor	No	20504142
129	1452	2	1	1	2005	Kochi	Very Good	Yes	16210057
130	994	1	1	1	2011	Noida	Good	Yes	15042584
131	1102	2	2	4	2023	Pune	Excellent	Yes	23673320
132	4270	6	5	4	1998	Delhi	Good	No	69248027
133	1817	4	3	2	2002	Bangalore	Good	No	28161417
134	1950	3	4	3	2021	Hyderabad	Good	Yes	24764797
135	2209	4	5	1	2019	Pune	Good	No	35025726
136	1384	1	2	2	2016	Ahmedabad	Good	Yes	15626759
137	562	2	1	4	2021	Bangalore	Very Good	Yes	11927113
138	3626	5	5	1	2020	Delhi	Good	Yes	75076736
139	3362	5	4	3	2015	Bangalore	Good	Yes	52389174
140	1762	3	4	4	2025	Mysore	Very Good	Yes	21089529
141	1987	3	3	2	2007	Delhi	Very Good	Yes	39798377
142	1553	3	3	1	2015	Jaipur	Very Good	Yes	17656403
143	3366	4	4	1	1998	Bangalore	Excellent	Yes	64029586
144	3193	5	5	2	2018	Jaipur	Very Good	Yes	35624975
145	1671	2	1	3	2008	Coimbatore	Excellent	No	18746388
146	2188	3	3	1	2019	Chennai	Good	Yes	27913559
147	1246	2	1	3	2025	Chennai	Fair	Yes	16320777
148	4292	6	5	2	2010	Ahmedabad	Very Good	No	53240610
149	3876	5	5	4	2023	Kochi	Good	Yes	43808439
150	2567	5	4	1	1999	Hyderabad	Fair	Yes	27386514
151	4216	5	4	4	2025	Delhi	Very Good	Yes	86296177
152	760	1	1	3	2014	Noida	Poor	Yes	10478283
153	1410	2	2	3	2022	Jaipur	Fair	No	13488466
154	2817	4	3	3	2016	Jaipur	Very Good	Yes	32741188
155	2485	4	5	1	2006	Jaipur	Fair	No	19606534
156	4623	6	5	4	2026	Coimbatore	Fair	Yes	42361231
157	4742	6	5	3	2011	Kochi	Excellent	Yes	56674685
158	4898	6	5	4	2026	Mumbai	Fair	Yes	109982604
159	4820	6	5	1	2009	Kochi	Good	No	51380370
160	2736	3	3	1	2003	Noida	Good	Yes	37670125
161	3550	5	5	4	2022	Kochi	Very Good	No	41775535
162	2113	3	3	3	2009	Bangalore	Very Good	No	38458036
163	4566	6	5	3	2001	Mumbai	Fair	Yes	93352359
164	4423	6	5	2	2005	Noida	Very Good	Yes	72961127
165	3889	5	5	1	2006	Delhi	Excellent	Yes	86271961
166	802	1	1	2	2012	Mysore	Very Good	Yes	7878161
167	2976	4	4	4	2014	Bangalore	Very Good	Yes	57670564
168	1753	4	4	1	2001	Kochi	Good	No	17651902
169	3057	4	4	4	1999	Kochi	Very Good	No	31014924
170	3213	6	5	1	2005	Hyderabad	Good	Yes	36726455
171	2921	3	2	4	2015	Mumbai	Good	Yes	65857462
172	1605	2	3	4	2000	Hyderabad	Very Good	No	20222049
173	3456	5	5	1	2007	Hyderabad	Good	Yes	40534628
174	2412	2	1	3	2001	Delhi	Excellent	Yes	51612349
175	3135	5	5	3	2002	Mumbai	Very Good	No	67828245
176	4625	6	5	2	2019	Kochi	Good	No	48952190
177	2581	4	5	2	2001	Mumbai	Very Good	No	57033926
178	2589	3	3	1	2004	Ahmedabad	Fair	Yes	22337279
179	2329	2	3	1	2019	Delhi	Good	Yes	47665199
180	2382	3	4	3	2013	Ahmedabad	Fair	No	25455983
181	2856	4	4	3	2026	Kochi	Good	No	33517246
182	588	1	1	4	2010	Mumbai	Good	Yes	13382389
183	2156	2	3	1	2017	Delhi	Very Good	No	45298561
184	2966	4	4	3	1998	Pune	Fair	No	38733807
185	2338	3	2	2	2014	Mumbai	Very Good	No	57279327
186	4297	6	5	4	2010	Hyderabad	Fair	No	46693624
187	598	2	2	1	2023	Mysore	Good	Yes	6933107
188	3568	4	5	2	2023	Mysore	Very Good	Yes	37294001
189	1533	2	3	1	2010	Chennai	Poor	Yes	15822959
190	4888	6	5	3	2026	Coimbatore	Excellent	No	61804147
191	1132	2	2	2	2004	Coimbatore	Poor	No	8144150
192	4494	6	5	1	2018	Bangalore	Fair	Yes	66543525
193	4450	6	5	3	2025	Kochi	Very Good	Yes	54303950
194	809	1	1	2	2004	Ahmedabad	Excellent	Yes	11104522
195	3974	6	5	1	2023	Hyderabad	Good	Yes	52474287
196	1039	1	1	2	2007	Noida	Poor	No	13670578
197	3727	4	4	3	2003	Coimbatore	Excellent	Yes	37567497
198	3681	4	4	1	2009	Mumbai	Good	No	76415137
199	2087	3	2	4	2007	Chennai	Poor	No	22744089
200	679	2	1	4	2011	Noida	Good	No	11163245
201	2338	2	1	4	2026	Chennai	Very Good	No	34400512
202	3243	6	5	1	2000	Chennai	Very Good	No	42439526
203	4808	6	5	1	2000	Chennai	Very Good	Yes	59221388
204	1847	2	3	4	2021	Chennai	Excellent	Yes	32783294
205	1162	2	3	1	2021	Coimbatore	Very Good	No	13152892
206	1854	2	3	1	2007	Chennai	Very Good	No	27275298
207	2138	4	4	4	2005	Mumbai	Very Good	Yes	47967884
208	3956	6	5	4	2016	Jaipur	Very Good	No	40863344
209	1968	3	3	2	2004	Noida	Good	Yes	29128216
210	4717	6	5	2	2001	Coimbatore	Good	No	40768917
211	1190	2	3	2	2024	Delhi	Good	No	25374202
212	1248	1	1	2	2014	Delhi	Very Good	Yes	26730884
213	2708	5	5	2	2020	Jaipur	Good	Yes	26859569
214	2125	3	2	1	2011	Kochi	Good	No	22580145
215	807	1	1	4	2025	Hyderabad	Very Good	Yes	12567312
216	4941	6	5	1	2013	Noida	Good	No	81251724
217	3276	4	5	2	2010	Pune	Fair	No	40111804
218	3879	6	5	2	2000	Pune	Fair	Yes	46976103
219	1573	2	2	2	2001	Ahmedabad	Excellent	Yes	19242672
220	4131	6	5	3	2005	Noida	Very Good	No	63383321
221	3478	5	4	1	2009	Mysore	Good	No	30155778
222	2066	3	3	1	2008	Bangalore	Good	No	32061470
223	799	1	1	3	2009	Pune	Good	No	12130201
224	3195	5	5	4	2001	Hyderabad	Fair	Yes	35478971
225	4405	6	5	1	2004	Chennai	Excellent	Yes	61508397
226	3625	5	4	2	2009	Kochi	Very Good	No	40587585
227	4956	6	5	4	2014	Ahmedabad	Good	No	56214503
228	4495	6	5	1	2008	Jaipur	Poor	Yes	35459392
229	2352	3	3	3	2023	Mysore	Excellent	Yes	26512804
230	690	1	1	1	2015	Bangalore	Very Good	No	12346541
231	2571	4	4	2	2012	Jaipur	Poor	No	21211454
232	4330	6	5	3	2007	Coimbatore	Good	Yes	36513602
233	2498	3	2	2	2000	Noida	Excellent	Yes	43094417
234	4547	6	5	3	2024	Mysore	Poor	Yes	37480165
235	2218	4	5	4	2015	Pune	Excellent	No	41555318
236	3401	5	5	2	2017	Hyderabad	Fair	Yes	36452186
237	623	1	1	3	2017	Hyderabad	Fair	No	7153182
238	4712	6	5	1	2003	Mumbai	Good	No	99111080
239	2963	3	3	1	2003	Bangalore	Very Good	Yes	46333079
240	1303	2	3	1	2000	Coimbatore	Very Good	No	11683030
241	2199	3	3	1	2016	Noida	Very Good	No	41070267
242	4386	6	5	1	1998	Chennai	Very Good	No	54677802
243	3579	6	5	4	2003	Jaipur	Poor	Yes	29337087
244	1605	2	1	4	2013	Chennai	Good	No	19945436
245	4656	6	5	4	2013	Kochi	Fair	No	45747161
246	4429	5	4	1	2015	Mysore	Very Good	Yes	44932034
247	4338	6	5	2	2022	Kochi	Very Good	Yes	48851848
248	621	1	2	4	2011	Jaipur	Poor	Yes	5416316
249	1640	2	1	2	2025	Kochi	Poor	No	15639473
250	1113	1	1	2	2006	Ahmedabad	Very Good	No	12807760
251	4835	6	5	3	2017	Hyderabad	Good	Yes	55566632
252	2613	4	5	1	2004	Mysore	Excellent	No	28195144
253	569	1	1	1	2022	Chennai	Excellent	No	9136022
254	645	1	1	4	2002	Coimbatore	Good	Yes	6454534
255	4710	6	5	1	2009	Bangalore	Good	Yes	77846026
256	4358	6	5	1	2010	Coimbatore	Fair	Yes	35130740
257	4127	5	5	2	2000	Delhi	Good	Yes	72920673
258	4105	6	5	2	2005	Delhi	Good	No	69841006
259	1496	2	2	3	2016	Mysore	Fair	Yes	12735975
260	2148	2	1	2	2016	Ahmedabad	Fair	No	22124415
261	1937	4	4	4	2017	Hyderabad	Very Good	No	27032193
262	3032	5	4	4	2024	Delhi	Good	Yes	61821572
263	2826	3	2	2	2023	Pune	Very Good	No	47120259
264	3055	4	3	1	2023	Ahmedabad	Very Good	No	39314046
265	4963	6	5	3	2013	Bangalore	Very Good	Yes	94857075
266	3017	4	3	2	2005	Kochi	Good	Yes	27820978
267	4094	5	5	4	2017	Mumbai	Very Good	No	111937208
268	805	1	2	1	2014	Delhi	Good	Yes	14766569
269	4302	6	5	4	2007	Mumbai	Good	Yes	97577566
270	2344	3	3	3	2022	Pune	Good	No	36335924
271	4339	6	5	1	2023	Hyderabad	Good	Yes	57519397
272	2245	2	1	4	2004	Noida	Excellent	No	42105413
273	2224	3	2	3	2019	Bangalore	Excellent	Yes	46965933
274	565	1	2	4	1999	Pune	Good	No	9032830
275	2179	4	4	3	2016	Jaipur	Good	No	20984802
276	1100	1	1	4	2003	Pune	Good	Yes	15871359
277	1642	2	3	4	2023	Hyderabad	Good	No	20818454
278	4263	5	5	4	2007	Noida	Fair	No	56779556
279	1034	2	2	2	2024	Pune	Very Good	Yes	20103435
280	699	1	1	2	2003	Hyderabad	Fair	Yes	7624611
281	1491	2	2	2	2015	Delhi	Good	No	27625032
282	2277	3	3	2	2019	Noida	Very Good	Yes	44144656
283	1428	2	2	4	2000	Hyderabad	Very Good	Yes	17027986
284	2269	4	4	2	2001	Noida	Good	No	31881738
285	1398	2	2	4	2006	Ahmedabad	Excellent	No	17791073
286	3517	5	5	3	2003	Coimbatore	Poor	Yes	24997474
287	3419	5	4	3	2001	Kochi	Fair	No	29398958
288	2173	3	4	4	1998	Noida	Very Good	Yes	33470585
289	1187	1	2	4	2010	Hyderabad	Good	Yes	15628008
290	3730	5	4	2	2002	Bangalore	Very Good	No	65917276
291	1601	2	3	1	2010	Pune	Very Good	No	26535955
292	1023	1	1	2	2019	Hyderabad	Good	Yes	13208651
293	1212	2	2	2	1998	Delhi	Good	Yes	19490265
294	1298	3	3	4	2000	Ahmedabad	Fair	Yes	13370745
295	3796	6	5	3	2011	Ahmedabad	Good	Yes	39734462
296	3212	4	5	3	2024	Pune	Very Good	No	56815413
297	2001	3	4	4	2003	Pune	Poor	No	22241916
298	1593	3	2	2	2001	Mumbai	Fair	No	28423599
299	804	1	2	1	2019	Pune	Good	Yes	13412018
300	1711	1	1	2	2016	Coimbatore	Poor	No	12524235
301	2461	3	2	3	2023	Mysore	Fair	No	19791084
302	2568	3	2	1	2008	Pune	Excellent	Yes	47290441
303	711	1	2	3	2023	Delhi	Good	No	15051163
304	2020	3	3	2	2023	Chennai	Good	No	30366563
305	2036	2	2	3	2014	Chennai	Fair	Yes	26041179
306	3764	6	5	3	2003	Mumbai	Good	No	84033598
307	3922	6	5	1	2009	Ahmedabad	Very Good	No	45344778
308	4933	6	5	3	2015	Delhi	Fair	Yes	82565314
309	662	1	2	3	2011	Noida	Good	No	10317473
310	2728	3	3	2	1999	Hyderabad	Good	No	28049208
311	1658	3	3	4	2002	Ahmedabad	Fair	No	16601799
312	4333	6	5	1	1999	Jaipur	Excellent	No	45194156
313	3781	5	5	4	2006	Pune	Excellent	No	62680790
314	4702	6	5	2	2012	Bangalore	Excellent	No	91018521
315	4933	6	5	4	2003	Mumbai	Good	No	98228214
316	2773	5	4	3	2004	Chennai	Good	Yes	32421078
317	734	2	3	1	2013	Coimbatore	Good	Yes	8275233
318	2630	3	4	3	2002	Chennai	Very Good	Yes	36267534
319	866	1	1	4	2023	Chennai	Fair	No	11612875
320	1204	2	1	2	2009	Pune	Good	No	18331154
321	2211	4	4	1	2007	Mumbai	Good	Yes	49388462
322	3368	6	5	3	2014	Mysore	Fair	No	26631849
323	1271	1	1	1	2011	Mysore	Excellent	No	13145482
324	2917	4	3	4	1999	Kochi	Very Good	Yes	32015262
325	2411	4	5	3	2020	Bangalore	Good	Yes	41353434
326	844	1	1	3	2016	Mumbai	Good	Yes	20894776
327	4005	6	5	4	2017	Mysore	Poor	No	27773125
328	3151	4	5	4	2001	Jaipur	Good	No	26613203
329	2614	5	5	1	2012	Ahmedabad	Good	No	28119226
330	2156	2	2	2	2002	Mysore	Good	Yes	17014935
331	4203	6	5	3	2020	Ahmedabad	Excellent	No	56612523
332	4083	5	4	1	2018	Mysore	Good	Yes	35470000
333	3545	6	5	4	2024	Kochi	Fair	Yes	36381651
334	3577	6	5	3	2025	Chennai	Poor	Yes	42767704
335	4904	6	5	4	1999	Delhi	Good	No	83022602
336	1158	2	3	3	1999	Ahmedabad	Good	No	12794981
337	883	1	1	4	1999	Pune	Good	Yes	12408351
338	1476	3	3	4	2010	Ahmedabad	Very Good	Yes	17177138
339	1491	2	1	2	2016	Kochi	Good	Yes	16235443
340	1281	2	2	4	2021	Noida	Excellent	No	25923058
341	3720	5	4	1	2000	Chennai	Good	No	46382844
342	4095	6	5	3	2019	Delhi	Very Good	Yes	82261466
343	3007	4	4	2	2008	Jaipur	Excellent	No	31872518
344	2216	2	1	3	2003	Chennai	Good	No	28505833
345	1449	2	3	4	2019	Ahmedabad	Fair	Yes	15895756
346	3216	5	5	3	2007	Mumbai	Fair	No	61555307
347	1464	2	2	2	1998	Mysore	Fair	Yes	12149926
348	766	2	1	3	2025	Mumbai	Very Good	No	20122982
349	2582	5	5	3	2004	Bangalore	Poor	Yes	35048919
350	4927	6	5	3	2001	Kochi	Good	No	47235602
351	1097	2	3	2	2025	Ahmedabad	Good	No	13195870
352	4109	6	5	2	2015	Kochi	Good	Yes	43154874
353	2523	4	5	4	2010	Mumbai	Very Good	Yes	59193273
354	3278	4	3	3	2020	Coimbatore	Good	No	34347010
355	2511	4	4	1	2020	Mumbai	Good	Yes	64559133
356	1715	2	1	1	2019	Mumbai	Good	Yes	38248382
357	2924	4	5	4	2018	Mumbai	Fair	Yes	64453023
358	3366	4	5	2	2008	Mysore	Good	No	29599853
359	3775	4	4	1	2015	Bangalore	Very Good	No	64003013
360	3653	5	5	3	2025	Bangalore	Good	No	64502716
361	3091	3	3	2	2002	Ahmedabad	Good	Yes	29837471
362	4026	6	5	2	2004	Jaipur	Good	No	38780719
363	2964	4	4	3	2000	Mumbai	Good	No	58505730
364	2686	5	5	4	2017	Delhi	Good	No	50084297
365	2395	3	2	1	2019	Mysore	Fair	Yes	19174947
366	896	2	1	1	2004	Bangalore	Poor	Yes	11730049
367	781	1	2	1	2020	Coimbatore	Excellent	Yes	10340564
368	2380	4	4	3	2001	Delhi	Good	No	43813151
369	521	1	1	4	2024	Kochi	Very Good	No	7082219
370	2448	3	2	2	2016	Noida	Excellent	Yes	48241922
371	4224	5	5	3	2009	Jaipur	Very Good	No	46050523
372	2266	2	3	3	2014	Pune	Excellent	No	38354399
373	3251	5	5	2	2006	Delhi	Good	No	54871594
374	2420	4	4	4	2010	Chennai	Very Good	Yes	36887187
375	2877	4	5	2	2020	Jaipur	Good	Yes	30156279
376	1373	1	1	4	2004	Coimbatore	Good	Yes	13116420
377	1027	1	1	2	1998	Hyderabad	Very Good	No	12845979
378	3925	6	5	2	2016	Ahmedabad	Poor	No	34956074
379	3691	5	5	4	2021	Coimbatore	Very Good	No	37783960
380	4206	6	5	1	2022	Delhi	Good	Yes	78678085
381	1478	1	1	2	2013	Delhi	Fair	Yes	25907762
382	2375	2	2	2	2026	Jaipur	Fair	Yes	21169375
383	4751	6	5	4	2008	Kochi	Fair	No	41066797
384	1040	1	1	2	2015	Delhi	Good	No	20675896
385	2346	3	3	2	2025	Mysore	Good	No	22698830
386	2181	3	4	4	2015	Delhi	Very Good	Yes	42815603
387	884	1	1	4	2013	Mumbai	Good	No	19080869
388	3957	6	5	2	2000	Bangalore	Very Good	No	67211109
389	2147	3	4	3	2010	Pune	Good	No	30652851
390	1015	2	2	1	2019	Pune	Good	Yes	16713633
391	551	2	2	1	1998	Ahmedabad	Very Good	No	6816064
392	2607	4	4	2	2026	Kochi	Very Good	No	31432750
393	2033	3	3	3	2016	Delhi	Excellent	No	48335514
394	2857	4	4	1	2010	Mysore	Good	Yes	26470770
395	2635	4	5	4	2002	Pune	Poor	Yes	29867023
396	2412	4	3	1	2022	Jaipur	Fair	Yes	21021062
397	537	1	2	1	2006	Hyderabad	Very Good	No	7368484
398	2310	2	3	4	2017	Ahmedabad	Very Good	No	29061788
399	2773	5	5	2	2021	Kochi	Good	Yes	31662527
400	3721	5	5	3	2012	Chennai	Very Good	No	49605350
401	1182	2	1	4	2022	Noida	Excellent	No	23545632
402	578	1	1	4	1999	Jaipur	Very Good	No	6575135
403	705	1	1	3	2014	Mumbai	Very Good	No	17815785
404	4650	6	5	1	2001	Chennai	Very Good	No	59857770
405	1725	2	2	4	2001	Pune	Good	No	22507382
406	4755	6	5	1	2008	Chennai	Good	Yes	61604449
407	3692	6	5	4	2002	Jaipur	Very Good	Yes	34369326
408	2647	4	3	3	2021	Kochi	Good	No	29250885
409	1488	1	1	3	2020	Mysore	Good	Yes	13550798
410	2146	4	4	3	2013	Mysore	Good	Yes	18794695
411	3631	6	5	3	2010	Bangalore	Good	No	62812399
412	2994	5	5	2	2025	Chennai	Good	No	41772301
413	2381	3	3	2	2009	Jaipur	Excellent	Yes	29003267
414	2212	3	3	1	2026	Kochi	Fair	No	21767239
415	2970	4	4	4	2024	Kochi	Good	No	34884315
416	4760	6	5	3	2021	Mysore	Very Good	Yes	51753740
417	1248	2	1	3	2000	Kochi	Good	Yes	12370039
418	4187	5	5	1	2002	Mumbai	Good	No	86371377
419	1054	1	1	1	1998	Chennai	Good	No	12879560
420	2083	3	4	4	2022	Noida	Poor	Yes	27755685
421	2281	4	3	1	2020	Ahmedabad	Very Good	No	26041301
422	1777	4	3	1	2017	Noida	Poor	Yes	23755795
423	4839	6	5	2	2020	Mumbai	Very Good	Yes	118487072
424	4928	6	5	1	2009	Noida	Fair	No	69638827
425	2391	2	3	3	2020	Noida	Good	Yes	36833982
426	1909	2	2	2	2009	Noida	Very Good	Yes	34577564
427	1194	2	2	3	2021	Kochi	Good	No	12360491
428	946	1	1	2	2007	Ahmedabad	Very Good	Yes	10880823
429	3092	3	3	3	2015	Kochi	Poor	Yes	26062715
430	4359	6	5	1	2021	Mysore	Good	No	40285185
431	3896	6	5	1	2011	Chennai	Very Good	Yes	57237773
432	1719	2	2	4	2017	Delhi	Good	Yes	33317981
433	2768	4	5	4	2015	Kochi	Good	No	27946255
434	761	2	2	4	2016	Delhi	Good	Yes	14991512
435	1221	3	4	1	2007	Noida	Very Good	Yes	21837567
436	1724	1	1	2	2002	Pune	Excellent	No	26590253
437	2611	4	5	3	2022	Pune	Good	No	44998577
438	1421	3	2	4	2019	Hyderabad	Good	No	19146507
439	4770	6	5	3	2008	Hyderabad	Very Good	Yes	57002117
440	2354	2	2	2	2017	Delhi	Fair	Yes	41397085
441	3897	6	5	3	2025	Ahmedabad	Excellent	No	52345490
442	2689	4	5	4	2009	Kochi	Good	No	27552762
443	3996	6	5	1	2013	Bangalore	Very Good	No	73184430
444	1739	1	1	1	2011	Coimbatore	Excellent	No	18647244
445	3357	6	5	2	2004	Noida	Good	No	51829801
446	1954	2	1	2	2010	Jaipur	Very Good	No	19623473
447	2472	4	4	2	2013	Noida	Very Good	Yes	41450871
448	3757	4	4	2	2006	Jaipur	Poor	Yes	27287628
449	528	1	1	4	2011	Mysore	Fair	Yes	5299587
450	2655	4	4	2	2011	Coimbatore	Good	No	25794518
451	1487	1	2	3	2003	Bangalore	Very Good	Yes	26260798
452	3401	6	5	4	2011	Pune	Good	No	47708383
453	3468	6	5	4	2025	Chennai	Good	Yes	48818830
454	1208	1	1	3	2007	Kochi	Good	Yes	12429557
455	2153	2	1	3	2013	Chennai	Fair	Yes	24304234
456	1219	2	3	4	2022	Ahmedabad	Good	Yes	15647543
457	2137	4	5	3	2005	Noida	Good	No	32100910
458	2850	3	2	2	2003	Hyderabad	Good	Yes	34077352
459	1200	1	1	4	2026	Pune	Excellent	No	22667761
460	1590	1	1	1	2019	Delhi	Fair	No	27684951
461	3728	5	5	1	2003	Delhi	Fair	No	59174255
462	3337	5	5	4	2002	Mumbai	Good	No	71058169
463	982	1	2	3	2002	Ahmedabad	Very Good	No	11970121
464	2505	4	3	1	2002	Kochi	Very Good	Yes	27961538
465	2939	3	2	1	2005	Delhi	Good	Yes	47828176
466	1346	2	2	2	2001	Pune	Good	No	18791878
467	1943	3	4	3	2011	Mumbai	Good	Yes	46770683
468	2058	3	3	2	2003	Mumbai	Excellent	Yes	51093832
469	712	1	2	4	2024	Delhi	Good	Yes	15717225
470	2670	5	5	1	2002	Kochi	Fair	Yes	25464571
471	1173	2	2	3	2013	Pune	Very Good	Yes	19620519
472	2164	3	3	1	2019	Mysore	Good	No	18546288
473	3467	5	5	4	1999	Chennai	Fair	No	38656276
474	1392	2	3	1	2004	Ahmedabad	Good	No	13637459
475	705	1	2	2	2005	Bangalore	Very Good	No	11541709
476	3188	5	4	1	2006	Mumbai	Good	Yes	71621875
477	4486	6	5	1	2018	Coimbatore	Good	No	40540187
478	1069	2	1	4	2005	Chennai	Excellent	Yes	17026412
479	4907	6	5	4	2011	Pune	Excellent	No	84194956
480	2415	4	4	1	2005	Mumbai	Good	Yes	55283711
481	1925	2	2	1	2021	Mysore	Fair	No	16281185
482	3746	6	5	2	1998	Ahmedabad	Good	Yes	34434021
483	2931	3	3	2	2009	Kochi	Very Good	Yes	32396313
484	4468	6	5	3	2021	Coimbatore	Good	No	47333417
485	4448	6	5	2	2023	Chennai	Excellent	No	77156462
486	3476	4	3	2	2025	Noida	Poor	No	48256845
487	1357	2	2	2	1998	Bangalore	Fair	No	17428445
488	2149	3	2	3	2018	Coimbatore	Very Good	Yes	24872213
489	910	2	1	3	2009	Mumbai	Fair	Yes	20180615
490	3355	6	5	3	2015	Pune	Very Good	Yes	55722169
491	957	1	2	3	2016	Ahmedabad	Fair	Yes	10895872
492	1516	2	2	2	2002	Noida	Good	No	23748700
493	3472	6	5	3	1998	Kochi	Very Good	Yes	36789083
494	3123	3	4	3	2014	Chennai	Excellent	No	50159506
495	4618	6	5	2	2002	Coimbatore	Good	No	40617135
496	2556	5	5	3	2019	Coimbatore	Good	Yes	24445197
497	3445	4	5	4	2012	Kochi	Excellent	No	40578939
498	2213	3	4	4	2014	Bangalore	Good	No	35870040
499	1056	3	4	1	1998	Hyderabad	Fair	No	11064601
500	3233	4	5	4	2005	Noida	Good	Yes	50084996
501	2625	3	4	3	2020	Ahmedabad	Good	No	28014839
502	1470	2	3	3	2003	Pune	Very Good	Yes	24929076
503	3913	6	5	3	2025	Mumbai	Fair	Yes	90786497
504	2313	3	3	3	2017	Mysore	Good	Yes	20334876
505	1833	4	5	2	2003	Chennai	Good	No	25045559
506	1611	1	2	1	2016	Ahmedabad	Good	Yes	17183351
507	4501	5	5	4	2021	Hyderabad	Very Good	No	64133023
508	1443	2	1	3	2015	Bangalore	Fair	No	20690227
509	3257	6	5	4	1998	Ahmedabad	Very Good	No	33400893
510	1568	2	1	1	2024	Pune	Good	Yes	24632223
511	4642	6	5	3	2017	Delhi	Good	No	87384502
512	1977	2	2	4	2000	Mumbai	Fair	Yes	38563478
513	3576	4	5	2	2006	Bangalore	Good	Yes	53863080
514	4687	6	5	2	2020	Noida	Good	No	79677250
515	1325	1	1	3	2001	Jaipur	Good	No	12515074
516	823	2	1	1	2005	Ahmedabad	Good	No	9164967
517	4650	6	5	2	2018	Noida	Very Good	Yes	87490971
518	2425	4	4	4	2020	Coimbatore	Poor	No	20222594
519	2252	3	3	1	2026	Bangalore	Excellent	Yes	46966626
520	3892	6	5	3	2021	Hyderabad	Good	No	47948317
521	4674	6	5	4	2021	Mumbai	Fair	Yes	94686904
522	4879	6	5	3	2011	Hyderabad	Good	Yes	62046320
523	1609	3	4	1	2012	Delhi	Excellent	Yes	39504634
524	3285	5	5	3	2015	Pune	Good	Yes	47539577
525	3093	4	4	4	2002	Pune	Fair	Yes	38268464
526	545	1	2	2	2016	Noida	Good	No	9585512
527	4285	5	5	1	2008	Noida	Good	No	66487639
528	1203	1	2	1	2013	Mumbai	Good	Yes	27654783
529	1469	1	2	1	2019	Kochi	Good	Yes	15099225
530	574	1	1	3	2022	Coimbatore	Excellent	No	7342923
531	3149	4	3	3	2009	Mumbai	Excellent	No	82284085
532	4205	6	5	4	2019	Mysore	Fair	No	35319950
533	1700	2	2	3	2005	Mysore	Fair	No	13287448
534	1746	1	2	1	2018	Ahmedabad	Very Good	No	22252408
535	3172	4	4	1	2009	Coimbatore	Excellent	Yes	37008526
536	3904	6	5	2	2011	Bangalore	Excellent	No	81060543
537	1233	2	3	1	2023	Mysore	Good	Yes	12748891
538	2532	4	4	4	2010	Mumbai	Good	No	55155477
539	4973	6	5	4	2023	Mysore	Poor	No	40737315
540	870	1	1	3	2001	Coimbatore	Fair	Yes	7110943
541	3420	5	5	1	2024	Coimbatore	Very Good	No	38246710
542	3870	5	5	4	2024	Ahmedabad	Good	No	45700186
543	733	2	3	3	2013	Ahmedabad	Good	No	8478077
544	2439	3	4	4	2007	Delhi	Good	Yes	43651304
545	796	2	1	2	2016	Jaipur	Very Good	Yes	8838779
546	4286	5	4	2	2021	Ahmedabad	Good	No	50818484
547	4285	6	5	3	2002	Noida	Very Good	Yes	64647498
548	2783	3	3	1	2014	Noida	Excellent	Yes	50785824
549	2494	4	5	2	2012	Delhi	Fair	Yes	45464303
550	1798	2	2	3	2011	Delhi	Good	Yes	34581089
551	762	1	1	4	2001	Kochi	Very Good	No	8966735
552	748	2	2	2	2005	Noida	Very Good	No	12134118
553	2488	4	4	2	2007	Mumbai	Excellent	No	65241179
554	1309	2	2	1	2004	Chennai	Good	No	15014804
555	2948	4	5	3	2005	Kochi	Excellent	No	35965243
556	1172	3	3	1	2020	Ahmedabad	Good	Yes	14589263
557	2474	5	5	4	2014	Delhi	Good	No	48664953
558	4901	6	5	4	2005	Mysore	Good	Yes	38695185
559	2933	4	5	1	2013	Chennai	Very Good	Yes	44953244
560	1455	2	3	4	2021	Mysore	Good	Yes	14911261
561	4637	6	5	1	2007	Jaipur	Good	Yes	41501019
562	1748	2	2	2	2002	Pune	Very Good	No	26990386
563	4163	6	5	3	2002	Mysore	Good	Yes	34670014
564	1722	3	3	2	2026	Delhi	Very Good	Yes	38737521
565	851	1	2	2	2026	Noida	Good	No	14773960
566	4969	6	5	1	2020	Mysore	Excellent	No	51746428
567	4424	6	5	3	2005	Coimbatore	Very Good	Yes	45795726
568	3499	5	4	3	1998	Chennai	Very Good	Yes	47803355
569	4346	6	5	2	2015	Coimbatore	Good	No	39360109
570	3497	6	5	1	2013	Kochi	Excellent	Yes	47403178
571	1873	3	4	1	2022	Chennai	Good	Yes	25642983
572	4252	6	5	3	2022	Mysore	Good	Yes	42100673
573	2421	3	3	1	1999	Jaipur	Good	No	21165132
574	3556	4	4	3	1998	Delhi	Fair	Yes	56955261
575	1205	3	3	1	2024	Bangalore	Good	No	21127658
576	3454	5	5	2	2007	Chennai	Very Good	No	51395724
577	4202	5	5	4	2013	Jaipur	Excellent	No	46164174
578	1853	3	3	1	2006	Mysore	Very Good	Yes	18345249
579	2447	4	3	4	1998	Pune	Good	No	35257135
580	4339	6	5	3	2024	Coimbatore	Excellent	Yes	51460558
581	4418	6	5	2	2008	Coimbatore	Fair	Yes	33866518
582	1059	2	2	3	2007	Chennai	Fair	No	13136525
583	3393	4	4	2	2023	Ahmedabad	Very Good	No	42877423
584	815	1	1	4	2022	Pune	Very Good	Yes	14736011
585	563	1	1	3	2012	Mumbai	Good	Yes	13509150
586	566	1	2	2	2000	Hyderabad	Very Good	No	7657385
587	2111	3	3	3	2013	Chennai	Good	Yes	28872746
588	1235	2	3	1	2024	Coimbatore	Fair	Yes	12339010
589	3723	6	5	1	2007	Noida	Very Good	No	59042176
590	2764	4	4	3	2012	Delhi	Fair	Yes	45432910
591	2080	3	3	4	2015	Kochi	Good	No	23941193
592	2377	2	1	2	2025	Hyderabad	Very Good	No	33335470
593	2898	4	4	4	2019	Noida	Good	No	47766282
594	2275	3	3	4	2016	Kochi	Good	No	22905812
595	1808	2	2	1	1999	Pune	Good	No	23738154
596	2716	4	4	1	2003	Kochi	Excellent	No	32505239
597	3720	4	3	1	2012	Mysore	Excellent	Yes	36776849
598	883	1	1	3	2019	Pune	Good	No	13325535
599	703	1	2	2	2009	Hyderabad	Very Good	No	9263456
600	4847	6	5	4	2006	Mumbai	Good	Yes	108717005
601	631	1	1	2	2018	Kochi	Good	Yes	7487630
602	1250	2	3	1	2021	Coimbatore	Excellent	Yes	14565669
603	1377	3	3	2	2004	Chennai	Poor	Yes	15582601
604	1649	1	1	3	1999	Mysore	Good	Yes	13736847
605	3898	6	5	4	2014	Mysore	Good	Yes	34175014
606	2979	3	3	4	2014	Mumbai	Very Good	Yes	74881763
607	2701	4	4	4	1999	Pune	Good	Yes	39342859
608	3480	5	5	1	2014	Mysore	Very Good	Yes	35578545
609	2509	5	5	3	1998	Chennai	Very Good	Yes	34251167
610	2146	3	4	1	2022	Jaipur	Fair	No	18600103
611	3915	5	5	1	2012	Mumbai	Fair	Yes	79141339
612	3938	5	5	3	2017	Delhi	Very Good	No	88413012
613	4663	6	5	1	2024	Noida	Excellent	Yes	100144947
614	3032	4	5	2	2022	Coimbatore	Excellent	Yes	34947041
615	3430	5	5	1	2006	Mumbai	Very Good	No	78300390
616	1359	1	2	4	2016	Ahmedabad	Fair	Yes	13857901
617	1131	2	2	3	2018	Noida	Good	No	17853793
618	2948	5	5	1	2025	Mysore	Very Good	No	30197397
619	3542	4	3	3	2016	Mysore	Very Good	No	36727114
620	664	1	1	1	2024	Kochi	Very Good	No	8575029
621	4534	6	5	1	2008	Mumbai	Very Good	No	115985826
622	1903	4	4	1	2000	Delhi	Good	Yes	35534225
623	1046	2	2	1	2001	Mumbai	Very Good	Yes	23934716
624	2089	3	3	3	2012	Jaipur	Very Good	Yes	22223153
625	4073	6	5	1	2019	Chennai	Very Good	Yes	56442442
626	4050	6	5	1	2024	Mysore	Very Good	Yes	43002409
627	3095	4	5	2	2017	Delhi	Good	Yes	61918729
628	3986	6	5	4	2011	Mysore	Excellent	Yes	43649342
629	1327	3	4	3	1999	Hyderabad	Good	Yes	16859596
630	4298	6	5	2	2011	Ahmedabad	Very Good	No	51456323
631	4304	5	4	1	2011	Bangalore	Fair	Yes	63886572
632	3467	4	4	1	2000	Pune	Good	No	44551296
633	4306	5	5	1	2017	Noida	Good	No	70350895
634	4254	6	5	3	2013	Hyderabad	Good	Yes	49213756
635	1996	2	2	2	2001	Jaipur	Good	Yes	17503534
636	4942	6	5	1	2003	Pune	Fair	Yes	60357922
637	1369	3	2	3	2009	Pune	Good	No	19997861
638	2339	3	2	1	2009	Mumbai	Good	Yes	54405554
639	3516	5	5	2	2024	Jaipur	Very Good	Yes	42231616
640	2134	2	2	4	2001	Coimbatore	Very Good	No	19927840
641	3676	5	5	2	2005	Mumbai	Good	No	76772877
642	1152	2	1	1	2022	Hyderabad	Fair	Yes	13745339
643	4175	6	5	2	2013	Kochi	Good	Yes	43494023
644	4374	5	5	2	2003	Ahmedabad	Fair	Yes	39363192
645	1923	3	4	3	2014	Ahmedabad	Very Good	No	22156536
646	2816	4	4	4	2015	Bangalore	Very Good	No	55430525
647	3938	6	5	4	2003	Hyderabad	Good	No	45261066
648	1612	1	1	2	2013	Bangalore	Fair	Yes	24941921
649	1673	3	3	3	2026	Ahmedabad	Good	Yes	19073303
650	1595	2	1	1	2009	Mysore	Excellent	No	15357869
651	4610	6	5	1	2009	Delhi	Excellent	No	102753249
652	3766	4	4	1	2000	Coimbatore	Very Good	No	35521423
653	4020	5	5	3	2005	Kochi	Fair	Yes	37001664
654	4209	6	5	1	1998	Coimbatore	Good	No	38273826
655	1168	2	1	1	2014	Delhi	Fair	Yes	20420213
656	2860	4	5	2	2019	Ahmedabad	Excellent	No	38715733
657	3496	6	5	4	2021	Chennai	Good	Yes	50399748
658	3434	5	5	1	2024	Mysore	Excellent	Yes	40477919
659	2601	5	5	4	2020	Kochi	Good	No	28295979
660	4577	6	5	3	2010	Ahmedabad	Good	Yes	51116579
661	649	1	1	4	2010	Ahmedabad	Excellent	Yes	9288382
662	1356	2	1	1	2000	Coimbatore	Good	No	12128941
663	3718	5	4	1	2013	Mysore	Very Good	No	33374930
664	1882	4	4	1	2012	Noida	Very Good	No	35240427
665	2891	4	5	2	2004	Pune	Excellent	Yes	50349119
666	1067	2	2	2	2006	Delhi	Excellent	No	24942014
667	1537	2	2	3	2002	Jaipur	Excellent	No	18003230
668	2901	5	5	1	2005	Ahmedabad	Very Good	No	33375248
669	574	1	1	3	2004	Delhi	Poor	Yes	8651192
670	1443	3	3	4	2018	Noida	Good	Yes	24910558
671	3090	4	3	4	2020	Mumbai	Very Good	Yes	78042597
672	3242	4	4	3	2021	Mysore	Fair	No	27205334
673	1190	2	3	1	2023	Bangalore	Good	No	19617439
674	4991	6	5	3	2016	Noida	Fair	Yes	78135815
675	1013	1	1	1	2000	Jaipur	Good	No	8235150
676	3574	6	5	2	2012	Mysore	Good	Yes	34259214
677	3747	5	5	1	2024	Mysore	Good	Yes	33814916
678	570	1	1	4	2018	Mumbai	Fair	No	12294637
679	1852	2	2	3	2017	Kochi	Good	No	19826083
680	4852	6	5	4	2016	Chennai	Good	Yes	64532169
681	3424	6	5	3	2025	Mumbai	Good	No	79320284
682	2159	3	2	2	2020	Bangalore	Very Good	Yes	41172502
683	3789	5	4	4	2021	Mysore	Very Good	Yes	41270737
684	4573	6	5	3	2015	Hyderabad	Good	No	56834189
685	3612	5	5	4	2007	Pune	Fair	No	47797740
686	3208	6	5	4	2019	Hyderabad	Good	Yes	42239392
687	1897	3	2	4	2016	Ahmedabad	Very Good	Yes	24099870
688	1578	2	2	1	2010	Bangalore	Very Good	Yes	28574442
689	590	1	1	1	2008	Kochi	Good	Yes	6158355
690	4236	6	5	3	2015	Noida	Good	No	63149825
691	4421	6	5	3	2009	Coimbatore	Very Good	No	44687929
692	4509	5	5	3	2021	Hyderabad	Good	Yes	61272541
693	1222	2	1	2	2024	Bangalore	Good	No	21694833
694	647	1	1	2	2011	Ahmedabad	Good	Yes	7113958
695	4928	6	5	3	2009	Coimbatore	Fair	No	43457104
696	542	1	2	2	2023	Ahmedabad	Good	Yes	6510507
697	3671	6	5	4	2022	Chennai	Good	No	52304915
698	4372	6	5	1	2000	Mumbai	Good	Yes	91345856
699	3332	5	5	4	2008	Pune	Good	Yes	51320573
700	2627	4	4	1	2023	Delhi	Good	Yes	50277887
701	2050	4	4	3	2017	Chennai	Excellent	No	35031106
702	2976	3	3	1	2008	Kochi	Excellent	Yes	34182328
703	569	2	1	3	2006	Jaipur	Good	No	6036576
704	4157	6	5	1	2014	Kochi	Very Good	Yes	46745173
705	2295	3	3	2	2022	Chennai	Poor	No	26707025
706	2489	3	3	3	2008	Chennai	Good	No	30719081
707	2704	4	3	1	2018	Jaipur	Excellent	No	34380870
708	4572	6	5	3	2016	Bangalore	Good	Yes	78961155
709	1390	3	2	1	2000	Delhi	Very Good	No	27918972
710	2567	4	3	3	2024	Hyderabad	Good	Yes	31678826
711	3496	5	5	3	2008	Mysore	Very Good	Yes	32001106
712	1950	4	4	3	2004	Hyderabad	Good	Yes	22314691
713	1313	3	4	2	2024	Kochi	Very Good	No	17248848
714	4812	6	5	2	2013	Coimbatore	Good	No	41734108
715	3091	4	4	4	2008	Bangalore	Poor	No	38497312
716	3244	5	4	2	2005	Delhi	Very Good	No	61898665
717	2208	4	5	3	2005	Ahmedabad	Good	No	24347984
718	971	1	2	3	2012	Delhi	Very Good	No	20626753
719	2821	5	4	3	2002	Coimbatore	Excellent	No	32142897
720	1245	3	2	1	2016	Delhi	Excellent	No	31216569
721	1088	2	2	2	2003	Mumbai	Very Good	Yes	24731454
722	3479	4	4	4	2018	Chennai	Poor	Yes	39283819
723	2429	3	2	2	2007	Mumbai	Fair	Yes	51205347
724	3300	6	5	2	2002	Delhi	Excellent	Yes	74360766
725	4191	5	5	1	2018	Coimbatore	Good	Yes	40294232
726	1595	2	1	3	2007	Delhi	Fair	Yes	26274413
727	4657	6	5	1	2011	Mumbai	Good	Yes	102039433
728	2266	3	3	2	1998	Ahmedabad	Excellent	Yes	29125866
729	2202	2	1	4	2009	Hyderabad	Good	No	27012127
730	1125	2	1	2	2003	Ahmedabad	Very Good	No	11793438
731	658	2	1	1	2023	Mumbai	Excellent	Yes	19654935
732	1631	2	2	1	2020	Bangalore	Fair	Yes	23495422
733	3000	4	5	3	2011	Delhi	Excellent	No	70470723
734	1671	1	1	4	2017	Coimbatore	Very Good	No	16442368
735	3164	4	3	1	2001	Chennai	Good	Yes	40174610
736	1414	2	2	2	2022	Chennai	Excellent	No	23758363
737	1837	3	3	2	2003	Mumbai	Good	Yes	41019293
738	3413	5	5	4	2016	Mumbai	Fair	No	76612222
739	4809	6	5	3	2017	Jaipur	Fair	Yes	46576106
740	2457	4	4	2	2014	Bangalore	Very Good	No	48129426
741	3632	6	5	4	2002	Delhi	Poor	No	48795880
742	4593	6	5	4	2020	Jaipur	Excellent	No	52780819
743	2053	2	2	4	2019	Noida	Good	No	33180965
744	1783	3	2	3	2020	Delhi	Very Good	Yes	35917541
745	4289	6	5	1	2017	Kochi	Fair	Yes	43741605
746	3276	4	3	1	2019	Bangalore	Good	Yes	56344052
747	4943	6	5	4	2010	Pune	Good	No	66964666
748	1662	2	3	2	1998	Noida	Poor	Yes	20200274
749	3707	5	5	2	2026	Coimbatore	Excellent	No	47606100
750	745	1	1	2	2015	Noida	Good	Yes	12241392
751	4465	6	5	2	2017	Noida	Good	Yes	72430229
752	546	1	1	2	2026	Ahmedabad	Very Good	Yes	7227731
753	4399	6	5	4	2013	Jaipur	Good	No	41176901
754	2288	4	5	4	2006	Jaipur	Good	No	22845853
755	3808	4	3	4	2000	Ahmedabad	Fair	Yes	31962026
756	733	1	1	2	2013	Chennai	Good	No	10525624
757	2238	2	3	2	2006	Jaipur	Fair	Yes	18698522
758	2390	4	4	3	2014	Coimbatore	Very Good	Yes	25169575
759	4880	6	5	3	2014	Noida	Very Good	Yes	82007807
760	1065	2	1	3	2026	Ahmedabad	Very Good	Yes	14095288
761	1344	3	2	4	1998	Mumbai	Good	Yes	28588918
762	4805	6	5	4	2001	Noida	Good	Yes	72671503
763	2198	2	1	3	2017	Mumbai	Good	No	48940772
764	751	1	1	1	2020	Bangalore	Good	No	13233473
765	4010	6	5	2	2011	Delhi	Fair	No	62248929
766	2379	3	3	1	2000	Delhi	Good	No	40032024
767	2633	4	3	3	2003	Pune	Very Good	No	39654369
768	1425	1	2	3	2000	Chennai	Fair	Yes	17001621
769	960	1	1	1	2005	Mysore	Very Good	Yes	8901951
770	1433	1	2	2	2007	Mumbai	Very Good	Yes	33567150
771	2933	4	5	4	2013	Noida	Good	No	45896035
772	4774	6	5	3	2002	Pune	Excellent	No	78234175
773	4484	6	5	4	2007	Pune	Good	Yes	59698843
774	3003	4	5	4	2001	Chennai	Excellent	No	46781596
775	1444	3	3	3	2008	Mumbai	Excellent	No	39776869
776	4384	6	5	1	1999	Bangalore	Good	No	69483613
777	1267	2	2	3	2026	Pune	Good	No	20004445
778	4277	6	5	4	2010	Bangalore	Fair	No	59748504
779	2510	4	4	4	2015	Hyderabad	Good	No	31374091
780	3845	5	4	3	2003	Coimbatore	Very Good	No	37296030
781	4877	6	5	2	2017	Jaipur	Good	Yes	50101759
782	4114	6	5	2	2005	Bangalore	Very Good	Yes	65312547
783	4102	6	5	4	2019	Bangalore	Good	No	69999018
784	2596	4	4	1	2011	Delhi	Very Good	No	52979641
785	2638	3	3	2	2020	Mumbai	Very Good	Yes	65035040
786	4447	6	5	3	2016	Hyderabad	Very Good	No	62791249
787	1283	2	1	3	2008	Kochi	Poor	No	11078788
788	744	2	2	3	1998	Hyderabad	Very Good	No	9506814
789	856	2	2	3	2008	Jaipur	Good	Yes	9603379
790	2719	3	2	2	2001	Pune	Poor	No	29982019
791	4476	5	4	1	2005	Kochi	Fair	Yes	40343141
792	2073	3	4	4	2022	Kochi	Fair	Yes	20473222
793	4401	6	5	2	2020	Kochi	Good	Yes	47675809
794	2446	3	4	2	1999	Jaipur	Good	Yes	21542740
795	813	1	1	2	2007	Hyderabad	Very Good	No	9932371
796	4250	6	5	2	2017	Coimbatore	Fair	Yes	37151103
797	4342	6	5	3	1999	Ahmedabad	Very Good	No	49438008
798	3629	5	5	1	2023	Ahmedabad	Good	Yes	39003609
799	3053	4	4	3	2020	Pune	Very Good	Yes	54971646
800	4884	6	5	4	2008	Bangalore	Very Good	Yes	84705107
801	2307	4	5	3	2019	Ahmedabad	Fair	No	25162777
802	3843	5	4	4	2010	Mumbai	Excellent	No	102034041
803	1105	2	2	2	2012	Jaipur	Good	Yes	11107693
804	4917	6	5	4	2016	Hyderabad	Good	No	58629711
805	1831	2	1	2	2003	Jaipur	Good	Yes	15548085
806	3972	5	5	2	2022	Ahmedabad	Good	Yes	46615633
807	2309	4	3	2	2014	Bangalore	Very Good	Yes	43568083
808	1448	2	3	3	2023	Mumbai	Good	No	35350077
809	1817	4	3	4	2008	Pune	Very Good	Yes	30572577
810	1259	1	2	1	2020	Mumbai	Very Good	No	33825772
811	4132	5	5	2	2000	Delhi	Excellent	No	87405705
812	4640	6	5	3	1999	Mysore	Good	No	34927528
813	4583	6	5	3	2023	Mysore	Fair	No	36925830
814	1204	2	2	1	2019	Noida	Good	Yes	21960780
815	3306	6	5	2	2014	Ahmedabad	Very Good	No	39807404
816	3151	5	5	4	2000	Kochi	Good	Yes	29146198
817	2876	4	4	1	2025	Pune	Excellent	Yes	59047394
818	2019	2	2	4	2007	Jaipur	Fair	No	15938399
819	539	2	2	1	1999	Pune	Very Good	Yes	8832030
820	3762	4	4	3	2007	Bangalore	Very Good	Yes	65440227
821	4748	6	5	3	2008	Mysore	Fair	Yes	35528409
822	1450	2	1	4	2005	Pune	Good	Yes	20456768
823	2017	3	3	3	2019	Coimbatore	Very Good	No	21005000
824	3485	5	5	4	2014	Noida	Very Good	No	61131169
825	3153	5	5	1	2013	Hyderabad	Very Good	No	38965704
826	1456	2	2	4	1999	Pune	Fair	Yes	18604804
827	3515	6	5	1	2008	Jaipur	Good	Yes	35390157
828	3029	3	2	4	2018	Ahmedabad	Very Good	No	39278863
829	3610	5	5	3	2009	Delhi	Excellent	No	82284826
830	4527	5	4	3	2007	Ahmedabad	Very Good	No	50153950
831	653	1	1	4	2002	Mumbai	Good	No	14669868
832	3834	4	5	3	2015	Ahmedabad	Good	Yes	39910565
833	3426	5	4	1	2004	Bangalore	Good	No	56284215
834	1038	1	1	1	2015	Noida	Good	No	16442393
835	1193	2	3	4	2000	Kochi	Poor	No	9707882
836	2842	4	5	4	2004	Delhi	Good	Yes	52074027
837	1248	3	3	2	2007	Hyderabad	Very Good	No	15409763
838	4825	6	5	4	2010	Noida	Good	Yes	73456188
839	4651	6	5	2	2001	Bangalore	Very Good	Yes	75340132
840	520	1	1	2	2013	Kochi	Very Good	Yes	6895782
841	4863	6	5	3	2005	Kochi	Very Good	Yes	55276158
842	1025	1	1	3	2014	Pune	Very Good	No	16606372
843	936	2	3	3	2024	Jaipur	Excellent	Yes	11932899
844	3181	6	5	4	2022	Kochi	Good	Yes	33919868
845	1143	2	3	2	1999	Mysore	Good	No	10581204
846	4403	6	5	2	2008	Hyderabad	Good	No	54347403
847	2616	5	5	1	2001	Mumbai	Fair	Yes	46826201
848	4334	6	5	2	2024	Mysore	Good	Yes	40374060
849	2560	4	4	4	2007	Coimbatore	Good	Yes	25627646
850	2795	5	4	1	2000	Hyderabad	Good	Yes	30292375
851	2831	5	4	3	2021	Coimbatore	Good	Yes	29749613
852	2536	5	5	3	2013	Chennai	Very Good	Yes	36784487
853	1625	1	1	4	2011	Ahmedabad	Excellent	No	21943693
854	4801	6	5	4	2016	Delhi	Very Good	No	93012403
855	3942	6	5	4	2017	Noida	Good	No	59994937
856	560	1	1	3	2008	Kochi	Good	No	6292146
857	1851	4	3	4	2008	Hyderabad	Fair	Yes	22246663
858	4355	6	5	1	2019	Ahmedabad	Very Good	Yes	56255527
859	791	1	1	4	2012	Chennai	Good	Yes	10967376
860	1654	1	1	3	2004	Delhi	Good	Yes	31098283
861	1566	1	2	4	1998	Bangalore	Good	Yes	22773719
862	738	1	2	1	2017	Pune	Very Good	No	12721232
863	4537	6	5	1	2010	Hyderabad	Good	No	57767958
864	2156	3	4	1	2026	Hyderabad	Very Good	Yes	29929803
865	1755	4	4	3	2000	Kochi	Good	Yes	17320934
866	3793	4	4	4	2026	Kochi	Good	No	39794580
867	3204	5	5	1	1999	Mysore	Fair	Yes	26212085
868	527	1	1	1	2015	Pune	Fair	No	7480033
869	3043	4	4	3	2026	Jaipur	Poor	Yes	25010605
870	3046	5	4	3	2021	Noida	Good	No	49344145
871	2207	4	5	1	2026	Delhi	Good	No	42353495
872	3952	6	5	4	1999	Pune	Very Good	No	60803887
873	4391	6	5	1	2026	Noida	Very Good	No	86701870
874	758	1	1	4	2022	Jaipur	Very Good	No	9492363
875	3086	3	3	4	2026	Jaipur	Poor	Yes	26679363
876	1367	3	3	3	2013	Mumbai	Very Good	Yes	35131933
877	2511	5	5	2	2010	Chennai	Good	No	33049876
878	4266	6	5	1	2022	Kochi	Very Good	No	53286805
879	1756	2	1	4	2024	Ahmedabad	Very Good	No	21841563
880	1655	3	2	2	2013	Pune	Fair	Yes	22101979
881	3368	4	5	3	2003	Jaipur	Good	No	31563667
882	1642	1	1	1	2019	Delhi	Good	Yes	32995771
883	1028	1	1	2	2004	Coimbatore	Good	No	8556273
884	4237	5	5	4	2017	Mumbai	Excellent	Yes	127572969
885	4888	6	5	1	2010	Jaipur	Very Good	No	48032334
886	3881	5	5	4	2003	Noida	Very Good	Yes	61830882
887	1125	2	2	3	2019	Hyderabad	Good	No	13956490
888	2690	5	5	2	2002	Bangalore	Fair	No	38133168
889	1913	3	2	2	1999	Jaipur	Fair	Yes	15329943
890	2626	4	3	1	2006	Kochi	Fair	No	24169051
891	617	1	1	3	2024	Coimbatore	Poor	No	5655074
892	4494	6	5	3	2004	Mumbai	Very Good	No	113987488
893	2741	3	2	2	1998	Chennai	Very Good	No	37804649
894	2863	4	4	1	2004	Bangalore	Good	Yes	47455792
895	967	1	1	3	2025	Jaipur	Good	No	10980354
896	3298	5	5	2	2012	Bangalore	Fair	Yes	51266508
897	3894	6	5	1	2017	Ahmedabad	Excellent	No	55142591
898	2702	3	4	3	2013	Jaipur	Good	Yes	25450222
899	4754	6	5	3	1999	Pune	Very Good	No	70712104
900	4259	6	5	2	2003	Kochi	Very Good	No	44443067
901	1541	2	2	1	2022	Ahmedabad	Good	Yes	16997363
902	4492	6	5	2	2001	Bangalore	Good	No	69609430
903	2886	4	3	4	1998	Kochi	Good	Yes	26291793
904	1310	3	3	4	2003	Jaipur	Good	Yes	12801572
905	3903	5	5	4	2021	Jaipur	Very Good	No	41793717
906	4839	6	5	4	2021	Noida	Very Good	Yes	94335237
907	2929	4	4	2	2013	Jaipur	Poor	Yes	24337684
908	3557	5	5	4	2015	Delhi	Excellent	Yes	81882460
909	4186	6	5	2	2023	Bangalore	Very Good	No	78616626
910	4052	6	5	3	2008	Bangalore	Fair	No	62143088
911	1594	2	3	3	2019	Ahmedabad	Excellent	No	23116231
912	812	1	1	4	2009	Bangalore	Good	Yes	14045172
913	4057	6	5	2	2003	Bangalore	Fair	Yes	60948640
914	2820	3	3	3	2009	Coimbatore	Good	No	24365396
915	4066	6	5	4	2012	Pune	Very Good	No	66602429
916	929	1	1	4	2000	Pune	Good	Yes	14410980
917	2650	5	5	3	2014	Ahmedabad	Poor	No	24700932
918	4166	6	5	4	1999	Ahmedabad	Very Good	Yes	48804522
919	920	1	2	2	1999	Bangalore	Very Good	Yes	15882677
920	4002	6	5	4	2025	Kochi	Good	No	45816939
921	1902	4	5	2	2006	Ahmedabad	Very Good	No	23975992
922	2261	4	5	4	2006	Coimbatore	Very Good	Yes	24613168
923	4486	5	5	2	2021	Pune	Poor	Yes	53833101
924	2416	4	4	2	2001	Noida	Very Good	Yes	39003277
925	2673	4	3	1	2000	Coimbatore	Very Good	Yes	27399324
926	1814	2	2	1	2022	Noida	Good	No	29664466
927	2155	3	3	3	2015	Delhi	Very Good	Yes	46212646
928	1270	1	1	3	2022	Mumbai	Poor	Yes	24142984
929	1413	2	1	2	2020	Delhi	Very Good	No	32297169
930	3297	5	4	4	2018	Mysore	Good	No	31455874
931	4671	6	5	1	2015	Jaipur	Excellent	Yes	52831718
932	4764	6	5	1	2009	Bangalore	Fair	Yes	72377854
933	3526	4	5	2	2016	Delhi	Good	Yes	67364555
934	2644	4	4	2	2014	Noida	Very Good	Yes	44064207
935	4495	6	5	1	2019	Hyderabad	Good	No	52159120
936	1685	2	2	1	2005	Coimbatore	Very Good	Yes	17777941
937	2280	4	3	2	2002	Mumbai	Good	No	49365499
938	991	1	1	1	2007	Mysore	Excellent	Yes	10629418
939	1591	3	3	2	2009	Noida	Very Good	No	26548028
940	4229	6	5	3	2022	Mumbai	Very Good	No	106217396
941	1032	1	2	1	2026	Kochi	Poor	No	9724916
942	1715	3	4	4	2013	Delhi	Good	No	34859131
943	4783	6	5	4	2020	Delhi	Good	No	93802870
944	3029	4	3	3	2019	Mysore	Fair	No	27380190
945	4239	6	5	2	2005	Hyderabad	Good	Yes	48377362
946	3024	3	4	2	2000	Ahmedabad	Very Good	Yes	34723925
947	2115	3	3	3	2014	Bangalore	Good	Yes	37704241
948	3392	6	5	1	2024	Pune	Very Good	Yes	55809847
949	2203	3	3	4	2010	Kochi	Excellent	Yes	29743257
950	1730	1	2	1	2006	Chennai	Very Good	Yes	23984890
951	3049	5	4	1	2019	Kochi	Very Good	No	37155744
952	4088	6	5	1	2012	Bangalore	Very Good	Yes	76061336
953	3623	5	5	4	2001	Hyderabad	Very Good	No	48133421
954	1391	1	1	1	2004	Kochi	Excellent	No	16017955
955	2377	3	2	2	2013	Coimbatore	Good	Yes	22095601
956	1997	3	2	4	2023	Mysore	Good	No	20426227
957	4492	6	5	2	2007	Ahmedabad	Good	No	49422413
958	841	1	1	4	2017	Bangalore	Good	No	13345803
959	872	1	1	2	2005	Ahmedabad	Fair	Yes	8414566
960	4340	6	5	3	2003	Coimbatore	Poor	No	30335250
961	1859	3	2	3	2000	Hyderabad	Good	Yes	21083207
962	4022	6	5	1	2011	Hyderabad	Good	Yes	45607546
963	4803	6	5	1	2005	Jaipur	Excellent	No	53187975
964	3463	5	5	2	2018	Coimbatore	Good	Yes	32176533
965	4850	6	5	4	2018	Coimbatore	Fair	No	39326493
966	1379	2	3	1	2023	Jaipur	Good	Yes	14749258
967	4771	6	5	1	2007	Jaipur	Fair	No	40650141
968	1096	1	2	4	2019	Mumbai	Good	No	27980914
969	4766	6	5	1	2016	Delhi	Good	Yes	90607147
970	2501	4	4	1	2010	Hyderabad	Very Good	No	33013511
971	3328	5	4	4	2000	Chennai	Very Good	No	45849576
972	1321	2	2	1	2002	Coimbatore	Good	Yes	12606404
973	4399	6	5	2	2007	Hyderabad	Very Good	No	55404141
974	3122	4	3	2	2007	Hyderabad	Good	No	37024255
975	2787	5	5	4	2016	Mysore	Fair	No	22830871
976	1836	2	3	1	2010	Chennai	Good	Yes	24347128
977	4188	6	5	4	2005	Ahmedabad	Good	No	42706009
978	4873	6	5	2	2018	Mysore	Good	No	43403857
979	4444	6	5	1	1998	Coimbatore	Good	Yes	39609809
980	2591	4	5	2	2009	Coimbatore	Very Good	No	24907912
981	4912	6	5	3	2001	Delhi	Very Good	Yes	86233033
982	715	2	1	2	2014	Hyderabad	Excellent	No	10213367
983	3257	5	4	4	2005	Mysore	Good	Yes	27099559
984	4578	6	5	1	2023	Mysore	Good	Yes	40596134
985	2145	2	2	2	2001	Noida	Very Good	No	33570872
986	2273	3	4	3	2012	Noida	Very Good	No	40763572
987	1380	2	1	3	2014	Jaipur	Good	Yes	12954650
988	2663	4	3	3	2007	Coimbatore	Very Good	No	26691186
989	1291	2	2	3	1999	Jaipur	Fair	No	11280188
990	616	1	2	2	2023	Kochi	Very Good	No	7326299
991	1512	2	2	3	2018	Coimbatore	Fair	No	13870134
992	1481	2	2	1	2016	Delhi	Good	No	29872278
993	3533	4	4	2	2001	Coimbatore	Very Good	Yes	32884058
994	4235	6	5	3	2019	Jaipur	Very Good	Yes	48933562
995	2617	4	5	2	2014	Coimbatore	Very Good	No	25865117
996	827	1	1	3	2007	Mumbai	Poor	No	14489287
997	1824	3	3	1	2003	Hyderabad	Good	Yes	20563382
998	3731	4	3	3	2019	Delhi	Good	No	67825028
999	1756	3	2	2	2019	Noida	Very Good	No	32893035
1000	718	1	1	1	2026	Mumbai	Very Good	Yes	20574526
1001	2290	4	4	1	2018	Mumbai	Fair	Yes	49609781
1002	2772	3	3	4	2002	Noida	Excellent	Yes	52635338
1003	2171	4	5	2	2017	Hyderabad	Very Good	Yes	31854377
1004	4170	5	5	3	2011	Chennai	Good	Yes	54616792
1005	2071	2	2	2	2014	Kochi	Excellent	Yes	24243804
1006	4192	6	5	4	2014	Kochi	Good	Yes	41915300
1007	990	1	2	3	2014	Noida	Very Good	Yes	18783090
1008	4567	6	5	3	2017	Hyderabad	Excellent	No	66637809
1009	3165	5	5	4	2013	Ahmedabad	Good	Yes	33424979
1010	1270	1	1	4	2002	Pune	Good	Yes	18440799
1011	3815	5	4	3	2006	Ahmedabad	Poor	No	32135694
1012	877	1	1	1	2023	Pune	Excellent	Yes	16865659
1013	1104	1	1	1	2009	Pune	Good	Yes	15628004
1014	1994	4	4	2	2019	Chennai	Very Good	No	29195744
1015	951	1	1	1	2000	Noida	Very Good	Yes	16192754
1016	1410	2	2	2	2009	Kochi	Good	No	15322206
1017	4767	6	5	2	2001	Jaipur	Good	Yes	40863856
1018	2879	4	3	3	2008	Coimbatore	Fair	No	25121174
1019	1879	4	5	2	2007	Coimbatore	Fair	No	16978002
1020	4222	6	5	2	1998	Hyderabad	Good	No	47844286
1021	2424	3	4	2	2025	Delhi	Poor	No	39640883
1022	3044	4	5	3	2021	Coimbatore	Excellent	No	34523485
1023	1982	4	4	1	2026	Mysore	Fair	Yes	19185284
1024	1378	2	2	1	2023	Noida	Fair	No	21218210
1025	707	2	3	3	2003	Bangalore	Good	No	11933243
1026	1510	2	3	4	2024	Jaipur	Good	No	16599640
1027	2637	5	5	2	2025	Kochi	Good	No	32110150
1028	3456	6	5	4	2014	Hyderabad	Excellent	Yes	50334970
1029	2537	3	2	2	2025	Ahmedabad	Very Good	No	31489891
1030	3044	4	5	2	2022	Ahmedabad	Excellent	Yes	44743374
1031	4577	6	5	2	2020	Delhi	Good	Yes	96150674
1032	1507	3	2	4	2004	Noida	Excellent	Yes	28067269
1033	3964	5	5	2	2022	Delhi	Very Good	No	80945006
1034	1794	3	2	1	2005	Mysore	Very Good	Yes	16522661
1035	914	1	1	1	2020	Bangalore	Good	No	15654017
1036	4810	6	5	3	2008	Coimbatore	Fair	Yes	38020732
1037	827	1	2	3	2021	Mumbai	Excellent	No	24666299
1038	3887	6	5	3	2007	Jaipur	Fair	Yes	35675943
1039	2875	4	3	3	2013	Pune	Excellent	Yes	51672864
1040	1728	2	3	4	2025	Pune	Fair	No	26921703
1041	858	1	1	2	2008	Pune	Good	Yes	12770863
1042	2302	4	4	4	2006	Jaipur	Good	Yes	22707129
1043	3695	5	5	3	2008	Kochi	Good	Yes	34940999
1044	3951	6	5	3	2008	Mumbai	Fair	No	81926060
1045	2075	3	3	1	2009	Chennai	Very Good	No	30090826
1046	1911	2	3	4	2014	Delhi	Very Good	Yes	42955754
1047	661	1	1	4	2001	Kochi	Good	No	6629203
1048	958	2	1	4	2007	Mysore	Good	Yes	9656620
1049	2387	2	2	2	2005	Pune	Fair	No	27822621
1050	3736	4	4	1	2001	Coimbatore	Good	No	30632300
1051	4361	6	5	2	2015	Bangalore	Good	Yes	77645616
1052	2233	2	3	1	2004	Jaipur	Good	No	20259720
1053	1388	3	3	2	2001	Hyderabad	Very Good	Yes	18758115
1054	3217	5	5	2	2025	Ahmedabad	Good	Yes	37393215
1055	4907	6	5	1	2006	Coimbatore	Excellent	Yes	55587203
1056	1180	2	3	4	2007	Hyderabad	Very Good	No	15007117
1057	2864	4	5	4	2019	Delhi	Very Good	Yes	58868328
1058	2779	4	3	1	2004	Jaipur	Good	No	25847566
1059	3202	4	5	1	2012	Jaipur	Good	Yes	30552694
1060	3217	4	5	1	2018	Chennai	Good	Yes	46080255
1061	1011	1	1	2	2024	Delhi	Good	Yes	21308419
1062	568	1	1	4	2007	Kochi	Very Good	Yes	7268160
1063	2187	2	3	1	2013	Pune	Good	Yes	35335960
1064	3287	6	5	3	2009	Pune	Poor	No	37089230
1065	2206	3	3	4	2022	Bangalore	Good	No	38692260
1066	1160	2	3	4	2020	Jaipur	Good	Yes	13048646
1067	4696	6	5	3	1999	Hyderabad	Good	No	51375854
1068	1633	2	3	3	2005	Bangalore	Very Good	No	27317756
1069	4048	5	4	3	2005	Noida	Excellent	Yes	75081251
1070	3737	5	4	1	2003	Ahmedabad	Fair	No	32714624
1071	4320	6	5	3	2024	Chennai	Very Good	No	64837943
1072	1949	4	5	3	2022	Kochi	Very Good	Yes	24343071
1073	4239	6	5	3	2010	Delhi	Good	Yes	81527766
1074	4867	6	5	4	2003	Hyderabad	Excellent	No	68586622
1075	2752	5	5	1	2018	Jaipur	Fair	No	27295671
1076	3244	6	5	4	2020	Noida	Very Good	Yes	60457569
1077	1692	3	2	4	2022	Bangalore	Fair	No	25310927
1078	2160	3	3	1	2023	Noida	Good	Yes	35286351
1079	4780	6	5	2	1999	Coimbatore	Poor	Yes	35709687
1080	1360	1	1	2	2009	Pune	Fair	No	17519403
1081	936	1	1	2	2010	Jaipur	Good	Yes	8995711
1082	2484	3	4	4	2007	Bangalore	Good	Yes	39148184
1083	783	1	1	2	2020	Coimbatore	Very Good	Yes	9452892
1084	2887	5	5	3	2008	Hyderabad	Very Good	No	38624949
1085	1011	2	1	2	2003	Mumbai	Excellent	No	27382413
1086	979	1	1	3	2010	Coimbatore	Good	No	8746628
1087	1740	2	3	1	2007	Mumbai	Very Good	Yes	44300845
1088	3371	5	5	1	2019	Chennai	Fair	No	39746640
1089	665	1	1	1	2005	Jaipur	Very Good	Yes	6968356
1090	2747	4	4	2	1999	Ahmedabad	Very Good	Yes	29228945
1091	2197	2	1	2	2015	Mumbai	Very Good	Yes	58571119
1092	3879	5	5	1	2025	Mysore	Good	No	35376436
1093	2970	4	4	4	2004	Jaipur	Fair	Yes	26170226
1094	3909	5	5	3	2013	Mumbai	Good	Yes	90298955
1095	761	1	1	1	2001	Coimbatore	Fair	No	6389694
1096	3577	6	5	2	2018	Jaipur	Good	Yes	34327697
1097	3462	4	3	4	2017	Jaipur	Good	No	32131003
1098	3262	5	5	2	2015	Pune	Good	No	52004596
1099	1504	2	2	4	1999	Mysore	Good	Yes	12273611
1100	3440	5	4	2	2024	Mysore	Very Good	Yes	33975611
1101	1766	4	4	1	2023	Jaipur	Fair	No	17866574
1102	4962	6	5	4	2001	Kochi	Very Good	Yes	52205797
1103	4001	6	5	4	2018	Ahmedabad	Very Good	No	51306784
1104	1385	2	1	4	2016	Bangalore	Very Good	Yes	23885149
1105	4517	5	5	2	2008	Pune	Good	No	67581443
1106	4582	6	5	3	2004	Ahmedabad	Very Good	No	48296123
1107	3461	5	4	2	2022	Ahmedabad	Good	No	42443825
1108	3079	4	4	1	2012	Noida	Excellent	No	61047789
1109	1453	2	2	2	2016	Mumbai	Fair	No	32142132
1110	4165	6	5	1	2026	Mumbai	Good	No	103649965
1111	974	1	1	4	2007	Jaipur	Good	Yes	10126975
1112	1478	1	1	4	2016	Jaipur	Very Good	Yes	15436900
1113	1918	3	3	1	2002	Delhi	Very Good	Yes	37211427
1114	2120	2	3	2	2004	Jaipur	Good	No	19320716
1115	1990	3	3	4	2016	Delhi	Poor	No	32132252
1116	3448	5	5	2	2023	Jaipur	Fair	Yes	33927871
1117	3229	4	4	1	2014	Bangalore	Good	Yes	49937563
1118	4433	6	5	3	1998	Chennai	Very Good	No	56956409
1119	4623	6	5	3	2006	Coimbatore	Very Good	Yes	44377668
1120	2279	2	2	4	2013	Noida	Good	No	35078063
1121	4424	6	5	4	2001	Jaipur	Excellent	No	50640952
1122	3753	5	5	2	2000	Mumbai	Good	No	74330082
1123	4556	6	5	3	2026	Mysore	Very Good	Yes	51220455
1124	1135	3	4	1	2022	Pune	Good	Yes	19597492
1125	2527	5	4	3	2013	Chennai	Good	Yes	35265596
1126	4608	6	5	4	2023	Jaipur	Very Good	Yes	53528213
1127	668	1	1	1	2016	Mumbai	Good	Yes	15910379
1128	1176	2	2	1	2022	Chennai	Good	No	15835623
1129	965	1	1	4	2010	Kochi	Excellent	Yes	12391206
1130	1957	3	3	2	2015	Jaipur	Fair	Yes	17451323
1131	3315	4	4	1	2010	Hyderabad	Good	Yes	41869744
1132	2805	4	4	2	2000	Pune	Good	No	38746925
1133	3916	6	5	4	2020	Jaipur	Very Good	No	44886917
1134	4767	6	5	3	2020	Mysore	Good	No	46770688
1135	1711	3	3	4	2013	Noida	Very Good	No	32111862
1136	3865	6	5	2	2015	Kochi	Very Good	Yes	43206878
1137	4596	6	5	1	2024	Ahmedabad	Very Good	Yes	55495777
1138	1626	2	3	4	2026	Delhi	Excellent	Yes	41793939
1139	944	2	2	1	2003	Mysore	Fair	No	8132454
1140	2329	4	4	4	2014	Delhi	Fair	No	42104696
1141	1642	1	2	1	2024	Mysore	Fair	No	14828632
1142	1878	4	3	4	2001	Mumbai	Fair	No	35277940
1143	903	1	1	2	2019	Jaipur	Good	Yes	9198032
1144	824	1	1	2	2006	Chennai	Poor	No	8412196
1145	2333	3	3	1	2005	Pune	Fair	Yes	29968384
1146	1377	3	2	1	2026	Chennai	Good	Yes	19850208
1147	3182	5	5	2	2020	Ahmedabad	Poor	Yes	31599045
1148	3088	5	5	2	2013	Delhi	Excellent	Yes	72609596
1149	2994	3	3	4	2015	Kochi	Good	No	33432389
1150	4512	6	5	3	2003	Delhi	Good	Yes	76002038
1151	1834	3	2	2	2018	Bangalore	Very Good	Yes	33539790
1152	4061	6	5	2	2023	Coimbatore	Very Good	No	47428247
1153	933	1	1	2	2005	Ahmedabad	Good	No	9723177
1154	1398	2	2	1	2022	Noida	Very Good	No	24072663
1155	4904	6	5	4	2013	Bangalore	Fair	Yes	77301733
1156	2870	4	3	1	2001	Kochi	Good	Yes	25415695
1157	4502	6	5	3	2015	Kochi	Good	No	48088291
1158	4448	6	5	2	2006	Hyderabad	Very Good	Yes	55418142
1159	2809	5	5	2	2019	Hyderabad	Good	Yes	35111575
1160	1246	1	1	1	2001	Mysore	Good	Yes	10720833
1161	2794	5	5	1	2026	Pune	Excellent	No	51242100
1162	3064	3	3	3	2009	Mysore	Good	No	26444247
1163	3417	6	5	1	2003	Coimbatore	Good	Yes	29733887
1164	1434	2	1	1	2003	Delhi	Fair	No	23404997
1165	1909	3	2	4	2023	Ahmedabad	Good	Yes	20929518
1166	4319	6	5	3	2016	Bangalore	Very Good	No	77806453
1167	4744	6	5	1	2021	Hyderabad	Good	No	56238718
1168	3537	5	5	1	1998	Noida	Fair	Yes	48632573
1169	4998	6	5	2	2006	Pune	Good	No	74987294
1170	1793	2	2	4	2004	Ahmedabad	Poor	Yes	15729866
1171	622	2	3	4	2004	Mysore	Very Good	No	6611341
1172	2128	4	3	2	2003	Coimbatore	Good	No	17953471
1173	2380	3	4	1	2005	Pune	Good	No	35409133
1174	1460	2	3	2	2006	Hyderabad	Very Good	No	18521760
1175	2736	5	4	1	2023	Ahmedabad	Excellent	Yes	36106913
1176	1584	2	2	3	2023	Coimbatore	Excellent	No	19218032
1177	3189	6	5	1	2011	Noida	Very Good	Yes	52168418
1178	2060	4	3	3	1998	Jaipur	Good	Yes	17557164
1179	3093	4	5	1	2005	Chennai	Good	Yes	37201005
1180	2456	4	3	4	2022	Coimbatore	Good	Yes	23631412
1181	3278	4	4	1	2001	Mumbai	Good	No	72158400
1182	2953	5	5	2	2000	Kochi	Fair	Yes	27474905
1183	2129	3	3	4	2024	Chennai	Good	No	30095190
1184	1773	3	2	3	2000	Jaipur	Good	No	14986740
1185	2208	3	2	3	2004	Kochi	Good	No	20415633
1186	583	1	1	2	2002	Noida	Good	Yes	8638796
1187	4731	6	5	4	2011	Jaipur	Good	No	43881917
1188	3996	5	5	4	2006	Mysore	Very Good	Yes	39225437
1189	2339	3	3	1	2009	Pune	Excellent	Yes	42574824
1190	2689	4	4	3	2021	Jaipur	Very Good	No	29687925
1191	3851	5	5	2	2006	Bangalore	Very Good	No	69532709
1192	1262	3	2	3	2001	Kochi	Poor	No	9777288
1193	4949	6	5	3	2015	Coimbatore	Good	Yes	44679187
1194	4676	6	5	2	2017	Mysore	Fair	Yes	38492746
1195	4800	6	5	2	2009	Pune	Poor	Yes	55796404
1196	4948	6	5	1	2015	Chennai	Poor	No	53536053
1197	2409	3	2	3	2016	Mumbai	Good	No	58702209
1198	1697	1	1	2	2004	Mysore	Fair	Yes	13600044
1199	3242	4	4	2	2012	Hyderabad	Very Good	No	45714214
1200	1351	3	4	2	1998	Chennai	Good	No	16301306
1201	3235	4	4	2	2008	Mumbai	Fair	Yes	60530925
1202	1029	2	3	2	2008	Mumbai	Very Good	No	24121534
1203	915	2	1	2	2020	Mysore	Good	Yes	9513960
1204	4314	6	5	4	2018	Hyderabad	Very Good	No	60243703
1205	4384	6	5	2	2012	Noida	Very Good	Yes	71764096
1206	4718	6	5	3	2010	Bangalore	Poor	Yes	63379185
1207	2490	3	2	2	2017	Noida	Very Good	No	45092473
1208	1491	2	3	3	2004	Ahmedabad	Very Good	No	15844176
1209	1737	2	2	1	2026	Kochi	Fair	Yes	17849477
1210	4084	6	5	2	2007	Noida	Poor	Yes	47556321
1211	4423	6	5	1	2020	Coimbatore	Fair	Yes	39575220
1212	4946	6	5	2	2004	Noida	Excellent	Yes	89555488
1213	2590	4	5	1	2016	Jaipur	Good	Yes	27045890
1214	1198	1	1	4	2024	Hyderabad	Good	No	16526352
1215	2607	3	3	2	2008	Noida	Poor	No	34040108
1216	4568	6	5	4	2021	Ahmedabad	Very Good	No	52145173
1217	2383	2	2	4	2017	Delhi	Very Good	No	46000571
1218	3553	4	5	4	2012	Mumbai	Good	No	84222617
1219	3296	5	5	3	1999	Mysore	Fair	No	25543381
1220	3312	4	4	1	2007	Pune	Good	Yes	45809242
1221	4306	6	5	2	2004	Hyderabad	Excellent	Yes	56023310
1222	2138	3	3	1	2007	Mumbai	Very Good	No	49473197
1223	716	2	2	4	2020	Pune	Excellent	No	13590982
1224	2388	2	1	1	2022	Kochi	Very Good	No	27726289
1225	4369	6	5	4	2003	Hyderabad	Good	No	46022771
1226	3833	5	5	1	2012	Mysore	Good	No	33372954
1227	1273	2	3	4	1998	Kochi	Good	No	12035398
1228	1003	2	3	3	2010	Noida	Excellent	No	20203718
1229	4688	6	5	3	1999	Kochi	Good	No	46726861
1230	3087	5	5	1	2010	Jaipur	Good	No	28968097
1231	3930	6	5	4	2003	Jaipur	Very Good	No	38523724
1232	1146	3	2	4	2015	Ahmedabad	Good	No	12785123
1233	2087	3	2	4	2021	Noida	Excellent	No	43156063
1234	1489	1	1	1	2023	Bangalore	Excellent	No	30864683
1235	4722	6	5	4	2021	Chennai	Fair	No	61823215
1236	2374	3	4	4	2024	Hyderabad	Good	Yes	31080061
1237	1154	3	4	1	2025	Hyderabad	Very Good	No	16266536
1238	1048	1	1	3	2023	Coimbatore	Good	Yes	11032749
1239	1327	2	2	3	2000	Ahmedabad	Good	Yes	15000424
1240	1640	2	3	3	2020	Ahmedabad	Fair	No	18390279
1241	2293	4	5	2	2008	Hyderabad	Excellent	No	33312671
1242	2329	2	3	2	2003	Jaipur	Fair	Yes	18797949
1243	3181	4	4	4	2017	Kochi	Good	Yes	32636733
1244	4915	6	5	2	2019	Hyderabad	Excellent	No	75980282
1245	1305	2	2	3	2003	Hyderabad	Good	Yes	16718864
1246	2249	3	3	4	2022	Mumbai	Very Good	Yes	57934954
1247	4199	6	5	4	1998	Chennai	Good	No	52393253
1248	2669	3	4	1	1998	Noida	Very Good	Yes	42339485
1249	978	1	1	3	1999	Mumbai	Very Good	No	21768657
1250	885	1	1	3	2013	Noida	Good	Yes	15511480
1251	4456	6	5	1	2024	Noida	Very Good	No	88587279
1252	697	2	3	1	2022	Mysore	Good	Yes	8005243
1253	773	2	2	2	1999	Mumbai	Fair	Yes	15786086
1254	2136	3	3	4	2018	Bangalore	Fair	No	31064115
1255	2711	3	4	2	2001	Mysore	Fair	Yes	20820773
1256	4611	6	5	3	2015	Kochi	Excellent	Yes	60257303
1257	769	2	1	2	2025	Chennai	Fair	No	9904709
1258	734	1	2	4	2011	Jaipur	Good	Yes	8485408
1259	2805	4	5	1	2020	Noida	Very Good	Yes	48322960
1260	4799	6	5	2	2017	Noida	Excellent	No	97062886
1261	2943	5	5	4	2011	Ahmedabad	Good	Yes	30370714
1262	619	1	1	2	2020	Mysore	Good	No	5994462
1263	3148	4	3	4	2020	Delhi	Very Good	No	65133460
1264	3831	6	5	1	2018	Coimbatore	Excellent	Yes	43209420
1265	1845	4	4	3	2000	Mysore	Good	Yes	16048088
1266	2910	4	5	4	2001	Delhi	Good	No	47143311
1267	3732	6	5	3	2013	Delhi	Excellent	No	88206965
1268	4898	6	5	4	2009	Noida	Very Good	No	83604173
1269	4008	5	4	1	2005	Jaipur	Fair	Yes	32101241
1270	2042	4	4	3	2020	Mumbai	Good	No	52231490
1271	4808	6	5	4	2002	Noida	Very Good	Yes	77734162
1272	4132	6	5	1	2006	Mumbai	Very Good	Yes	105179849
1273	3365	5	5	1	2006	Ahmedabad	Fair	No	33256066
1274	1327	2	2	4	2011	Jaipur	Very Good	Yes	14278344
1275	1216	2	1	1	2025	Delhi	Poor	Yes	19887333
1276	3005	5	5	4	2023	Jaipur	Excellent	No	35037223
1277	3086	3	2	3	2014	Kochi	Very Good	No	33579031
1278	3466	5	5	1	2000	Jaipur	Very Good	Yes	34161102
1279	1673	2	2	4	2026	Mumbai	Poor	Yes	34033030
1280	4444	6	5	1	2020	Mumbai	Very Good	Yes	118418319
1281	2306	4	3	2	2025	Coimbatore	Poor	No	19606182
1282	1888	2	2	1	2021	Chennai	Very Good	Yes	29567464
1283	4508	6	5	2	2001	Bangalore	Good	Yes	66011071
1284	2840	3	4	1	2005	Chennai	Good	No	32726611
1285	1187	3	3	3	2024	Jaipur	Good	No	13287026
1286	3593	5	5	2	2026	Pune	Very Good	No	58985126
1287	4956	6	5	4	2002	Jaipur	Poor	No	38715637
1288	4222	6	5	3	2021	Mumbai	Excellent	No	129522711
1289	1748	2	3	2	1999	Hyderabad	Good	No	21114403
1290	3697	6	5	4	2005	Chennai	Poor	No	35745444
1291	2559	3	3	4	2022	Noida	Fair	No	39151699
1292	4083	6	5	1	2021	Kochi	Fair	No	41453359
1293	1894	3	4	3	2000	Noida	Good	Yes	28356143
1294	2774	5	5	1	2004	Noida	Good	No	42276393
1295	1280	1	1	4	2026	Kochi	Good	No	14211624
1296	3798	6	5	3	2016	Chennai	Excellent	No	57283471
1297	2989	3	4	1	2021	Delhi	Excellent	Yes	75738929
1298	4345	6	5	3	2022	Delhi	Good	Yes	83767985
1299	3629	4	4	2	2010	Bangalore	Good	Yes	60388350
1300	824	1	1	2	2000	Jaipur	Poor	No	6329513
1301	1372	3	3	4	2001	Kochi	Poor	No	12129040
1302	906	2	2	1	2009	Kochi	Excellent	Yes	12604372
1303	2717	3	2	1	2023	Kochi	Very Good	Yes	32721550
1304	2563	5	4	1	2017	Ahmedabad	Good	Yes	29256552
1305	1832	3	3	2	2017	Ahmedabad	Excellent	No	22902534
1306	2743	3	3	3	2022	Mysore	Good	Yes	24334074
1307	4334	6	5	3	2011	Chennai	Fair	No	47936213
1308	607	1	2	1	1999	Mumbai	Very Good	Yes	15167864
1309	1503	3	3	2	2003	Hyderabad	Very Good	Yes	19109090
1310	4567	6	5	2	2017	Hyderabad	Excellent	Yes	64514425
1311	734	2	1	3	2011	Chennai	Excellent	Yes	12281418
1312	2052	4	4	4	2015	Pune	Fair	No	28475234
1313	1674	3	3	3	2013	Noida	Fair	No	26226796
1314	3142	3	2	3	2022	Jaipur	Very Good	Yes	37425098
1315	2511	3	2	4	2020	Noida	Good	No	40724972
1316	2004	3	2	3	2004	Chennai	Excellent	Yes	32271254
1317	3745	5	4	2	2010	Bangalore	Good	Yes	64409601
1318	1932	3	3	1	2009	Bangalore	Good	Yes	33742596
1319	1438	2	2	3	2013	Pune	Excellent	Yes	28235307
1320	3796	6	5	4	2022	Coimbatore	Good	No	38398583
1321	3899	6	5	2	2017	Mysore	Good	Yes	36536868
1322	4313	6	5	4	2026	Ahmedabad	Very Good	No	57421078
1323	4903	6	5	4	2016	Coimbatore	Fair	No	39334151
1324	2426	4	4	4	2004	Mysore	Good	Yes	20254072
1325	4469	6	5	3	2021	Chennai	Excellent	No	70364246
1326	4927	6	5	4	2005	Pune	Good	No	65446347
1327	3496	5	5	4	2013	Jaipur	Good	Yes	34802472
1328	827	1	1	2	2021	Delhi	Very Good	Yes	16870233
1329	1453	2	2	4	2004	Coimbatore	Very Good	No	15651000
1330	2475	4	3	2	2020	Mysore	Excellent	No	29250160
1331	4928	6	5	1	2013	Mumbai	Excellent	No	125406675
1332	3954	5	5	3	2001	Bangalore	Excellent	No	66611236
1333	3968	5	5	3	2010	Coimbatore	Very Good	No	42072000
1334	4723	6	5	4	2008	Mysore	Very Good	Yes	44268621
1335	2853	4	3	3	2021	Kochi	Very Good	Yes	36642335
1336	1984	4	5	1	2012	Mysore	Good	No	18093823
1337	2717	4	5	1	2014	Noida	Very Good	Yes	47743863
1338	4085	6	5	2	2009	Bangalore	Very Good	No	68932581
1339	1703	3	4	2	2016	Noida	Good	Yes	29559634
1340	4641	6	5	3	2015	Ahmedabad	Fair	No	44516334
1341	3346	5	5	4	2001	Bangalore	Very Good	Yes	55099367
1342	1040	2	3	1	2003	Ahmedabad	Very Good	No	11409487
1343	2132	3	4	4	2017	Coimbatore	Excellent	Yes	26809514
1344	4289	5	5	1	2000	Noida	Good	No	58470822
1345	3852	6	5	2	2007	Hyderabad	Very Good	No	46470512
1346	1625	2	1	3	2012	Pune	Fair	No	22063561
1347	1691	1	2	1	2024	Noida	Very Good	Yes	29851219
1348	2262	3	4	2	2001	Jaipur	Good	Yes	22191905
1349	2947	3	2	3	2003	Jaipur	Good	Yes	26423514
1350	3990	6	5	2	2009	Jaipur	Fair	No	36659905
1351	2716	4	3	1	2016	Ahmedabad	Very Good	No	34366335
1352	2940	4	4	4	2012	Ahmedabad	Fair	Yes	27650884
1353	2191	3	2	1	2005	Hyderabad	Good	No	25641815
1354	4815	6	5	2	2025	Delhi	Very Good	Yes	104884798
1355	2520	4	4	1	2003	Hyderabad	Poor	Yes	23193312
1356	2769	5	5	4	2018	Pune	Very Good	No	44199337
1357	4917	6	5	3	2017	Jaipur	Very Good	No	49814847
1358	4811	6	5	1	2023	Kochi	Good	Yes	54283433
1359	2918	4	4	2	2008	Jaipur	Very Good	No	30145931
1360	2408	4	4	2	1999	Hyderabad	Good	Yes	27435978
1361	4704	6	5	4	2012	Kochi	Excellent	No	54276517
1362	729	2	2	2	2012	Hyderabad	Good	No	9998436
1363	2559	4	5	1	2021	Chennai	Good	No	37355568
1364	4057	5	5	3	2009	Hyderabad	Fair	Yes	43303271
1365	3954	5	4	2	2014	Hyderabad	Good	No	49908667
1366	2448	4	5	2	2005	Ahmedabad	Good	No	23736075
1367	2689	4	3	1	2007	Mumbai	Very Good	Yes	64846630
1368	4364	6	5	2	2025	Jaipur	Excellent	No	55153967
1369	4102	6	5	4	2002	Ahmedabad	Excellent	No	49186223
1370	515	1	1	3	2021	Hyderabad	Fair	Yes	6356143
1371	4538	6	5	1	2007	Jaipur	Very Good	No	42749287
1372	785	1	2	4	2003	Hyderabad	Excellent	No	10938283
1373	1571	2	2	4	2000	Mysore	Good	Yes	14193070
1374	930	2	2	2	2006	Chennai	Good	No	12532545
1375	1308	3	2	2	2003	Ahmedabad	Good	Yes	13695596
1376	1258	1	1	1	2022	Chennai	Poor	No	14139545
1377	2926	5	5	4	2002	Delhi	Very Good	No	53361127
1378	3193	4	4	3	2011	Ahmedabad	Very Good	No	37303384
1379	1896	4	3	2	2022	Pune	Poor	No	26237168
1380	1470	2	2	3	2015	Jaipur	Good	Yes	16035213
1381	1237	2	2	1	2025	Kochi	Very Good	Yes	15568527
1382	1381	2	2	1	2020	Hyderabad	Good	Yes	17354593
1383	2093	3	4	4	2005	Kochi	Good	No	19730333
1384	1698	3	2	2	2011	Delhi	Very Good	No	33317039
1385	3183	5	5	1	2020	Pune	Good	No	49073849
1386	2750	4	4	3	2012	Hyderabad	Excellent	Yes	42867677
1387	1377	2	2	2	1999	Coimbatore	Poor	No	10441757
1388	2583	5	5	2	2005	Delhi	Very Good	Yes	51888717
1389	4916	6	5	3	1999	Bangalore	Good	Yes	69790911
1390	4366	5	5	1	2012	Kochi	Good	Yes	42963138
1391	4008	5	5	1	1998	Jaipur	Poor	Yes	28890673
1392	2627	4	4	2	2018	Mumbai	Very Good	No	62952894
1393	2771	3	3	4	1998	Coimbatore	Very Good	No	27374375
1394	930	1	1	4	2019	Kochi	Good	Yes	10335959
1395	1824	4	3	4	2002	Kochi	Excellent	Yes	20734184
1396	1700	1	1	1	2025	Noida	Very Good	Yes	29589450
1397	556	1	1	4	2011	Chennai	Fair	Yes	7905118
1398	1672	1	1	2	2007	Hyderabad	Good	Yes	19056224
1399	2113	4	3	2	2006	Coimbatore	Fair	No	17451856
1400	2773	5	5	2	2019	Noida	Poor	No	37045568
1401	3677	5	4	3	2024	Bangalore	Good	Yes	67292576
1402	2072	3	4	1	2008	Mysore	Very Good	Yes	21743810
1403	3054	4	4	4	2013	Chennai	Good	No	38288789
1404	3514	5	4	4	2014	Mumbai	Excellent	No	98075436
1405	2772	3	3	3	2000	Mysore	Good	Yes	22288015
1406	921	1	1	3	2024	Kochi	Very Good	Yes	12095962
1407	1394	3	3	4	2023	Hyderabad	Excellent	No	22567304
1408	2030	3	4	3	2006	Jaipur	Good	No	18183460
1409	1022	1	1	4	2005	Mumbai	Good	Yes	22477809
1410	2175	2	3	3	2016	Ahmedabad	Very Good	Yes	24727893
1411	1870	3	3	1	2025	Bangalore	Fair	Yes	28040987
1412	1107	3	3	3	2016	Pune	Good	Yes	18049109
1413	722	2	3	1	2025	Mumbai	Good	Yes	20128521
1414	3950	5	5	1	2017	Bangalore	Very Good	Yes	75475924
1415	4148	6	5	2	2016	Ahmedabad	Fair	No	42828005
1416	726	2	2	1	2019	Coimbatore	Good	Yes	7620384
1417	4301	5	5	2	2000	Chennai	Good	No	54213919
1418	3169	5	5	1	2010	Jaipur	Very Good	Yes	32152172
1419	2189	4	4	1	2016	Jaipur	Excellent	Yes	26435401
1420	3686	5	5	2	2013	Mumbai	Fair	Yes	77720113
1421	2294	3	3	3	2022	Kochi	Good	Yes	25668769
1422	2421	2	2	4	1999	Noida	Poor	Yes	26400187
1423	2221	2	3	1	2009	Bangalore	Fair	No	30168839
1424	2055	2	3	3	2008	Kochi	Very Good	Yes	23742340
1425	3712	5	4	1	2010	Pune	Very Good	No	60332968
1426	2980	4	5	4	1999	Mysore	Excellent	No	29481636
1427	4622	6	5	4	2015	Hyderabad	Good	Yes	54504424
1428	2945	4	4	1	2025	Kochi	Fair	No	28025692
1429	2382	3	3	2	2022	Noida	Very Good	No	44669937
1430	1001	1	1	3	2004	Pune	Excellent	Yes	16969966
1431	1739	3	2	1	2001	Pune	Excellent	No	30475955
1432	2597	5	5	2	2014	Jaipur	Fair	Yes	25421036
1433	2521	4	3	3	2024	Hyderabad	Good	Yes	32295987
1434	3530	5	5	2	2001	Hyderabad	Fair	No	33520081
1435	3589	4	4	2	2024	Hyderabad	Very Good	No	49797257
1436	1033	1	1	2	2007	Kochi	Excellent	Yes	13277598
1437	3207	4	4	2	2023	Ahmedabad	Good	Yes	34573436
1438	4437	6	5	3	2016	Coimbatore	Good	Yes	41090758
1439	4807	6	5	3	2005	Pune	Very Good	No	71072594
1440	1852	3	2	2	2000	Hyderabad	Good	No	21882986
1441	4092	6	5	4	1998	Jaipur	Good	Yes	39185715
1442	1642	2	2	4	2015	Noida	Very Good	Yes	28883455
1443	4974	6	5	3	2015	Chennai	Excellent	No	76166684
1444	1910	4	3	4	2023	Jaipur	Good	Yes	21592175
1445	3284	6	5	3	2016	Ahmedabad	Fair	Yes	33291602
1446	1248	2	3	4	2024	Jaipur	Good	No	13341151
1447	4996	6	5	4	2006	Kochi	Poor	Yes	43058557
1448	2858	4	4	2	2000	Hyderabad	Good	Yes	33528005
1449	4457	6	5	2	2019	Ahmedabad	Good	Yes	50155034
1450	4236	6	5	4	2006	Coimbatore	Very Good	No	42558104
1451	4395	6	5	4	2014	Ahmedabad	Good	No	49443867
1452	2032	2	3	2	1999	Delhi	Excellent	No	44326528
1453	2109	4	4	4	2020	Bangalore	Very Good	No	37300791
1454	2336	4	5	3	2003	Delhi	Good	No	38455755
1455	3374	5	5	3	2007	Kochi	Very Good	No	37043509
1456	705	1	2	4	2009	Ahmedabad	Fair	No	7819218
1457	4414	6	5	4	2024	Noida	Good	No	77615040
1458	2956	3	3	4	2012	Bangalore	Good	No	44810452
1459	1164	3	3	1	2001	Delhi	Good	No	19394620
1460	4880	6	5	3	2023	Mumbai	Good	No	126884702
1461	3109	5	5	4	2026	Hyderabad	Very Good	Yes	47128606
1462	1111	2	2	1	2001	Chennai	Excellent	No	17767668
1463	4891	6	5	3	2022	Ahmedabad	Good	No	53937210
1464	3425	4	4	1	2016	Jaipur	Fair	No	30861760
1465	1874	3	3	1	2016	Mumbai	Excellent	No	48978231
1466	4718	6	5	4	2026	Kochi	Good	Yes	48953035
1467	1937	2	1	3	2016	Chennai	Very Good	No	27440038
1468	2217	2	2	1	2026	Chennai	Poor	Yes	24718827
1469	2005	3	4	2	2011	Coimbatore	Very Good	No	20884566
1470	2423	3	3	1	2006	Bangalore	Good	No	37641111
1471	3864	5	4	1	2021	Noida	Fair	Yes	62051443
1472	1729	3	3	3	2008	Noida	Good	Yes	25708263
1473	2373	3	4	1	2009	Kochi	Fair	Yes	23001006
1474	3346	5	5	1	2022	Delhi	Excellent	No	83679777
1475	3570	5	5	1	2014	Mysore	Very Good	No	37185655
1476	4813	6	5	4	2001	Mumbai	Excellent	Yes	113721073
1477	2977	4	5	2	2002	Mumbai	Fair	No	56319963
1478	4274	6	5	4	2000	Coimbatore	Very Good	No	41670681
1479	1376	2	2	1	2026	Hyderabad	Good	No	17867598
1480	4955	6	5	1	2008	Jaipur	Poor	Yes	34743688
1481	542	1	1	3	2005	Mysore	Good	Yes	5335661
1482	2689	5	5	3	2024	Hyderabad	Fair	Yes	30191815
1483	4596	6	5	2	2021	Bangalore	Good	Yes	74930197
1484	754	1	1	4	2001	Chennai	Good	No	10118554
1485	3890	6	5	3	2018	Chennai	Good	No	56135000
1486	1735	1	2	4	2024	Ahmedabad	Very Good	Yes	22621079
1487	1370	2	2	2	2002	Chennai	Very Good	No	19282285
1488	2802	3	3	2	2016	Chennai	Good	No	34297782
1489	1310	1	1	3	2019	Mumbai	Good	No	32488137
1490	3927	6	5	1	2007	Chennai	Excellent	No	58843287
1491	873	2	2	3	2008	Coimbatore	Fair	Yes	8269131
1492	3503	4	5	2	2018	Bangalore	Very Good	Yes	60091804
1493	1997	2	1	4	2005	Pune	Very Good	No	30685018
1494	1267	2	2	1	2012	Mysore	Fair	No	10745245
1495	3739	4	3	4	2021	Chennai	Fair	Yes	49826193
1496	2383	3	2	2	2018	Pune	Good	No	38557931
1497	2049	4	4	4	2002	Pune	Excellent	Yes	34501356
1498	4420	6	5	3	2022	Bangalore	Good	Yes	74875703
1499	2717	4	4	1	2000	Ahmedabad	Good	Yes	26571379
1500	3524	4	4	3	2006	Coimbatore	Fair	No	30144362
1501	2475	5	5	4	2000	Noida	Good	Yes	38160381
1502	3521	6	5	4	2005	Kochi	Good	No	32989461
1503	1710	2	1	4	2002	Delhi	Good	No	31780731
1504	1761	4	3	1	2020	Kochi	Good	No	20526874
1505	2910	5	5	3	2024	Noida	Good	Yes	51706027
1506	2251	3	3	2	2023	Hyderabad	Very Good	No	34060910
1507	2207	3	2	1	2019	Chennai	Very Good	No	32245458
1508	700	1	1	1	2026	Mumbai	Good	Yes	17622131
1509	3236	5	5	3	2023	Coimbatore	Good	No	32747263
1510	2004	4	3	3	2014	Ahmedabad	Good	Yes	23310220
1511	2380	2	2	3	2004	Bangalore	Good	No	36259147
1512	1186	2	2	3	2006	Hyderabad	Poor	Yes	12927809
1513	2287	4	4	1	2005	Noida	Very Good	No	35225689
1514	2715	4	4	2	2001	Ahmedabad	Very Good	Yes	28451240
1515	2341	3	4	4	2016	Kochi	Very Good	No	25200588
1516	3557	5	5	1	2016	Mysore	Good	Yes	31849510
1517	935	1	2	1	2005	Chennai	Good	Yes	12551422
1518	1954	3	2	2	2004	Ahmedabad	Good	No	19811394
1519	971	1	2	3	2020	Bangalore	Good	Yes	17834398
1520	1367	3	3	1	2008	Chennai	Good	No	17372002
1521	3853	5	4	2	2025	Noida	Good	No	65300429
1522	2141	2	2	4	2022	Delhi	Very Good	Yes	43091956
1523	542	1	1	4	2015	Kochi	Excellent	No	7301762
1524	4540	6	5	2	2003	Jaipur	Very Good	Yes	48633793
1525	1848	3	3	3	2022	Coimbatore	Good	No	17773167
1526	644	2	1	2	2004	Pune	Very Good	No	11113418
1527	4987	6	5	3	2001	Bangalore	Fair	Yes	70238583
1528	3491	5	5	4	2016	Mysore	Fair	Yes	30389321
1529	1745	2	3	3	2018	Delhi	Good	No	35051418
1530	4967	6	5	1	2005	Ahmedabad	Poor	Yes	42004988
1531	1917	2	2	2	2018	Chennai	Fair	Yes	23278958
1532	3567	5	5	2	2009	Hyderabad	Very Good	Yes	47878454
1533	2975	5	5	1	2025	Bangalore	Very Good	Yes	57149382
1534	3850	5	5	2	2021	Jaipur	Fair	No	36705450
1535	4459	6	5	2	2016	Pune	Good	No	68002433
1536	2224	2	1	1	2021	Coimbatore	Good	No	21068755
1537	1394	2	2	3	2020	Noida	Good	Yes	23498748
1538	2881	4	4	1	2007	Pune	Fair	No	37931588
1539	1975	4	5	1	2006	Mysore	Good	No	17339018
1540	1704	3	4	1	2012	Coimbatore	Fair	No	16043227
1541	3313	5	4	2	2022	Hyderabad	Fair	No	35992035
1542	3187	5	5	1	2013	Coimbatore	Very Good	Yes	33167597
1543	4188	6	5	2	2025	Coimbatore	Very Good	Yes	45939862
1544	2099	2	2	4	2013	Mysore	Fair	Yes	16239144
1545	3485	4	4	2	2005	Hyderabad	Good	Yes	37873529
1546	2566	4	4	1	2012	Mysore	Poor	No	18448085
1547	3034	3	2	1	2020	Ahmedabad	Very Good	Yes	38719586
1548	3384	4	4	2	2016	Hyderabad	Good	Yes	43226103
1549	1400	2	1	4	2019	Jaipur	Very Good	Yes	15702291
1550	2480	3	3	3	2014	Coimbatore	Very Good	Yes	26592997
1551	623	2	2	3	2013	Mumbai	Poor	Yes	12123904
1552	1749	2	2	1	2011	Chennai	Very Good	No	22951801
1553	1652	3	3	4	2015	Kochi	Fair	Yes	16398518
1554	3401	4	3	3	2001	Pune	Good	Yes	45381468
1555	2668	4	5	2	2024	Jaipur	Very Good	No	29308770
1556	3258	5	5	2	2024	Ahmedabad	Poor	Yes	31045965
1557	1053	2	3	3	2012	Delhi	Good	No	18997437
1558	3067	4	3	4	2022	Bangalore	Excellent	Yes	64869663
1559	2412	3	4	3	2011	Pune	Fair	Yes	34567608
1560	1579	2	2	4	1999	Noida	Good	Yes	22768314
1561	758	1	1	3	2012	Mumbai	Good	No	18705430
1562	4780	6	5	1	2004	Pune	Good	No	70574304
1563	1202	1	1	4	1999	Mumbai	Good	No	23442915
1564	2435	2	2	3	2000	Bangalore	Very Good	No	39513417
1565	821	2	3	4	2014	Hyderabad	Good	No	11710445
1566	3261	5	4	2	2014	Kochi	Fair	No	32622326
1567	1249	2	1	4	2003	Delhi	Excellent	Yes	25347307
1568	1661	1	2	4	2012	Pune	Good	No	25979598
1569	1379	3	2	1	2013	Delhi	Good	No	24992320
1570	2047	3	4	2	2011	Mumbai	Good	No	44740061
1571	2339	2	2	2	2025	Bangalore	Excellent	No	48338490
1572	4010	6	5	1	2023	Pune	Very Good	No	66434620
1573	1241	2	2	2	2002	Mumbai	Fair	Yes	22455447
1574	4815	6	5	3	2007	Hyderabad	Very Good	Yes	61000427
1575	3935	6	5	2	2002	Mysore	Good	Yes	34445447
1576	1663	1	1	4	2026	Hyderabad	Excellent	Yes	27749466
1577	2997	5	5	3	2010	Pune	Good	Yes	46323020
1578	1217	3	3	2	2014	Chennai	Very Good	Yes	18951708
1579	3052	4	3	4	2008	Pune	Excellent	No	51529994
1580	504	1	1	4	2007	Kochi	Very Good	Yes	6361771
1581	1980	2	1	2	2023	Noida	Very Good	Yes	35807894
1582	1186	1	1	3	2019	Bangalore	Fair	Yes	18339400
1583	4857	6	5	1	2007	Mysore	Very Good	No	46651784
1584	2975	4	3	1	2002	Jaipur	Good	No	26205186
1585	4185	6	5	3	2020	Pune	Good	Yes	60930971
1586	1162	2	3	1	2003	Noida	Excellent	No	21691482
1587	3480	4	4	2	2022	Bangalore	Excellent	Yes	76199939
1588	3511	4	4	3	2006	Coimbatore	Good	No	32876556
1589	4508	6	5	2	2008	Chennai	Poor	Yes	43079001
1590	994	1	1	2	2013	Chennai	Very Good	Yes	13995793
1591	4049	6	5	4	2003	Coimbatore	Excellent	No	40007379
1592	2298	3	2	4	2004	Bangalore	Very Good	Yes	38341388
1593	3662	6	5	4	2006	Coimbatore	Very Good	No	35900853
1594	3135	3	2	3	2025	Noida	Good	Yes	55068932
1595	2341	2	1	1	2006	Coimbatore	Good	No	19171771
1596	4780	6	5	3	2002	Hyderabad	Good	No	53434733
1597	4250	5	5	3	2017	Delhi	Poor	Yes	62895499
1598	3660	4	5	3	2006	Noida	Good	Yes	54274948
1599	2232	3	3	3	2012	Mysore	Good	Yes	20586959
1600	3024	5	5	2	2011	Mysore	Very Good	No	27917987
1601	605	1	1	2	2007	Jaipur	Excellent	Yes	7574930
1602	1205	3	2	2	2020	Pune	Good	No	19563366
1603	4488	5	5	1	2009	Delhi	Excellent	No	92957307
1604	3475	4	5	3	2008	Ahmedabad	Good	No	37317393
1605	4024	5	4	4	2008	Mumbai	Good	No	90893556
1606	3245	4	5	3	1998	Bangalore	Very Good	No	51124685
1607	4355	6	5	4	2010	Jaipur	Good	Yes	38652101
1608	2037	2	2	2	2002	Delhi	Very Good	Yes	38960423
1609	4257	6	5	4	2010	Delhi	Fair	Yes	73563829
1610	3741	5	4	4	2002	Mumbai	Very Good	Yes	93565452
1611	1866	2	1	2	2024	Chennai	Poor	Yes	21713114
1612	1637	1	1	4	2017	Pune	Very Good	Yes	29328459
1613	1548	3	3	3	2012	Bangalore	Good	No	24957885
1614	2866	4	3	1	2025	Hyderabad	Good	No	35589206
1615	1580	3	4	3	2009	Delhi	Very Good	Yes	32478288
1616	3455	5	4	1	2024	Noida	Very Good	Yes	60677151
1617	1928	4	4	3	2020	Hyderabad	Very Good	Yes	29797926
1618	4915	6	5	1	1999	Chennai	Good	No	54145019
1619	1234	2	2	1	2002	Hyderabad	Good	No	13967329
1620	2364	3	3	1	2021	Kochi	Good	Yes	24954818
1621	1698	1	1	3	2000	Hyderabad	Excellent	No	21028229
1622	977	1	2	1	2006	Ahmedabad	Good	Yes	11004469
1623	2123	2	1	3	2017	Mysore	Good	Yes	20894498
1624	3623	6	5	4	2005	Kochi	Fair	No	30684151
1625	2207	4	5	2	2022	Coimbatore	Good	Yes	21479304
1626	3419	5	4	3	1999	Chennai	Very Good	Yes	45512240
1627	3118	3	3	2	2016	Hyderabad	Good	No	37820766
1628	4393	6	5	3	1999	Ahmedabad	Very Good	No	46397274
1629	550	1	2	4	2007	Mysore	Excellent	No	6661035
1630	1505	2	3	1	2004	Mysore	Good	Yes	13301290
1631	4678	6	5	4	2006	Chennai	Very Good	Yes	69145058
1632	2305	4	4	1	2017	Chennai	Excellent	Yes	39919687
1633	3717	5	4	4	2000	Kochi	Good	Yes	38310939
1634	4305	6	5	2	2020	Pune	Fair	No	63037461
1635	2666	4	4	2	2023	Pune	Good	No	44291573
1636	3167	5	4	3	2025	Delhi	Very Good	Yes	73510299
1637	2160	3	3	4	2025	Mumbai	Excellent	Yes	67748114
1638	2220	2	2	2	2012	Pune	Good	No	30406126
1639	665	2	2	1	2011	Mysore	Very Good	No	6900129
1640	4726	6	5	4	2021	Pune	Excellent	No	85682071
1641	2838	4	4	1	2001	Coimbatore	Very Good	No	27333673
1642	1235	2	2	4	2017	Mysore	Very Good	Yes	13579065
1643	3450	6	5	4	2015	Chennai	Excellent	No	60271199
1644	4181	6	5	3	2006	Jaipur	Excellent	Yes	46242081
1645	1444	2	3	2	2013	Noida	Very Good	No	25783250
1646	3076	3	3	1	2026	Mumbai	Good	No	70311513
1647	3527	6	5	2	2022	Mumbai	Good	No	88041535
1648	2722	5	5	4	2021	Mysore	Excellent	No	29878240
1649	4717	6	5	4	2000	Chennai	Excellent	Yes	66549605
1650	1921	2	2	2	2001	Ahmedabad	Poor	No	14908052
1651	4834	6	5	1	2014	Mysore	Very Good	Yes	48570306
1652	3231	4	3	2	2003	Chennai	Fair	No	37844424
1653	4636	6	5	3	2017	Chennai	Fair	No	53606589
1654	4607	6	5	2	1998	Delhi	Very Good	Yes	89841158
1655	3425	5	5	1	2008	Jaipur	Excellent	No	39051826
1656	2593	3	3	1	2010	Jaipur	Very Good	Yes	26246665
1657	2147	3	2	1	2013	Bangalore	Fair	No	30185083
1658	2853	4	4	1	2000	Pune	Very Good	Yes	40422929
1659	3150	3	4	4	2003	Pune	Poor	No	36998571
1660	586	1	2	2	2021	Chennai	Very Good	Yes	10071079
1661	1322	2	2	1	2016	Chennai	Good	No	17520182
1662	4248	6	5	1	2015	Noida	Good	Yes	68439427
1663	2843	5	4	2	2002	Jaipur	Good	No	24762447
1664	2639	5	5	3	2015	Bangalore	Very Good	Yes	50270567
1665	4220	5	4	4	2015	Pune	Good	No	62172781
1666	766	1	1	4	2017	Mumbai	Good	Yes	18493048
1667	2437	3	4	1	2002	Mysore	Excellent	No	22881974
1668	1693	3	3	1	2003	Delhi	Very Good	Yes	34500572
1669	1219	2	2	1	2021	Chennai	Excellent	No	19409458
1670	2874	3	3	4	2017	Bangalore	Fair	No	40627360
1671	2928	4	4	1	2022	Mysore	Good	Yes	29231779
1672	4440	6	5	1	2019	Coimbatore	Good	No	44562637
1673	4282	6	5	4	2003	Chennai	Good	No	53764826
1674	3530	6	5	4	2022	Kochi	Very Good	Yes	44378989
1675	2597	4	4	1	2024	Mumbai	Very Good	Yes	71166270
1676	4772	6	5	2	2014	Delhi	Fair	Yes	75862363
1677	1860	4	3	4	2024	Chennai	Poor	Yes	21488896
1678	875	1	1	2	2000	Mysore	Excellent	No	8758176
1679	2060	3	4	3	2008	Ahmedabad	Very Good	No	25406000
1680	2658	4	4	2	2010	Mumbai	Good	No	63490372
1681	942	2	2	1	2024	Mumbai	Very Good	No	26289192
1682	4778	6	5	3	2020	Pune	Very Good	No	75427211
1683	4870	6	5	1	2013	Bangalore	Excellent	Yes	101900530
1684	1837	3	4	1	2003	Mumbai	Very Good	No	41318484
1685	2543	4	3	1	2003	Mysore	Good	No	20385060
1686	4232	5	4	3	2020	Mysore	Very Good	No	40710770
1687	3456	6	5	2	2009	Ahmedabad	Good	Yes	36361986
1688	2692	5	5	1	2026	Bangalore	Good	No	44680745
1689	4557	6	5	1	2000	Ahmedabad	Fair	Yes	38498267
1690	1113	3	4	3	2004	Mysore	Poor	No	9170726
1691	4323	6	5	2	2012	Kochi	Fair	Yes	38102817
1692	4034	6	5	4	2024	Kochi	Good	Yes	44876636
1693	4635	6	5	3	2023	Noida	Good	Yes	80482131
1694	2879	5	4	3	2026	Chennai	Good	No	39678248
1695	1764	3	3	4	1998	Noida	Excellent	No	30026140
1696	545	1	2	3	2012	Ahmedabad	Excellent	Yes	7642094
1697	875	2	3	3	2022	Kochi	Excellent	Yes	11912239
1698	526	1	1	4	2006	Mumbai	Fair	No	10780307
1699	547	1	1	4	2025	Delhi	Good	Yes	12109802
1700	1541	3	3	2	2018	Pune	Very Good	Yes	26550989
1701	2959	5	5	2	2001	Bangalore	Very Good	No	49406569
1702	3670	5	5	1	2012	Ahmedabad	Fair	Yes	36070915
1703	2822	4	5	3	2011	Kochi	Good	Yes	30817767
1704	3885	5	5	3	2009	Ahmedabad	Poor	No	33622032
1705	1635	1	1	3	2005	Bangalore	Good	Yes	25487280
1706	4858	6	5	1	2002	Hyderabad	Fair	No	48596359
1707	997	1	1	1	2026	Hyderabad	Fair	No	11572952
1708	2689	3	2	2	2005	Kochi	Fair	Yes	24925610
1709	3228	6	5	4	2008	Delhi	Very Good	No	60811463
1710	3401	5	5	1	2012	Mumbai	Good	No	76940465
1711	2705	5	4	4	2018	Mysore	Very Good	Yes	26664175
1712	4272	6	5	2	2025	Mumbai	Poor	No	90100966
1713	1872	4	4	1	2009	Delhi	Very Good	No	35708077
1714	2820	5	5	4	2026	Mysore	Good	Yes	30204780
1715	584	1	1	2	2023	Pune	Excellent	Yes	12118588
1716	2847	4	4	2	2024	Mumbai	Excellent	No	84988928
1717	1613	2	2	4	1999	Kochi	Good	No	16656156
1718	2616	4	3	4	2016	Noida	Poor	No	33738137
1719	2202	4	3	3	2009	Hyderabad	Good	Yes	28538661
1720	4713	6	5	3	2010	Noida	Fair	Yes	64216052
1721	1422	3	3	4	2019	Mysore	Very Good	Yes	16227371
1722	3642	6	5	2	2013	Coimbatore	Good	No	36947519
1723	1272	2	3	2	2013	Bangalore	Good	Yes	21030580
1724	3338	6	5	4	2010	Mysore	Excellent	No	38616445
1725	2071	3	3	1	2021	Ahmedabad	Very Good	No	25849743
1726	897	1	1	4	2001	Coimbatore	Good	No	8075275
1727	1969	3	4	1	2002	Hyderabad	Fair	Yes	21976716
1728	3757	5	5	1	2017	Coimbatore	Very Good	No	40635940
1729	2007	3	3	2	2017	Kochi	Good	No	20437173
1730	3423	5	5	1	2012	Jaipur	Good	No	31340436
1731	1625	2	2	1	1998	Bangalore	Poor	No	18515059
1732	4194	6	5	4	2010	Noida	Very Good	Yes	77761710
1733	4222	5	5	1	2014	Ahmedabad	Fair	Yes	43225318
1734	3484	5	5	1	1998	Coimbatore	Poor	No	24306757
1735	2154	2	2	4	2018	Coimbatore	Fair	No	19491399
1736	930	2	2	2	2015	Jaipur	Very Good	No	11298360
1737	3182	5	4	4	2026	Mumbai	Very Good	No	88354397
1738	564	1	2	4	2011	Mumbai	Very Good	Yes	15843732
1739	1302	1	1	4	2020	Ahmedabad	Good	No	13970936
1740	1116	3	2	3	2019	Delhi	Good	No	23623406
1741	4638	6	5	2	2022	Noida	Excellent	Yes	92305671
1742	1558	3	3	2	2011	Delhi	Poor	No	22269762
1743	2984	4	5	1	2023	Mumbai	Good	Yes	67769120
1744	4327	6	5	2	2017	Bangalore	Very Good	Yes	79289424
1745	1207	2	3	1	2014	Jaipur	Fair	Yes	12020267
1746	2138	4	5	2	2011	Mumbai	Good	No	52612828
1747	1229	2	2	2	2024	Coimbatore	Poor	No	10717019
1748	4690	6	5	4	2006	Mumbai	Good	Yes	110432898
1749	4954	6	5	1	2012	Mysore	Very Good	No	44502838
1750	3966	5	5	2	1999	Pune	Good	No	53267702
1751	3189	6	5	1	2014	Jaipur	Good	No	30545552
1752	3281	5	5	3	2004	Ahmedabad	Excellent	Yes	38217647
1753	3455	5	5	1	2010	Chennai	Very Good	No	46063552
1754	4816	6	5	4	2018	Mumbai	Good	Yes	105106397
1755	1995	4	4	2	2016	Hyderabad	Very Good	Yes	28156982
1756	3702	5	5	2	2010	Noida	Very Good	Yes	64153091
1757	4488	6	5	2	2023	Noida	Poor	No	57878912
1758	3334	6	5	3	2006	Bangalore	Poor	No	43087850
1759	2145	3	4	1	2015	Mumbai	Fair	Yes	47232963
1760	3876	6	5	4	2005	Kochi	Good	No	36683061
1761	1258	2	2	2	2026	Delhi	Fair	Yes	24128128
1762	4934	6	5	1	2025	Coimbatore	Fair	No	46199256
1763	4178	6	5	2	2003	Kochi	Good	Yes	42562880
1764	1133	1	1	3	2007	Bangalore	Excellent	Yes	22366055
1765	896	1	2	2	2025	Delhi	Good	Yes	17763270
1766	3826	5	5	1	2001	Mumbai	Good	Yes	86419075
1767	4447	6	5	1	2013	Mumbai	Good	Yes	104572353
1768	1753	3	4	2	2021	Mysore	Excellent	No	21536144
1769	3164	5	5	4	2012	Chennai	Very Good	No	45371077
1770	4322	6	5	4	2003	Pune	Very Good	No	70773284
1771	4028	6	5	2	2017	Coimbatore	Good	Yes	40771333
1772	1245	2	3	3	2008	Chennai	Fair	Yes	14393352
1773	2828	3	2	2	2013	Delhi	Very Good	Yes	58758981
1774	1017	1	1	3	1998	Mysore	Good	Yes	8279237
1775	1284	3	2	2	2002	Kochi	Poor	Yes	11670530
1776	2081	3	3	4	2006	Jaipur	Very Good	Yes	21870669
1777	4520	6	5	4	2024	Ahmedabad	Fair	Yes	48270212
1778	1817	3	3	1	2020	Jaipur	Very Good	Yes	20640869
1779	3255	5	5	1	2009	Bangalore	Excellent	Yes	63103265
1780	1251	3	3	2	2011	Kochi	Good	No	14008754
1781	696	1	1	3	2003	Kochi	Poor	No	5786316
1782	2328	3	4	4	2014	Noida	Very Good	Yes	42173676
1783	4214	6	5	1	2021	Jaipur	Good	No	43101166
1784	3928	5	5	1	2002	Mumbai	Excellent	Yes	98927719
1785	675	2	2	1	2026	Ahmedabad	Fair	Yes	8524197
1786	541	1	1	4	1999	Chennai	Excellent	No	7852533
1787	4360	6	5	1	2005	Noida	Fair	Yes	61888125
1788	2385	2	1	2	2008	Mysore	Excellent	No	22415621
1789	4778	6	5	3	1998	Delhi	Good	Yes	79511493
1790	4348	6	5	3	2002	Ahmedabad	Good	Yes	44108612
1791	1375	2	3	1	2019	Hyderabad	Excellent	No	19747928
1792	4969	6	5	3	2023	Chennai	Good	No	65659683
1793	595	2	2	4	2005	Coimbatore	Good	Yes	6420849
1794	1795	3	4	4	2002	Delhi	Good	Yes	33006625
1795	2834	3	4	1	2013	Ahmedabad	Very Good	No	33591524
1796	1302	3	3	3	2012	Noida	Very Good	No	22497309
1797	1244	2	2	3	2024	Hyderabad	Very Good	Yes	17989855
1798	3782	4	3	1	2016	Bangalore	Good	Yes	60926909
1799	867	2	1	4	2026	Coimbatore	Good	Yes	9903798
1800	2687	4	4	3	2012	Bangalore	Good	Yes	40930326
1801	1429	2	2	2	2000	Coimbatore	Fair	No	11659706
1802	3379	4	4	1	2006	Pune	Fair	No	43232966
1803	3926	5	5	4	2008	Jaipur	Very Good	No	38003427
1804	1730	2	3	2	2020	Mumbai	Fair	Yes	38845083
1805	2090	3	2	1	2012	Pune	Very Good	No	34774349
1806	4873	6	5	3	2002	Kochi	Good	Yes	45715831
1807	2319	3	3	2	2004	Jaipur	Good	No	19859067
1808	699	2	1	1	2002	Bangalore	Good	Yes	10682603
1809	2133	3	3	2	1999	Ahmedabad	Very Good	No	23025836
1810	1833	2	3	2	1998	Kochi	Good	No	18275454
1811	2899	4	4	3	2018	Mumbai	Good	No	67813141
1812	1033	1	1	1	2001	Hyderabad	Excellent	No	13617681
1813	1576	2	2	2	2020	Bangalore	Very Good	No	29074860
1814	3530	5	5	3	2015	Chennai	Poor	No	40802104
1815	934	1	2	1	2026	Delhi	Good	Yes	20325714
1816	4451	6	5	2	2000	Hyderabad	Very Good	No	57211036
1817	2106	4	3	1	2014	Delhi	Very Good	No	41418087
1818	4287	6	5	2	2014	Delhi	Good	No	80968874
1819	2683	4	3	4	2013	Chennai	Good	Yes	35843202
1820	1673	1	2	4	2011	Bangalore	Excellent	Yes	32441795
1821	2092	4	5	2	2008	Jaipur	Excellent	No	25945020
1822	1448	2	1	3	2012	Pune	Poor	Yes	18051233
1823	651	1	1	3	2019	Noida	Good	No	11404002
1824	1210	2	3	4	2007	Bangalore	Good	Yes	21162603
1825	2291	3	3	3	2009	Kochi	Good	Yes	23188874
1826	735	1	1	4	2004	Coimbatore	Good	No	7424209
1827	3608	5	5	3	2019	Bangalore	Fair	Yes	58282998
1828	4514	6	5	3	2006	Hyderabad	Excellent	Yes	66857821
1829	2324	3	3	2	2021	Delhi	Good	No	46876727
1830	878	1	1	1	1999	Pune	Good	Yes	11952853
1831	649	1	1	3	2013	Jaipur	Very Good	Yes	8156636
1832	4895	6	5	4	2021	Mumbai	Excellent	No	142311459
1833	1686	1	2	3	2020	Mysore	Fair	No	14698829
1834	2393	3	3	1	2009	Pune	Very Good	Yes	39414937
1835	3026	4	4	2	2011	Coimbatore	Poor	No	22122755
1836	4572	6	5	3	2017	Pune	Very Good	Yes	74179895
1837	3391	5	5	1	2002	Ahmedabad	Good	Yes	33535132
1838	4679	6	5	4	2015	Mumbai	Good	Yes	99776022
1839	3743	4	5	1	2006	Bangalore	Excellent	No	71047855
1840	2564	3	2	4	1998	Pune	Good	Yes	35347393
1841	1843	2	1	2	2007	Pune	Poor	No	20289011
1842	4473	6	5	3	2022	Bangalore	Good	No	75183040
1843	2979	4	3	2	2016	Delhi	Good	Yes	59754067
1844	4903	6	5	1	2010	Pune	Good	No	75182114
1845	3622	4	4	1	2016	Noida	Poor	No	46119938
1846	2212	3	4	2	1998	Mumbai	Fair	Yes	38859336
1847	3676	5	5	2	2014	Hyderabad	Good	Yes	45450627
1848	3448	6	5	4	2005	Delhi	Fair	No	59146726
1849	3973	5	5	1	2006	Delhi	Very Good	No	80665790
1850	2215	4	5	4	1999	Noida	Very Good	Yes	35047992
1851	2049	3	2	4	2026	Noida	Very Good	No	41869201
1852	4803	6	5	4	2005	Hyderabad	Very Good	No	61200611
1853	2132	4	5	2	2000	Ahmedabad	Very Good	Yes	22832951
1854	629	1	1	2	1998	Noida	Very Good	No	9888913
1855	1557	2	1	1	2016	Chennai	Very Good	Yes	22109937
1856	2037	2	1	2	2003	Jaipur	Very Good	Yes	19561778
1857	3994	5	5	1	2012	Hyderabad	Good	No	45373092
1858	1299	2	1	2	2018	Ahmedabad	Fair	No	12455683
1859	4593	6	5	1	2005	Pune	Fair	No	56299952
1860	2293	2	3	3	2005	Coimbatore	Excellent	No	24649036
1861	1020	2	3	4	2021	Kochi	Excellent	Yes	13505578
1862	4549	6	5	2	2011	Chennai	Good	Yes	56106858
1863	2236	2	2	4	2008	Jaipur	Poor	Yes	17035683
1864	1197	2	2	3	2013	Ahmedabad	Very Good	No	15382735
1865	2733	3	3	2	2014	Chennai	Good	Yes	34321626
1866	4836	6	5	3	2021	Jaipur	Very Good	No	57083779
1867	1918	2	1	4	2022	Hyderabad	Good	Yes	24952529
1868	1790	3	4	4	2004	Delhi	Fair	Yes	29640978
1869	2719	3	3	4	1999	Noida	Very Good	No	41357742
1870	3557	6	5	3	2010	Chennai	Very Good	Yes	49665782
1871	4252	5	4	2	2026	Bangalore	Good	Yes	72719996
1872	1049	1	1	2	2013	Hyderabad	Good	Yes	13725279
1873	1380	1	1	3	2016	Chennai	Excellent	Yes	21289181
1874	870	1	1	3	2011	Hyderabad	Fair	No	9308520
1875	4894	6	5	2	2000	Hyderabad	Good	No	51370854
1876	4004	6	5	1	2021	Ahmedabad	Very Good	Yes	49406879
1877	1212	1	1	1	2024	Noida	Excellent	No	25994289
1878	1932	3	2	4	2025	Pune	Good	No	31538347
1879	2738	4	3	1	2017	Noida	Good	No	43609466
1880	3177	4	4	2	2025	Noida	Good	No	56243677
1881	3065	5	5	4	2004	Bangalore	Very Good	No	48400307
1882	2333	3	2	2	2001	Kochi	Very Good	No	23899500
1883	780	1	1	3	2009	Chennai	Good	No	10296141
1884	1929	3	3	1	2020	Hyderabad	Very Good	Yes	27610630
1885	2417	2	3	4	2008	Hyderabad	Good	Yes	30582314
1886	3732	4	4	2	2011	Chennai	Good	Yes	46148808
1887	2859	3	2	2	2024	Chennai	Good	Yes	36913038
1888	4657	6	5	1	2011	Jaipur	Good	Yes	43897610
1889	997	2	3	2	2015	Ahmedabad	Good	No	11600560
1890	2654	3	2	1	2002	Hyderabad	Good	Yes	28678814
1891	3376	5	5	2	2022	Mysore	Good	Yes	33706380
1892	2652	4	5	4	2017	Coimbatore	Very Good	Yes	29752120
1893	2422	2	2	2	2008	Mumbai	Good	Yes	55572411
1894	747	1	2	1	2024	Jaipur	Good	No	8200346
1895	647	1	1	1	1998	Noida	Good	Yes	9986646
1896	4857	6	5	4	2002	Jaipur	Very Good	No	48479773
1897	1781	4	3	4	2024	Pune	Good	No	28157772
1898	1195	2	3	4	2017	Jaipur	Poor	Yes	11033574
1899	546	2	2	3	2011	Delhi	Very Good	No	12649578
1900	1011	1	1	2	2014	Coimbatore	Fair	No	8512749
1901	866	1	2	2	2015	Mysore	Very Good	Yes	9592028
1902	913	1	1	1	1998	Pune	Very Good	No	14461440
1903	821	1	1	1	2005	Coimbatore	Good	Yes	7126828
1904	3907	6	5	1	2011	Coimbatore	Good	Yes	39135038
1905	2709	3	3	2	2003	Noida	Good	Yes	41716204
1906	4694	6	5	1	2002	Jaipur	Good	Yes	44423104
1907	4397	6	5	2	2013	Mysore	Poor	No	33732160
1908	1921	2	3	4	2004	Mumbai	Excellent	Yes	54347054
1909	1895	3	2	4	2016	Coimbatore	Fair	Yes	16841680
1910	2879	4	3	1	2023	Jaipur	Excellent	No	33751552
1911	2584	4	4	3	2013	Pune	Excellent	Yes	51112166
1912	699	1	1	1	2016	Pune	Good	Yes	11326892
1913	1888	3	3	4	2021	Delhi	Good	No	38573636
1914	771	1	1	4	2010	Hyderabad	Fair	Yes	8833850
1915	1812	2	1	4	2012	Kochi	Poor	Yes	15829676
1916	4910	6	5	2	2015	Chennai	Poor	No	52608650
1917	3380	4	4	2	2013	Kochi	Poor	No	30247518
1918	2485	3	3	2	2001	Coimbatore	Excellent	Yes	25003612
1919	2747	4	5	2	1998	Noida	Fair	No	38342829
1920	1514	2	2	1	2004	Noida	Very Good	No	24489576
1921	1613	1	1	4	2001	Kochi	Good	No	15448393
1922	2826	4	5	1	2013	Kochi	Good	No	28404755
1923	2232	4	3	1	2012	Noida	Excellent	No	41950197
1924	3816	5	4	1	2019	Kochi	Excellent	No	50910643
1925	1736	2	2	2	2022	Mysore	Very Good	No	17686566
1926	3056	4	4	4	2015	Kochi	Good	No	30569889
1927	1263	3	2	4	2007	Mumbai	Good	Yes	30650155
1928	591	1	2	1	2001	Kochi	Good	Yes	6716594
1929	3226	6	5	3	2007	Bangalore	Fair	No	49846943
1930	2286	4	5	3	1998	Coimbatore	Poor	Yes	17054121
1931	2709	4	4	3	2026	Coimbatore	Poor	Yes	23157921
1932	4631	6	5	3	1999	Mysore	Fair	Yes	32619644
1933	2313	3	3	4	2021	Pune	Poor	Yes	31302206
1934	1088	2	2	4	2017	Mysore	Good	Yes	10159098
1935	1834	3	3	2	2007	Hyderabad	Good	Yes	21388635
1936	1604	2	1	2	2013	Ahmedabad	Very Good	Yes	19701337
1937	3880	6	5	4	2014	Mysore	Good	No	37930017
1938	3296	6	5	2	2004	Pune	Good	No	47073347
1939	3756	6	5	4	1999	Hyderabad	Good	Yes	41447643
1940	2252	3	3	4	2008	Jaipur	Very Good	Yes	24252048
1941	4581	6	5	4	2005	Bangalore	Good	Yes	69546802
1942	723	1	1	2	2007	Chennai	Fair	Yes	8560235
1943	1214	2	1	4	2008	Bangalore	Good	Yes	20549214
1944	1645	1	1	2	2023	Chennai	Good	No	23507204
1945	4658	6	5	2	2016	Coimbatore	Excellent	No	51978524
1946	2726	4	5	4	2014	Noida	Excellent	Yes	53546697
1947	1968	3	2	2	2009	Pune	Very Good	Yes	32791706
1948	3502	4	3	4	2020	Delhi	Good	No	63768662
1949	1992	3	3	3	2023	Ahmedabad	Very Good	No	24123526
1950	3300	6	5	4	1998	Bangalore	Good	Yes	51037479
1951	4873	6	5	1	2017	Mumbai	Good	No	118003005
1952	1738	1	1	3	2021	Mumbai	Excellent	No	46609782
1953	4329	5	5	4	2021	Delhi	Fair	Yes	79168477
1954	2109	3	3	3	2005	Bangalore	Good	No	32079537
1955	847	1	1	1	2002	Mysore	Good	No	7509312
1956	4643	6	5	4	2012	Bangalore	Good	Yes	76307363
1957	3825	6	5	4	2020	Bangalore	Poor	No	52487581
1958	2767	4	4	3	2026	Ahmedabad	Good	Yes	32596676
1959	4700	6	5	1	2015	Chennai	Very Good	No	63825864
1960	2166	4	4	1	2011	Ahmedabad	Fair	Yes	21455491
1961	1590	2	3	2	2001	Hyderabad	Very Good	Yes	18672120
1962	4636	6	5	3	2002	Coimbatore	Good	No	42228906
1963	2819	4	4	4	2000	Kochi	Very Good	No	27935413
1964	4553	6	5	4	1998	Ahmedabad	Very Good	Yes	47024720
1965	4994	6	5	4	2007	Kochi	Very Good	Yes	51566551
1966	2576	4	3	3	2000	Mysore	Very Good	No	23436983
1967	2302	3	4	1	1999	Mysore	Excellent	Yes	24550594
1968	573	1	1	2	2002	Kochi	Very Good	No	6232638
1969	2685	4	4	1	2006	Bangalore	Good	Yes	43119301
1970	4144	6	5	3	2007	Mysore	Very Good	Yes	39184015
1971	3509	6	5	2	2018	Bangalore	Poor	No	51891582
1972	1879	2	2	4	2022	Ahmedabad	Good	Yes	21510735
1973	3653	5	5	3	2022	Chennai	Good	No	52827884
1974	1971	4	4	2	1998	Pune	Excellent	No	34354481
1975	2237	2	2	2	2014	Coimbatore	Good	Yes	19580733
1976	3798	5	5	3	2020	Noida	Very Good	Yes	70753324
1977	4639	6	5	4	2025	Bangalore	Fair	Yes	73942026
1978	3909	5	5	2	2018	Jaipur	Good	No	36018410
1979	1159	2	1	1	2008	Noida	Poor	Yes	14810545
1980	1994	4	4	3	2003	Pune	Good	No	30758155
1981	2916	3	2	2	2023	Kochi	Good	No	29306367
1982	2552	4	3	2	2004	Noida	Excellent	No	47485571
1983	4001	6	5	1	2008	Bangalore	Very Good	No	70612782
1984	4056	6	5	4	2004	Jaipur	Very Good	No	42102335
1985	4837	6	5	4	2021	Delhi	Very Good	Yes	104184819
1986	2582	3	3	4	2024	Ahmedabad	Good	Yes	31353471
1987	2436	3	3	1	2024	Bangalore	Excellent	No	54178238
1988	2595	4	4	4	2005	Hyderabad	Excellent	Yes	35953645
1989	3525	4	4	3	2012	Hyderabad	Good	No	43686858
1990	2099	3	3	1	1999	Hyderabad	Fair	No	20932026
1991	3194	6	5	3	2013	Pune	Good	Yes	51041888
1992	1424	3	3	2	2022	Chennai	Very Good	Yes	23707528
1993	2809	4	4	3	2022	Mumbai	Very Good	No	72317003
1994	2426	2	2	1	2017	Pune	Good	No	37151959
1995	2340	4	4	1	2025	Mumbai	Good	No	61786384
1996	778	1	1	2	2013	Hyderabad	Poor	Yes	8657858
1997	2900	5	5	4	2018	Chennai	Fair	No	36386271
1998	4712	6	5	4	2017	Mysore	Excellent	No	47948721
1999	3567	6	5	4	1998	Kochi	Excellent	No	41902579
2000	1089	2	1	2	1998	Mysore	Very Good	Yes	10467038
2001	4117	6	5	3	2022	Bangalore	Very Good	Yes	83887900
2002	1715	3	4	3	2017	Delhi	Very Good	No	36269398
2003	3103	5	5	4	2015	Bangalore	Very Good	Yes	55224432
2004	1723	2	1	4	2008	Bangalore	Very Good	Yes	32227057
2005	4996	6	5	4	1999	Mumbai	Very Good	No	121045811
2006	2372	4	4	1	2017	Coimbatore	Very Good	No	26501412
2007	1062	1	2	4	2008	Ahmedabad	Good	Yes	11497761
2008	1073	2	3	4	2001	Pune	Excellent	No	19001124
2009	3965	5	5	4	2006	Hyderabad	Poor	No	37533677
2010	1588	3	3	4	1999	Jaipur	Fair	Yes	13770913
2011	3210	4	5	2	2008	Mysore	Very Good	No	30056374
2012	3221	6	5	1	2006	Mysore	Excellent	No	35184201
2013	3450	5	5	2	2005	Chennai	Very Good	No	44393362
2014	3907	6	5	2	2012	Delhi	Good	Yes	74090242
2015	3163	5	5	4	2005	Coimbatore	Good	No	29336758
2016	1075	1	2	4	2004	Delhi	Very Good	No	20710841
2017	3155	5	4	4	2008	Coimbatore	Very Good	Yes	30468229
2018	2603	5	4	4	2026	Mysore	Good	No	26679375
2019	2469	4	4	4	2025	Pune	Good	Yes	37431475
2020	1289	2	1	4	2015	Jaipur	Good	Yes	13066366
2021	1608	1	1	4	2006	Mysore	Good	No	14262640
2022	4961	6	5	4	2022	Ahmedabad	Poor	Yes	47068754
2023	3017	5	5	4	2020	Noida	Fair	No	42405662
2024	945	2	1	2	2012	Chennai	Good	Yes	13916984
2025	2708	4	5	4	2013	Bangalore	Very Good	No	48572314
2026	4553	6	5	1	2022	Chennai	Good	Yes	61123392
2027	3230	5	5	4	2021	Mumbai	Very Good	No	84905842
2028	1250	1	1	2	2026	Mysore	Very Good	No	12697570
2029	1565	2	2	2	2006	Pune	Good	Yes	21622402
2030	2293	2	1	4	2021	Coimbatore	Fair	No	21229519
2031	3260	5	5	3	2018	Chennai	Excellent	No	57342038
2032	2639	4	4	4	1999	Kochi	Good	Yes	27308775
2033	2771	4	3	4	2020	Hyderabad	Very Good	Yes	37809151
2034	1529	2	2	3	2010	Bangalore	Excellent	Yes	28565949
2035	3198	5	5	1	2016	Jaipur	Very Good	No	33822720
2036	1380	2	2	3	2014	Kochi	Good	Yes	14499028
2037	2435	2	1	1	2025	Delhi	Good	Yes	44486997
2038	4340	5	5	1	1998	Kochi	Excellent	No	45350156
2039	560	2	2	2	2024	Kochi	Good	No	6745778
2040	1242	1	2	2	2005	Chennai	Excellent	Yes	19227118
2041	4437	6	5	2	1999	Bangalore	Good	Yes	71100321
2042	2964	4	4	1	2010	Delhi	Fair	No	46732313
2043	2486	4	4	3	2002	Noida	Good	Yes	38012160
2044	2294	2	2	4	2015	Hyderabad	Poor	No	23844857
2045	1951	3	3	3	2018	Chennai	Fair	Yes	25289288
2046	798	1	1	2	2019	Bangalore	Very Good	No	15871598
2047	873	1	2	4	2017	Mysore	Good	Yes	8730519
2048	3793	5	5	3	2007	Hyderabad	Good	Yes	44096332
2049	4452	6	5	4	2006	Mumbai	Very Good	No	113613104
2050	4818	6	5	3	2008	Hyderabad	Very Good	No	60295150
2051	1661	3	4	2	2023	Kochi	Good	No	18082956
2052	3868	6	5	1	2002	Ahmedabad	Excellent	Yes	50204631
2053	3949	6	5	4	2003	Noida	Poor	No	48011163
2054	1164	2	2	2	2022	Hyderabad	Fair	No	14612673
2055	2360	3	3	1	2017	Kochi	Excellent	No	32238259
2056	3914	6	5	2	2022	Bangalore	Very Good	Yes	74806527
2057	4583	6	5	4	2002	Ahmedabad	Very Good	No	48927021
2058	4263	5	4	4	2005	Jaipur	Good	No	38023733
2059	2141	3	4	2	2007	Delhi	Excellent	Yes	49328139
2060	2918	5	4	1	2003	Delhi	Very Good	No	56330429
2061	3157	6	5	4	1998	Delhi	Very Good	No	62214152
2062	1412	3	2	2	2024	Coimbatore	Very Good	No	16240702
2063	540	1	2	4	2010	Mumbai	Excellent	No	16601778
2064	2550	3	3	1	2020	Kochi	Very Good	No	27683931
2065	1935	4	4	3	2017	Jaipur	Very Good	No	21371099
2066	4436	6	5	4	2023	Mumbai	Good	Yes	101541381
2067	4663	6	5	2	2020	Coimbatore	Very Good	No	51576807
2068	983	1	2	2	2004	Mumbai	Excellent	Yes	25325969
2069	3822	5	4	2	2012	Jaipur	Very Good	Yes	39006028
2070	912	1	1	2	1998	Pune	Fair	Yes	12519698
2071	3231	6	5	4	2026	Chennai	Fair	No	42130028
2072	591	1	1	3	2025	Pune	Very Good	Yes	10880892
2073	4182	5	5	2	2008	Mysore	Good	Yes	36460588
2074	4318	6	5	3	2021	Chennai	Good	Yes	60834446
2075	4592	6	5	3	2013	Coimbatore	Good	Yes	41462549
2076	1482	3	3	2	2026	Delhi	Very Good	Yes	33874896
2077	1696	1	2	3	2008	Pune	Good	Yes	24154835
2078	1609	1	2	4	2019	Kochi	Very Good	Yes	19282955
2079	3145	4	5	3	2004	Hyderabad	Very Good	No	37951244
2080	1991	2	3	4	2005	Mysore	Fair	No	16161211
2081	4612	6	5	3	1998	Ahmedabad	Good	Yes	42450460
2082	3326	6	5	4	2010	Noida	Good	Yes	49783311
2083	3664	4	4	4	2008	Hyderabad	Very Good	No	44814841
2084	3662	5	5	1	2023	Noida	Excellent	Yes	74884136
2085	684	1	2	1	2024	Bangalore	Good	Yes	12664450
2086	2491	4	4	1	2008	Coimbatore	Good	No	21616194
2087	4397	5	5	4	2017	Kochi	Fair	Yes	45031097
2088	1511	2	1	4	2012	Mumbai	Poor	No	25970307
2089	4060	5	5	3	2006	Chennai	Very Good	Yes	52402059
2090	2058	4	4	2	2021	Jaipur	Good	Yes	23521684
2091	2602	5	4	3	2004	Mumbai	Good	No	60524013
2092	4844	6	5	4	2015	Pune	Good	Yes	76583019
2093	4065	5	4	2	2018	Coimbatore	Good	Yes	36952694
2094	856	2	2	1	2023	Coimbatore	Fair	Yes	8532755
2095	1936	4	4	2	2022	Noida	Fair	No	32151208
2096	2302	4	4	1	2001	Coimbatore	Good	Yes	22313845
2097	2284	3	3	3	2019	Bangalore	Poor	No	31977482
2098	2778	4	4	3	2021	Noida	Good	Yes	49847109
2099	980	1	2	4	2003	Jaipur	Good	No	10047739
2100	2050	3	2	3	1999	Delhi	Good	No	32789731
2101	728	1	1	2	2009	Chennai	Very Good	No	10386469
2102	1317	1	2	3	2015	Kochi	Good	Yes	13287855
2103	4663	6	5	2	2003	Mysore	Excellent	No	49431472
2104	2197	3	2	3	2012	Ahmedabad	Very Good	No	26647487
2105	2351	3	3	3	2020	Hyderabad	Excellent	No	33493702
2106	2923	3	2	4	1999	Mysore	Excellent	No	26297836
2107	3815	4	4	4	2011	Bangalore	Good	Yes	59239235
2108	4728	6	5	4	2016	Chennai	Very Good	Yes	70200887
2109	606	1	1	3	2000	Ahmedabad	Good	Yes	7229647
2110	1607	3	3	1	2017	Mysore	Excellent	No	17270668
2111	3653	5	4	4	2019	Hyderabad	Very Good	Yes	47712768
2112	4548	6	5	1	2016	Coimbatore	Very Good	No	49682321
2113	1060	2	2	1	2000	Noida	Good	Yes	16215278
2114	4703	6	5	3	2021	Noida	Very Good	Yes	81271473
2115	1343	2	2	3	2016	Jaipur	Good	Yes	13625318
2116	2517	4	4	3	2003	Pune	Good	No	36672781
2117	4787	6	5	3	2025	Ahmedabad	Very Good	No	56377094
2118	1656	3	3	4	2001	Chennai	Good	Yes	20659649
2119	1638	2	1	1	2026	Hyderabad	Fair	No	18903065
2120	1186	2	3	1	1998	Bangalore	Very Good	No	18403389
2121	2732	3	3	3	2001	Delhi	Good	Yes	47571023
2122	4532	6	5	2	2008	Ahmedabad	Very Good	No	54093977
2123	1899	3	4	3	2008	Coimbatore	Good	No	18385046
2124	4122	6	5	3	2005	Bangalore	Good	Yes	62989093
2125	4996	6	5	1	2000	Hyderabad	Good	Yes	58925111
2126	828	2	2	4	2007	Ahmedabad	Excellent	No	11605709
2127	4001	6	5	3	2004	Coimbatore	Poor	Yes	29678544
2128	3944	6	5	3	2011	Jaipur	Very Good	Yes	39532470
2129	1532	1	2	2	1999	Kochi	Very Good	Yes	15935378
2130	1377	2	1	3	2022	Noida	Poor	Yes	18161929
2131	2857	4	3	4	2001	Delhi	Fair	No	46518268
2132	3778	6	5	2	2025	Coimbatore	Very Good	No	40623695
2133	2778	4	4	3	2025	Bangalore	Very Good	No	56855590
2134	2296	4	5	4	2016	Jaipur	Good	Yes	24200170
2135	3534	6	5	4	2010	Mysore	Poor	No	26708882
2136	2600	4	3	2	2019	Coimbatore	Very Good	Yes	27087969
2137	986	2	2	1	1999	Bangalore	Fair	Yes	14349176
2138	3267	6	5	3	2019	Noida	Excellent	Yes	66973949
2139	4513	6	5	3	2025	Ahmedabad	Good	Yes	56296373
2140	520	1	1	3	2022	Pune	Fair	No	8434991
2141	2366	4	4	1	2015	Pune	Very Good	Yes	38495751
2142	4803	6	5	2	2014	Bangalore	Good	Yes	81599242
2143	3005	3	2	3	1999	Ahmedabad	Good	No	29641992
2144	3430	5	5	1	2008	Delhi	Very Good	No	71776609
2145	3294	4	5	3	2017	Ahmedabad	Excellent	No	40890475
2146	4045	6	5	4	2001	Ahmedabad	Good	No	43231334
2147	3019	4	4	2	2008	Chennai	Very Good	No	43115554
2148	4367	6	5	4	2025	Jaipur	Good	Yes	48025637
2149	2475	3	2	2	2012	Hyderabad	Very Good	Yes	33223808
2150	4045	5	5	2	2007	Delhi	Very Good	Yes	82720590
2151	1261	2	1	4	2014	Delhi	Good	No	24175729
2152	3611	4	4	4	2005	Jaipur	Excellent	No	42093615
2153	2317	3	4	2	2016	Hyderabad	Good	Yes	28569691
2154	4475	6	5	3	2008	Mysore	Good	No	41505114
2155	2001	3	3	1	2013	Mysore	Good	No	17697014
2156	1105	3	3	2	2003	Pune	Very Good	Yes	17532770
2157	888	2	2	2	2021	Hyderabad	Very Good	Yes	12543481
2158	4864	6	5	4	2011	Hyderabad	Very Good	No	60166587
2159	3629	4	4	2	2016	Coimbatore	Very Good	No	38116409
2160	3387	5	5	4	2022	Mysore	Very Good	No	36029770
2161	954	2	2	3	1998	Kochi	Good	Yes	9517041
2162	3881	6	5	1	2023	Kochi	Fair	No	36316672
2163	4999	6	5	1	2008	Mysore	Good	Yes	45694041
2164	1014	1	2	1	2009	Jaipur	Good	Yes	9597118
2165	3050	4	4	4	2024	Bangalore	Very Good	No	54287965
2166	3884	5	5	4	2007	Chennai	Good	Yes	52606109
2167	2967	4	4	3	2002	Pune	Fair	Yes	36915840
2168	801	1	1	2	2010	Mumbai	Very Good	Yes	19282360
2169	3219	4	5	1	2008	Hyderabad	Very Good	Yes	39564358
2170	4869	6	5	1	2008	Noida	Very Good	No	87631429
2171	864	1	1	4	2015	Ahmedabad	Good	No	9016460
2172	922	2	1	2	2014	Coimbatore	Very Good	No	9208562
2173	681	1	1	1	2018	Kochi	Very Good	No	7627603
2174	1376	1	1	2	2011	Delhi	Excellent	Yes	32040350
2175	3942	6	5	4	2019	Mysore	Good	No	34038450
2176	2115	3	2	4	2018	Mumbai	Excellent	Yes	61410756
2177	3020	4	3	3	2022	Mumbai	Very Good	Yes	74103851
2178	4351	5	5	4	2024	Bangalore	Very Good	No	82225748
2179	3313	5	4	2	2006	Coimbatore	Fair	Yes	27839622
2180	3136	5	5	3	2014	Hyderabad	Fair	No	37123087
2181	897	1	1	2	2026	Kochi	Very Good	Yes	10679037
2182	2013	2	2	4	2008	Jaipur	Good	No	19782135
2183	3418	4	4	2	2009	Mumbai	Good	Yes	73932614
2184	2593	4	4	2	2007	Jaipur	Very Good	Yes	28673590
2185	3886	6	5	4	2023	Noida	Very Good	No	72323271
2186	4754	6	5	1	2009	Noida	Good	Yes	70926129
2187	4070	6	5	3	2011	Kochi	Very Good	Yes	46649350
2188	2475	5	4	1	2006	Mumbai	Good	No	54292590
2189	3506	5	5	2	2013	Noida	Very Good	No	58257323
2190	2070	3	2	4	2014	Ahmedabad	Very Good	No	26683483
2191	2265	4	3	2	2016	Chennai	Excellent	No	34284648
2192	1422	1	1	1	2005	Hyderabad	Good	No	15736599
2193	2315	3	3	3	2002	Ahmedabad	Good	Yes	24561793
2194	989	2	1	4	2020	Noida	Excellent	No	20885278
2195	501	1	1	1	2014	Jaipur	Fair	No	4548821
2196	2032	2	2	4	2017	Mysore	Very Good	No	19404659
2197	2638	5	5	2	2013	Ahmedabad	Good	No	28045071
2198	3236	4	4	1	2022	Coimbatore	Poor	Yes	25304641
2199	1903	4	3	2	2018	Bangalore	Very Good	No	38441201
2200	2275	4	4	2	2024	Kochi	Very Good	No	29283354
2201	2496	3	2	1	2014	Hyderabad	Fair	Yes	28277644
2202	1734	3	3	3	2006	Pune	Good	No	24570550
2203	2731	4	4	4	2025	Chennai	Good	No	36461590
2204	4422	6	5	2	2005	Delhi	Good	Yes	83200468
2205	2387	3	2	4	1999	Ahmedabad	Excellent	No	28182458
2206	1687	2	2	4	2019	Delhi	Poor	No	25312341
2207	1937	2	3	3	2017	Bangalore	Good	No	31916448
2208	2504	4	4	3	2019	Ahmedabad	Excellent	Yes	32685685
2209	4034	5	4	2	2025	Bangalore	Good	No	74467198
2210	4785	6	5	4	2022	Pune	Very Good	No	84078851
2211	4036	6	5	2	2022	Jaipur	Fair	Yes	36914530
2212	1709	2	2	2	2019	Mysore	Very Good	No	16195018
2213	4981	6	5	4	2004	Mysore	Poor	Yes	32227803
2214	1894	3	3	1	2025	Delhi	Very Good	No	40385479
2215	668	1	1	3	2026	Ahmedabad	Good	No	7491932
2216	3537	4	4	3	2006	Kochi	Fair	Yes	34094460
2217	3631	5	4	4	2019	Chennai	Very Good	Yes	56582353
2218	1397	2	3	1	1999	Ahmedabad	Very Good	Yes	15097497
2219	1368	1	2	3	2017	Kochi	Good	Yes	15545429
2220	4275	5	5	2	2014	Hyderabad	Good	Yes	51064162
2221	797	1	1	4	2001	Kochi	Fair	No	7426396
2222	613	1	1	4	2025	Jaipur	Very Good	Yes	8082591
2223	4469	6	5	1	2011	Mysore	Good	Yes	39211913
2224	1900	3	4	3	2014	Mumbai	Good	No	40702737
2225	1491	2	2	3	2011	Hyderabad	Poor	No	15611505
2226	1568	2	2	1	2010	Bangalore	Very Good	Yes	27771559
2227	597	2	2	1	2002	Jaipur	Good	No	6131700
2228	2181	3	2	1	2008	Kochi	Good	Yes	22428695
2229	547	2	1	3	2000	Kochi	Good	Yes	6615502
2230	850	1	1	3	2001	Noida	Good	Yes	13971053
2231	2185	3	3	4	2000	Coimbatore	Good	No	19265706
2232	1032	1	1	1	2025	Delhi	Very Good	No	21167149
2233	2105	3	4	3	2009	Mysore	Very Good	Yes	21362059
2234	4316	6	5	4	2012	Kochi	Good	No	41003728
2235	4282	6	5	1	2016	Bangalore	Good	Yes	66041479
2236	2806	4	3	1	2012	Jaipur	Good	No	27696034
2237	1645	1	2	3	2026	Hyderabad	Very Good	No	24530956
2238	4919	6	5	3	2023	Chennai	Good	No	69359774
2239	3102	4	4	1	2000	Kochi	Good	Yes	30297551
2240	2083	4	4	1	2017	Ahmedabad	Very Good	Yes	24915908
2241	1054	2	2	4	2025	Mumbai	Very Good	Yes	28174081
2242	2155	2	2	4	2000	Mumbai	Very Good	Yes	49217983
2243	4702	6	5	2	2020	Jaipur	Good	No	45475224
2244	3428	5	4	3	2002	Coimbatore	Good	Yes	30784941
2245	2937	5	4	1	2017	Chennai	Excellent	Yes	44806974
2246	3377	5	5	4	2002	Ahmedabad	Good	No	35059278
2247	3241	5	5	4	2025	Ahmedabad	Good	No	40280044
2248	2767	3	2	3	2019	Noida	Very Good	Yes	46355273
2249	4933	6	5	4	2006	Jaipur	Good	Yes	45079650
2250	682	1	1	1	2024	Delhi	Good	No	13968015
2251	1537	1	1	4	2018	Pune	Very Good	Yes	27386193
2252	3032	5	5	3	2008	Coimbatore	Very Good	Yes	29201022
2253	2640	4	3	1	2000	Coimbatore	Very Good	No	24782964
2254	4061	6	5	3	2025	Delhi	Good	No	83084579
2255	845	1	1	3	2003	Jaipur	Poor	Yes	6751317
2256	2426	4	4	3	2001	Hyderabad	Good	No	26357455
2257	3261	4	3	2	2024	Bangalore	Excellent	No	64416343
2258	3343	5	5	3	2006	Ahmedabad	Poor	Yes	26574949
2259	2291	2	2	4	2026	Chennai	Good	No	30540400
2260	1126	2	3	2	2015	Kochi	Good	No	13113401
2261	1972	4	5	1	2021	Mysore	Very Good	Yes	20167428
2262	2437	3	3	4	1999	Ahmedabad	Very Good	No	25505646
2263	4649	6	5	2	2024	Chennai	Excellent	No	77341542
2264	2304	3	2	4	2019	Hyderabad	Good	Yes	30939812
2265	4702	6	5	3	2000	Mumbai	Poor	Yes	77866595
2266	4108	5	5	3	2009	Bangalore	Very Good	Yes	73831836
2267	2055	3	4	2	2011	Mysore	Very Good	No	18708603
2268	2476	5	4	1	2010	Mysore	Good	Yes	23177699
2269	2305	3	3	3	2003	Ahmedabad	Very Good	No	23660233
2270	2405	3	3	1	2020	Jaipur	Very Good	Yes	27357581
2271	3167	5	4	2	2004	Delhi	Good	No	51856367
2272	2877	4	4	2	2010	Bangalore	Poor	Yes	38987812
2273	2692	3	4	1	2006	Kochi	Excellent	Yes	30286961
2274	1764	3	3	3	2007	Bangalore	Good	Yes	30001206
2275	2891	4	4	1	2002	Coimbatore	Poor	Yes	20881393
2276	1514	2	2	2	2010	Chennai	Good	Yes	18645184
2277	1571	1	1	2	2018	Pune	Good	Yes	23687209
2278	998	1	1	1	2005	Delhi	Excellent	Yes	21392721
2279	4907	6	5	4	2026	Ahmedabad	Fair	Yes	49099602
2280	4814	6	5	3	1999	Mumbai	Very Good	Yes	107118225
2281	4806	6	5	4	2021	Kochi	Good	Yes	48117682
2282	1447	1	1	2	2004	Chennai	Good	Yes	18186621
2283	2997	4	5	2	2026	Bangalore	Good	No	56939116
2284	850	2	2	2	2021	Coimbatore	Good	Yes	8633164
2285	4149	5	5	3	2021	Kochi	Poor	Yes	37269226
2286	4722	6	5	4	2018	Coimbatore	Good	Yes	45244097
2287	2304	4	4	3	2025	Coimbatore	Good	Yes	25038144
2288	1750	3	2	4	2004	Hyderabad	Good	No	21611872
2289	4549	6	5	3	2025	Kochi	Good	Yes	49621639
2290	4177	6	5	4	2012	Chennai	Good	Yes	56126364
2291	3270	6	5	3	2016	Ahmedabad	Good	No	33654679
2292	4628	6	5	1	2022	Bangalore	Good	Yes	81938095
2293	2564	4	4	2	2014	Jaipur	Good	No	24756152
2294	2265	3	3	2	2019	Pune	Very Good	Yes	36476932
2295	1516	3	3	1	2006	Hyderabad	Good	Yes	17806159
2296	1786	3	4	2	2023	Chennai	Very Good	Yes	27293286
2297	1843	2	2	4	2013	Mumbai	Good	Yes	40454749
2298	3990	6	5	4	2020	Pune	Good	Yes	62123823
2299	921	2	2	4	2018	Delhi	Poor	No	14315563
2300	768	2	2	2	2008	Ahmedabad	Good	No	8166803
2301	595	1	2	4	2026	Delhi	Excellent	Yes	15082983
2302	4028	6	5	1	2000	Mumbai	Very Good	Yes	90393341
2303	3358	5	4	1	2018	Noida	Good	Yes	51151660
2304	995	1	1	2	2020	Ahmedabad	Very Good	Yes	12432200
2305	886	1	1	3	2017	Jaipur	Poor	Yes	7263720
2306	1847	3	3	1	2023	Noida	Poor	No	25240471
2307	3277	6	5	3	1998	Jaipur	Good	Yes	28457467
2308	3903	6	5	4	1999	Coimbatore	Good	No	32590224
2309	4912	6	5	4	2025	Kochi	Good	No	50134479
2310	1995	2	1	1	2001	Delhi	Very Good	Yes	37358079
2311	4468	6	5	4	2008	Kochi	Fair	No	40192988
2312	3200	5	5	2	2024	Bangalore	Good	No	58150177
2313	3798	5	4	2	2012	Kochi	Excellent	No	45505792
2314	3373	6	5	1	2007	Mumbai	Good	No	68690247
2315	2108	4	4	4	2026	Coimbatore	Excellent	Yes	26829474
2316	1302	1	1	2	2025	Chennai	Fair	Yes	16571382
2317	4620	6	5	2	2022	Ahmedabad	Good	Yes	56605917
2318	3753	5	5	1	2022	Mumbai	Very Good	Yes	102598497
2319	3609	4	4	2	2000	Mysore	Good	No	29636511
2320	1904	3	2	2	2026	Mumbai	Good	No	49961961
2321	2135	2	1	3	2014	Hyderabad	Fair	No	24832120
2322	3734	6	5	2	2009	Bangalore	Fair	Yes	53335367
2323	828	1	1	4	2004	Coimbatore	Good	No	8249833
2324	576	1	1	1	2018	Ahmedabad	Very Good	Yes	7396539
2325	598	2	1	2	2009	Jaipur	Good	Yes	6044671
2326	1468	2	1	1	1999	Bangalore	Very Good	No	23699046
2327	599	2	2	4	2012	Hyderabad	Fair	Yes	8446677
2328	1977	3	3	2	2024	Jaipur	Poor	No	17260208
2329	4347	6	5	3	2025	Pune	Very Good	No	82033328
2330	2233	3	3	2	2026	Jaipur	Good	No	24503452
2331	3811	6	5	4	2016	Coimbatore	Good	No	38031228
2332	3502	4	4	3	2024	Hyderabad	Good	No	45063077
2333	4939	6	5	1	2022	Hyderabad	Very Good	No	71479627
2334	1093	2	1	4	2003	Bangalore	Good	No	17531664
2335	3590	4	4	2	2007	Bangalore	Fair	Yes	52560258
2336	4195	6	5	1	2007	Delhi	Good	No	75972756
2337	3774	5	4	4	2013	Kochi	Very Good	Yes	42226159
2338	4482	6	5	3	2025	Mumbai	Fair	No	100832481
2339	1930	2	2	1	1998	Noida	Very Good	Yes	32803441
2340	2005	3	3	3	2022	Kochi	Fair	Yes	19810967
2341	1511	2	3	1	2019	Coimbatore	Fair	Yes	13455845
2342	3761	6	5	3	2001	Mysore	Fair	No	30767861
2343	808	1	1	3	2004	Jaipur	Very Good	Yes	9335294
2344	4603	6	5	2	2006	Chennai	Good	Yes	56038567
2345	1532	2	3	2	2000	Jaipur	Good	No	14563279
2346	1812	4	5	1	2024	Jaipur	Excellent	No	23384237
2347	621	1	2	2	2014	Jaipur	Good	No	6947745
2348	2042	2	3	3	2009	Bangalore	Excellent	Yes	41653253
2349	4623	6	5	4	2025	Hyderabad	Good	No	62874164
2350	2150	3	2	4	2012	Noida	Good	No	33400560
2351	925	1	1	2	2003	Jaipur	Excellent	Yes	11180153
2352	4795	6	5	3	2015	Pune	Good	No	69313680
2353	3929	5	5	3	2022	Jaipur	Good	No	40170018
2354	4998	6	5	4	2007	Coimbatore	Very Good	No	45911475
2355	3495	5	4	1	2021	Mumbai	Very Good	Yes	97167580
2356	1415	3	3	2	2014	Delhi	Excellent	No	31477943
2357	4584	6	5	3	2014	Bangalore	Good	Yes	80084013
2358	4299	5	4	3	2022	Chennai	Good	Yes	61754340
2359	3996	5	4	2	2017	Chennai	Poor	Yes	40183389
2360	1947	3	4	1	2019	Mumbai	Very Good	No	54567892
2361	1538	2	1	1	2018	Mumbai	Fair	Yes	34646138
2362	4161	5	5	2	2010	Coimbatore	Very Good	No	40680452
2363	4819	6	5	4	2018	Delhi	Very Good	No	104560215
2364	1361	1	2	4	1999	Hyderabad	Good	Yes	15022762
2365	3169	5	5	2	2009	Jaipur	Very Good	Yes	31435879
2366	2194	2	1	3	2003	Ahmedabad	Very Good	No	23822703
2367	3955	5	5	1	2021	Ahmedabad	Poor	Yes	34561764
2368	3427	5	5	4	2010	Hyderabad	Very Good	Yes	43268478
2369	982	1	1	4	2006	Noida	Very Good	No	17343250
2370	3395	5	5	2	2003	Chennai	Fair	Yes	40750634
2371	2746	4	5	2	1998	Noida	Good	Yes	39854162
2372	1779	3	2	3	2022	Jaipur	Very Good	Yes	21637300
2373	4371	6	5	4	2015	Delhi	Good	No	85867793
2374	2235	3	3	3	2008	Ahmedabad	Good	Yes	24100628
2375	2160	3	3	3	2000	Coimbatore	Good	Yes	18373895
2376	4847	6	5	4	1999	Ahmedabad	Poor	No	35593453
2377	4592	6	5	2	2024	Hyderabad	Good	No	61962252
2378	3953	6	5	1	1998	Bangalore	Poor	Yes	48903041
2379	4337	6	5	3	2015	Delhi	Good	No	87534992
2380	593	1	1	2	2021	Bangalore	Fair	Yes	9376644
2381	565	1	1	3	2007	Coimbatore	Very Good	No	6010732
2382	1079	3	4	3	2003	Hyderabad	Good	No	14367934
2383	2568	3	3	3	2017	Ahmedabad	Very Good	Yes	31470609
2384	3145	5	5	1	2000	Chennai	Fair	Yes	32365325
2385	3736	4	3	4	2012	Coimbatore	Fair	Yes	30510873
2386	655	1	2	3	2024	Bangalore	Excellent	Yes	14257644
2387	644	1	1	4	2017	Hyderabad	Good	Yes	9160599
2388	3791	4	3	4	2019	Mysore	Good	No	32530703
2389	2362	3	2	4	2004	Jaipur	Good	Yes	20549396
2390	4335	6	5	2	1998	Noida	Excellent	Yes	75558135
2391	4992	6	5	2	2012	Hyderabad	Very Good	No	69828122
2392	4172	6	5	4	2010	Mysore	Good	Yes	36882285
2393	3729	5	5	1	2003	Coimbatore	Excellent	Yes	42557438
2394	2801	3	2	1	1998	Hyderabad	Very Good	Yes	33833669
2395	2814	5	5	4	2004	Chennai	Good	No	32953654
2396	3285	5	5	1	2003	Noida	Very Good	Yes	54608070
2397	2842	4	4	1	2014	Pune	Good	No	41757356
2398	566	2	2	4	2008	Pune	Good	Yes	10210374
2399	4781	6	5	4	2019	Kochi	Excellent	Yes	62885277
2400	1728	3	3	3	2006	Chennai	Good	Yes	23964750
2401	3219	6	5	3	2006	Jaipur	Fair	Yes	28330394
2402	4819	6	5	2	2004	Delhi	Good	Yes	80964127
2403	3532	6	5	2	2025	Delhi	Very Good	Yes	81841762
2404	3102	4	5	4	2026	Jaipur	Very Good	No	35691629
2405	4158	6	5	1	2023	Noida	Good	Yes	72902393
2406	3823	5	5	1	2001	Hyderabad	Good	No	45339208
2407	2227	2	2	3	2020	Coimbatore	Good	Yes	21809251
2408	1367	3	3	3	2010	Coimbatore	Fair	Yes	13196607
2409	2207	3	4	2	1998	Coimbatore	Excellent	No	23574304
2410	4522	6	5	3	2002	Mumbai	Good	Yes	98162751
2411	2555	4	3	4	2022	Bangalore	Good	Yes	47352389
2412	3941	6	5	3	1998	Coimbatore	Fair	No	29181848
2413	2867	5	5	4	2008	Mumbai	Very Good	Yes	71685437
2414	3965	5	4	4	2026	Pune	Very Good	Yes	71067148
2415	4943	6	5	4	2014	Coimbatore	Excellent	Yes	60813667
2416	1420	2	3	3	2014	Ahmedabad	Very Good	Yes	18702293
2417	2607	5	4	3	2026	Jaipur	Very Good	Yes	32041987
2418	1533	2	2	1	2000	Noida	Fair	No	19501495
2419	2829	4	3	1	1998	Ahmedabad	Very Good	No	30933306
2420	2952	4	3	4	2011	Bangalore	Poor	No	39835269
2421	2834	4	4	4	2022	Jaipur	Very Good	Yes	30739849
2422	2002	2	1	2	2011	Mumbai	Good	No	47849955
2423	4448	6	5	3	2001	Chennai	Good	No	56398133
2424	4707	6	5	1	2020	Mumbai	Very Good	Yes	114979765
2425	3978	5	5	1	2026	Jaipur	Very Good	No	48501696
2426	2536	3	3	4	2009	Bangalore	Good	No	38139738
2427	4333	6	5	4	2002	Chennai	Good	No	49481735
2428	2467	4	4	3	2026	Mumbai	Good	Yes	60946390
2429	2713	4	5	3	2022	Coimbatore	Poor	Yes	23234425
2430	4050	6	5	4	2002	Ahmedabad	Excellent	Yes	53163925
2431	4285	6	5	4	2011	Mumbai	Good	Yes	97919838
2432	4386	6	5	3	2009	Jaipur	Fair	Yes	35025682
2433	1722	2	3	1	2010	Pune	Good	Yes	27319211
2434	2845	4	4	1	2000	Coimbatore	Fair	Yes	22503690
2435	1742	2	2	3	2006	Chennai	Very Good	No	23429184
2436	2929	4	5	1	2017	Bangalore	Excellent	Yes	55963200
2437	2890	4	4	4	2008	Ahmedabad	Fair	Yes	26815050
2438	3679	5	5	4	2023	Mysore	Very Good	Yes	39640740
2439	4081	5	5	3	2019	Kochi	Fair	No	37294487
2440	3609	5	5	2	2009	Ahmedabad	Very Good	No	41636848
2441	1169	1	1	1	2015	Mumbai	Excellent	Yes	33853631
2442	2497	4	4	2	2001	Ahmedabad	Good	No	23290793
2443	3381	4	5	2	1999	Hyderabad	Very Good	Yes	38919260
2444	2374	3	4	3	2003	Bangalore	Poor	No	31129812
2445	4893	6	5	1	2023	Kochi	Good	No	50748688
2446	4423	6	5	2	2009	Noida	Very Good	Yes	73856078
2447	2932	4	3	2	2003	Jaipur	Very Good	Yes	29559474
2448	4637	6	5	4	2010	Kochi	Good	No	50613222
2449	2589	3	2	2	2015	Chennai	Fair	No	28459316
2450	2674	4	4	2	2020	Hyderabad	Excellent	Yes	41487053
2451	1575	2	2	1	2018	Jaipur	Very Good	No	16667813
2452	3061	3	2	2	2008	Mumbai	Fair	No	56566612
2453	4493	5	4	3	2017	Ahmedabad	Good	No	52453089
2454	1026	1	1	1	2005	Kochi	Very Good	Yes	10785577
2455	2819	5	4	1	2014	Coimbatore	Good	Yes	26603843
2456	2853	5	4	4	2002	Mumbai	Good	Yes	61977434
2457	2845	5	5	2	1998	Pune	Very Good	No	42401911
2458	2134	3	3	4	2010	Hyderabad	Very Good	No	28578431
2459	4700	6	5	3	2000	Mysore	Good	No	36409827
2460	3632	4	4	2	2007	Delhi	Good	Yes	62711005
2461	839	1	1	2	1999	Jaipur	Very Good	No	8715509
2462	2475	5	5	3	2016	Mumbai	Good	Yes	56927431
2463	2339	4	4	4	2026	Pune	Good	No	40389714
2464	596	2	2	1	2023	Chennai	Excellent	Yes	10687171
2465	3715	6	5	1	2021	Kochi	Very Good	Yes	47287015
2466	4674	6	5	2	2001	Noida	Very Good	Yes	69895382
2467	898	2	2	1	2026	Ahmedabad	Very Good	No	11149358
2468	4427	6	5	3	2008	Delhi	Very Good	No	86111532
2469	3643	4	4	2	2023	Bangalore	Good	No	66283248
2470	3369	6	5	3	1999	Hyderabad	Very Good	No	43522648
2471	4620	6	5	4	2013	Bangalore	Good	Yes	72288119
2472	1177	3	4	4	2024	Chennai	Good	Yes	17526400
2473	1133	1	1	3	2020	Jaipur	Good	Yes	11312353
2474	1708	2	2	2	2005	Bangalore	Very Good	No	30600959
2475	558	1	2	4	2018	Ahmedabad	Excellent	No	8326457
2476	2645	4	5	3	2002	Pune	Very Good	No	38566054
2477	3587	5	5	2	2026	Pune	Very Good	No	67498736
2478	1204	2	3	1	2016	Delhi	Very Good	No	23699859
2479	1799	2	2	4	2010	Coimbatore	Good	Yes	16719878
2480	821	1	1	2	2008	Mumbai	Fair	No	16705253
2481	3360	6	5	2	2001	Noida	Very Good	No	55556590
2482	3643	6	5	4	2015	Hyderabad	Poor	No	39302392
2483	4016	6	5	1	2024	Bangalore	Excellent	No	81498238
2484	1663	2	1	3	2023	Kochi	Fair	Yes	17008273
2485	1309	3	3	1	2022	Noida	Very Good	Yes	26726185
2486	2791	4	5	2	2024	Ahmedabad	Very Good	No	35602638
2487	748	2	2	1	2025	Hyderabad	Excellent	Yes	12783638
2488	2366	2	3	2	2014	Kochi	Fair	No	22140817
2489	4570	6	5	2	2012	Hyderabad	Good	Yes	51905100
2490	1667	1	1	3	2017	Mumbai	Very Good	Yes	41620194
2491	1758	3	3	4	2024	Delhi	Excellent	No	44845190
2492	3406	5	5	2	2022	Pune	Good	Yes	55969706
2493	970	1	1	3	2021	Noida	Poor	No	14138289
2494	3312	5	4	4	2002	Chennai	Excellent	Yes	47628671
2495	2051	3	3	2	2023	Ahmedabad	Very Good	No	26228352
2496	3568	5	4	1	2020	Ahmedabad	Good	Yes	38181655
2497	3758	5	5	3	2013	Bangalore	Very Good	Yes	71421057
2498	2212	2	2	4	2002	Pune	Good	Yes	32575451
2499	1493	1	1	1	2026	Noida	Excellent	Yes	33253332
2500	603	1	1	2	2022	Kochi	Fair	No	6428845
2501	4944	6	5	2	2008	Kochi	Very Good	Yes	50223774
2502	1633	3	3	4	2013	Bangalore	Good	No	29291289
2503	1275	3	3	1	2013	Coimbatore	Good	Yes	12791853
2504	3448	6	5	4	2010	Delhi	Very Good	Yes	68370931
2505	2569	3	4	1	2018	Ahmedabad	Good	Yes	30569172
2506	2458	4	4	4	2006	Mysore	Good	Yes	22091442
2507	3756	4	4	3	2018	Pune	Fair	No	54635958
2508	2232	3	3	1	2017	Mysore	Excellent	Yes	23178324
2509	1591	3	3	1	2011	Coimbatore	Good	Yes	15961438
2510	4639	6	5	4	2021	Noida	Excellent	Yes	98884495
2511	2159	3	3	1	2018	Bangalore	Very Good	Yes	40841296
2512	1409	3	3	2	2024	Jaipur	Very Good	No	17581571
2513	4061	6	5	2	2016	Bangalore	Excellent	Yes	77166267
2514	1193	2	2	1	2022	Hyderabad	Excellent	Yes	18403237
2515	4322	6	5	2	2001	Coimbatore	Fair	No	33950438
2516	4278	6	5	4	2024	Pune	Fair	No	57358949
2517	717	2	1	1	1998	Bangalore	Good	Yes	11544893
2518	1999	3	2	4	2018	Chennai	Very Good	Yes	32490743
2519	4037	6	5	3	2017	Bangalore	Very Good	Yes	78945579
2520	2496	5	5	4	2014	Chennai	Very Good	No	36379451
2521	526	1	1	2	2021	Kochi	Good	Yes	6445000
2522	1314	2	3	2	2003	Mysore	Very Good	Yes	13798262
2523	2507	4	4	1	2007	Noida	Very Good	Yes	39510927
2524	1782	3	3	2	2011	Pune	Fair	Yes	24460850
2525	2784	4	4	4	2001	Noida	Good	Yes	39962785
2526	2250	4	4	3	2021	Hyderabad	Poor	Yes	23410348
2527	4588	6	5	3	2014	Chennai	Very Good	No	61379879
2528	3705	5	5	3	2016	Hyderabad	Very Good	Yes	53805681
2529	1635	3	3	2	2007	Delhi	Excellent	Yes	34033569
2530	501	1	1	3	2018	Bangalore	Good	Yes	8925233
2531	4334	5	5	1	2005	Ahmedabad	Fair	Yes	42873228
2532	2177	2	2	3	2014	Hyderabad	Good	No	28265474
2533	4875	6	5	3	2016	Jaipur	Good	No	51267800
2534	1743	2	1	3	2020	Noida	Fair	No	24397847
2535	3633	6	5	4	2006	Mysore	Fair	Yes	27744741
2536	4627	6	5	4	2018	Jaipur	Poor	Yes	38224147
2537	4021	6	5	2	2016	Ahmedabad	Very Good	No	47195454
2538	1761	2	2	4	2018	Jaipur	Good	Yes	16960837
2539	1042	2	2	1	2022	Coimbatore	Fair	Yes	9331475
2540	3565	5	5	3	2017	Delhi	Good	Yes	70232199
2541	1151	2	1	3	2013	Chennai	Excellent	No	19018472
2542	2484	5	4	1	2026	Chennai	Good	No	36847548
2543	2153	3	2	2	2007	Coimbatore	Very Good	Yes	22060328
2544	3715	4	3	2	2016	Kochi	Good	No	41342358
2545	2634	4	3	1	2012	Kochi	Fair	Yes	23522546
2546	1076	2	1	3	2010	Delhi	Good	Yes	18736827
2547	3240	5	5	3	1998	Delhi	Very Good	Yes	56025025
2548	915	1	1	2	2003	Noida	Excellent	Yes	16269129
2549	4083	5	4	1	2018	Coimbatore	Good	Yes	37249871
2550	542	1	1	2	2014	Bangalore	Very Good	No	10493228
2551	996	2	3	4	2024	Noida	Good	No	17508805
2552	1790	2	2	3	2003	Mysore	Good	Yes	14605887
2553	3784	5	4	2	2016	Bangalore	Good	No	61761615
2554	1374	3	3	2	2023	Mysore	Very Good	Yes	16164071
2555	2838	4	4	1	2015	Chennai	Very Good	Yes	39007458
2556	643	2	1	2	2017	Chennai	Good	Yes	9845705
2557	929	1	2	1	2015	Delhi	Good	No	18794707
2558	1662	2	2	2	2010	Bangalore	Very Good	Yes	28271052
2559	2151	3	2	3	2012	Mysore	Fair	No	18571449
2560	3688	6	5	3	2009	Delhi	Excellent	Yes	85503213
2561	2053	3	3	3	2023	Pune	Excellent	Yes	39709621
2562	4449	6	5	1	2004	Kochi	Good	Yes	44361592
2563	1608	3	3	3	2017	Ahmedabad	Good	Yes	18875174
2564	643	2	3	4	2025	Bangalore	Good	Yes	13268730
2565	3543	5	4	2	2022	Hyderabad	Fair	No	41053107
2566	3990	6	5	2	2022	Ahmedabad	Good	No	44408887
2567	2902	5	5	3	2021	Chennai	Good	Yes	38517332
2568	4054	6	5	4	2018	Coimbatore	Good	No	42047653
2569	1102	2	3	3	2001	Jaipur	Good	Yes	11204696
2570	4227	6	5	3	1998	Bangalore	Very Good	Yes	74004969
2571	2542	3	3	3	2026	Hyderabad	Good	No	34370878
2572	3103	3	3	2	2002	Mysore	Very Good	No	28316322
2573	3841	5	5	3	2021	Noida	Fair	No	61587199
2574	516	1	1	1	2013	Chennai	Good	Yes	7758009
2575	4223	6	5	2	2026	Chennai	Good	Yes	61894040
2576	4686	6	5	1	2023	Jaipur	Very Good	Yes	53403568
2577	744	2	1	2	2003	Pune	Good	Yes	11126103
2578	1643	2	3	4	2008	Hyderabad	Excellent	Yes	25040685
2579	870	2	1	1	2024	Kochi	Very Good	No	10195199
2580	1356	1	1	3	2003	Noida	Good	Yes	21383683
2581	4366	6	5	2	2016	Bangalore	Very Good	Yes	84420059
2582	3194	6	5	1	2019	Bangalore	Excellent	No	64263198
2583	1728	2	2	1	2023	Bangalore	Good	Yes	30718618
2584	1875	3	3	3	2024	Chennai	Good	No	27366401
2585	3736	5	5	3	2025	Mysore	Good	Yes	34255477
2586	2649	4	4	1	2013	Coimbatore	Very Good	Yes	29511525
2587	1629	2	2	4	2000	Noida	Good	No	24455919
2588	4775	6	5	4	2020	Chennai	Fair	No	58497699
2589	3739	6	5	1	2024	Delhi	Fair	No	66949366
2590	4423	6	5	4	2002	Ahmedabad	Fair	No	38820626
2591	3392	5	5	3	2011	Chennai	Very Good	Yes	46240267
2592	586	1	2	2	2026	Hyderabad	Poor	Yes	6615527
2593	4950	6	5	4	2022	Jaipur	Good	Yes	50199466
2594	3529	6	5	2	2022	Hyderabad	Excellent	No	54787268
2595	3505	5	5	2	2000	Mumbai	Very Good	No	82530527
2596	1453	2	2	4	2015	Hyderabad	Good	Yes	17671866
2597	1595	2	3	2	2007	Bangalore	Excellent	Yes	29373907
2598	3443	4	4	3	2003	Noida	Good	No	52673198
2599	1997	3	4	2	2013	Coimbatore	Good	No	19260302
2600	867	2	2	3	2003	Hyderabad	Very Good	No	10826910
2601	2517	4	3	2	2006	Pune	Very Good	No	36517991
2602	2166	2	2	4	2024	Hyderabad	Good	No	30133961
2603	1479	2	2	3	2007	Chennai	Fair	Yes	16566212
2604	871	1	1	2	2021	Chennai	Good	No	12066843
2605	645	2	2	4	2000	Hyderabad	Good	Yes	8457082
2606	2087	3	4	4	2007	Kochi	Good	No	22576352
2607	855	1	2	4	2026	Ahmedabad	Very Good	Yes	12239654
2608	1981	2	2	1	2005	Coimbatore	Very Good	No	18976189
2609	3127	3	3	4	2014	Noida	Very Good	Yes	57128981
2610	2007	2	2	4	2018	Kochi	Poor	Yes	17137167
2611	2295	3	2	4	2017	Mysore	Fair	No	18321278
2612	3754	4	5	3	2008	Chennai	Very Good	No	51358417
2613	1458	3	3	4	2003	Hyderabad	Good	Yes	18628750
2614	4842	6	5	4	2007	Bangalore	Good	No	72273685
2615	4402	6	5	4	2010	Jaipur	Very Good	No	44374873
2616	882	1	1	2	2010	Delhi	Good	No	15826958
2617	2218	3	3	3	2012	Noida	Fair	No	30162841
2618	2661	3	2	2	2000	Delhi	Very Good	Yes	46448480
2619	2225	3	2	3	2004	Mumbai	Very Good	No	49688959
2620	1564	2	2	4	2006	Noida	Excellent	Yes	27356743
2621	3631	6	5	3	2021	Jaipur	Poor	No	31832404
2622	4063	5	5	1	2016	Kochi	Good	No	39928694
2623	1081	3	2	1	2026	Hyderabad	Very Good	No	16189058
2624	4346	6	5	3	2013	Ahmedabad	Excellent	No	56464956
2625	971	1	2	3	2022	Chennai	Very Good	Yes	15289240
2626	3881	5	5	1	2019	Mysore	Fair	Yes	34685886
2627	1206	2	1	3	2005	Jaipur	Fair	No	11148366
2628	4086	6	5	3	2022	Pune	Good	No	67340383
2629	1856	3	2	2	2002	Hyderabad	Good	No	20075542
2630	1560	3	4	3	1999	Delhi	Good	Yes	28112522
2631	2087	2	2	1	2011	Hyderabad	Excellent	No	28363369
2632	2771	4	4	2	2003	Noida	Good	No	43950362
2633	4140	6	5	4	2006	Bangalore	Good	No	61214093
2634	4910	6	5	1	1999	Chennai	Excellent	No	71368701
2635	3329	6	5	1	2002	Chennai	Very Good	Yes	48245316
2636	2939	4	4	2	2026	Noida	Excellent	No	62361923
2637	2480	3	4	1	2011	Chennai	Fair	Yes	31597168
2638	1187	1	2	2	2023	Hyderabad	Good	Yes	16959365
2639	1179	1	1	2	1999	Hyderabad	Good	No	13443716
2640	3053	3	2	2	2001	Mysore	Very Good	Yes	29265298
2641	4743	6	5	3	2011	Noida	Very Good	No	83310022
2642	4450	6	5	2	2024	Ahmedabad	Good	Yes	49643796
2643	4339	6	5	4	2018	Mumbai	Good	No	97954167
2644	2730	4	4	2	2007	Ahmedabad	Fair	No	24356518
2645	1575	2	2	1	2014	Pune	Very Good	No	26702885
2646	2089	4	5	4	2019	Coimbatore	Good	Yes	22297901
2647	4322	5	5	1	2026	Mysore	Fair	No	36424222
2648	4794	6	5	1	2005	Bangalore	Good	Yes	77387111
2649	1611	3	3	2	2008	Chennai	Good	Yes	20933444
2650	2710	4	4	1	2021	Bangalore	Good	Yes	44976655
2651	3593	5	4	4	2021	Chennai	Very Good	Yes	52769623
2652	1261	3	3	2	2019	Bangalore	Very Good	Yes	26249534
2653	565	1	1	2	2007	Pune	Good	No	8224413
2654	3333	4	3	1	2008	Mumbai	Very Good	Yes	74633747
2655	3696	6	5	3	2014	Chennai	Good	No	51084408
2656	1942	4	3	2	2024	Chennai	Good	Yes	29541911
2657	4039	6	5	4	2024	Noida	Good	No	72440527
2658	3565	5	5	4	2021	Pune	Good	No	57808072
2659	2070	3	3	2	2006	Delhi	Excellent	Yes	42575294
2660	3418	5	5	2	2017	Ahmedabad	Very Good	Yes	40348244
2661	4859	6	5	3	2016	Mumbai	Poor	Yes	84514006
2662	4420	5	5	4	2025	Chennai	Very Good	Yes	69285899
2663	2388	4	5	1	2026	Kochi	Good	Yes	27585318
2664	2140	2	3	3	2008	Ahmedabad	Very Good	No	22803100
2665	3327	4	3	1	1998	Pune	Poor	No	33997033
2666	504	1	1	1	2013	Mysore	Very Good	No	5312401
2667	3619	4	4	1	1998	Coimbatore	Very Good	Yes	33407747
2668	1250	2	2	3	2001	Chennai	Good	Yes	16309195
2669	1708	2	1	4	2006	Chennai	Good	Yes	23130931
2670	979	1	1	1	2003	Chennai	Good	No	11718160
2671	1642	2	3	1	2002	Chennai	Very Good	Yes	23233783
2672	1021	1	1	4	2025	Ahmedabad	Very Good	Yes	12502437
2673	1803	2	2	4	2011	Ahmedabad	Fair	Yes	18345091
2674	4071	6	5	1	2020	Mumbai	Good	Yes	103537508
2675	3501	4	5	4	2014	Hyderabad	Good	Yes	40350865
2676	960	1	1	1	2013	Ahmedabad	Good	No	9704704
2677	1921	3	3	2	2007	Pune	Fair	No	26336363
2678	1684	2	3	3	2017	Chennai	Very Good	Yes	25910653
2679	1256	2	2	4	2009	Chennai	Excellent	Yes	21131188
2680	4719	6	5	1	2025	Ahmedabad	Very Good	No	60021496
2681	4049	6	5	4	2001	Mumbai	Good	No	82409489
2682	2747	4	3	4	2014	Bangalore	Excellent	Yes	51013097
2683	4680	6	5	4	2021	Pune	Very Good	No	81449766
2684	4838	6	5	4	2002	Noida	Good	No	76198146
2685	4597	6	5	3	2008	Delhi	Good	No	80160492
2686	4653	6	5	2	2009	Mumbai	Good	Yes	109676537
2687	1591	1	1	4	2001	Ahmedabad	Fair	No	13387579
2688	4003	6	5	4	2004	Jaipur	Good	Yes	35507662
2689	2052	2	2	4	2013	Coimbatore	Fair	No	17794153
2690	3085	3	3	4	2007	Chennai	Poor	No	31705874
2691	3233	4	4	1	2021	Jaipur	Poor	No	28050967
2692	908	1	2	1	2007	Kochi	Good	Yes	10080222
2693	2524	4	3	3	2014	Chennai	Very Good	Yes	36445757
2694	3875	5	5	3	2012	Delhi	Excellent	No	90701248
2695	4538	6	5	4	2017	Delhi	Good	Yes	87794361
2696	1003	2	1	3	2017	Jaipur	Fair	No	9924497
2697	3500	5	5	1	2005	Delhi	Poor	Yes	52469686
2698	887	1	1	3	2024	Jaipur	Very Good	Yes	11309792
2699	4995	6	5	4	2005	Delhi	Good	Yes	85362425
2700	560	2	2	4	1998	Kochi	Excellent	No	7217218
2701	728	1	1	1	2016	Noida	Excellent	No	14912029
2702	4848	6	5	3	1998	Ahmedabad	Very Good	Yes	48433191
2703	3374	6	5	2	2015	Bangalore	Poor	Yes	44177118
2704	2487	4	5	1	2021	Delhi	Fair	No	44125804
2705	600	1	1	2	2018	Mysore	Very Good	Yes	7152123
2706	4395	6	5	1	2023	Ahmedabad	Good	Yes	53974787
2707	985	1	2	1	2013	Pune	Very Good	Yes	16403921
2708	4011	5	4	3	2013	Pune	Very Good	No	66522343
2709	2207	3	2	1	2022	Mumbai	Good	No	50888567
2710	1386	3	2	1	2018	Mysore	Good	No	12527452
2711	3441	4	5	4	2025	Jaipur	Very Good	No	38450563
2712	4880	6	5	2	1999	Kochi	Good	No	44756329
2713	4105	6	5	1	2011	Ahmedabad	Very Good	No	47772189
2714	3845	5	5	4	2010	Pune	Good	Yes	53964527
2715	1236	2	2	4	2004	Bangalore	Excellent	Yes	24021235
2716	710	2	1	4	2016	Hyderabad	Excellent	Yes	11670543
2717	4947	6	5	4	2003	Jaipur	Good	No	47728981
2718	984	1	2	3	2005	Jaipur	Poor	No	8290301
2719	1201	2	1	4	2000	Mysore	Very Good	Yes	12313986
2720	4091	5	5	1	2010	Hyderabad	Good	Yes	49517452
2721	4688	6	5	1	2000	Bangalore	Fair	No	65014095
2722	2208	4	4	2	2011	Mumbai	Very Good	Yes	56098591
2723	1298	3	4	4	2014	Mysore	Excellent	No	14042316
2724	1602	2	3	3	2013	Bangalore	Good	No	26171616
2725	3854	6	5	4	2019	Noida	Fair	No	55921303
2726	4103	6	5	3	2001	Delhi	Fair	Yes	67627812
2727	1172	1	1	4	2025	Hyderabad	Good	Yes	16018616
2728	583	1	2	4	2026	Mumbai	Good	Yes	15020062
2729	3427	6	5	2	2007	Hyderabad	Fair	No	38762250
2730	4710	6	5	4	2002	Noida	Fair	No	60661464
2731	4305	6	5	3	2000	Hyderabad	Very Good	No	55722798
2732	4699	6	5	2	2009	Jaipur	Good	No	41052973
2733	1644	1	1	1	2011	Chennai	Good	No	21741094
2734	4748	6	5	3	2017	Coimbatore	Good	Yes	46471580
2735	2023	4	4	2	2018	Noida	Very Good	No	37803317
2736	3547	5	5	1	2024	Bangalore	Fair	Yes	59599357
2737	1692	2	2	1	2010	Pune	Good	Yes	24232890
2738	2518	5	5	1	2005	Coimbatore	Very Good	No	25179825
2739	1730	3	2	1	2009	Hyderabad	Good	No	20914327
2740	1256	3	2	3	2014	Mumbai	Very Good	No	30521087
2741	1545	2	2	2	2022	Jaipur	Good	No	16007998
2742	4074	6	5	4	2001	Hyderabad	Fair	Yes	42219672
2743	3907	6	5	4	2022	Coimbatore	Good	Yes	36375485
2744	1858	2	2	3	2022	Mumbai	Very Good	No	45331750
2745	4615	6	5	1	1998	Mumbai	Excellent	Yes	123402737
2746	2152	3	3	1	2008	Jaipur	Good	No	18670904
2747	852	1	1	3	2001	Noida	Very Good	Yes	14058834
2748	2488	3	3	3	2003	Jaipur	Good	No	23386988
2749	3618	6	5	1	2015	Jaipur	Good	Yes	33640249
2750	3282	6	5	4	2019	Pune	Very Good	No	58614675
2751	2903	4	3	1	2000	Noida	Good	Yes	40173501
2752	790	1	1	2	2018	Delhi	Poor	Yes	12788656
2753	909	1	1	2	2020	Delhi	Good	No	17393522
2754	2550	4	5	3	2014	Delhi	Very Good	No	54303259
2755	1542	3	3	2	2007	Jaipur	Very Good	No	15385769
2756	3226	6	5	3	2017	Coimbatore	Fair	Yes	29397937
2757	647	1	2	1	2015	Mysore	Poor	No	5040060
2758	3245	5	4	1	2008	Ahmedabad	Very Good	Yes	35406850
2759	601	1	1	4	2012	Delhi	Fair	No	11008795
2760	2144	4	4	3	2005	Bangalore	Good	No	31987414
2761	1349	2	3	3	2008	Pune	Good	No	20954462
2762	2643	5	4	3	2010	Bangalore	Very Good	Yes	44619510
2763	3357	5	5	1	2012	Noida	Very Good	Yes	58161597
2764	1700	1	1	1	2020	Mumbai	Very Good	No	42047482
2765	653	1	1	4	2010	Ahmedabad	Excellent	Yes	9627917
2766	2253	3	2	3	1999	Noida	Very Good	No	34965926
2767	1249	3	3	4	2013	Coimbatore	Good	No	13390816
2768	3994	6	5	4	2016	Bangalore	Good	No	69178575
2769	3158	4	4	3	2002	Mysore	Good	No	26641801
2770	4437	6	5	3	2012	Kochi	Very Good	No	46234647
2771	677	1	1	3	2009	Kochi	Excellent	Yes	9436915
2772	4357	5	4	1	2001	Mysore	Poor	Yes	27201613
2773	1183	1	1	1	2023	Noida	Fair	Yes	16858879
2774	4678	6	5	3	2015	Chennai	Very Good	Yes	67308625
2775	4806	6	5	3	1999	Jaipur	Good	Yes	45148683
2776	1406	2	2	1	2020	Pune	Poor	Yes	17714912
2777	3020	3	3	1	2025	Ahmedabad	Very Good	No	37672533
2778	3796	6	5	1	2024	Delhi	Excellent	Yes	94459138
2779	2623	5	5	4	2004	Mysore	Poor	No	20159585
2780	823	1	2	1	2004	Hyderabad	Very Good	Yes	10274736
2781	754	1	2	3	2006	Noida	Good	No	11194635
2782	2843	4	5	3	2015	Ahmedabad	Fair	Yes	28901225
2783	2781	3	3	3	2011	Delhi	Good	Yes	51933955
2784	1422	1	1	3	2019	Mumbai	Good	Yes	32143884
2785	873	1	2	2	2007	Jaipur	Good	No	7990758
2786	2407	2	3	3	1999	Bangalore	Very Good	No	41456631
2787	3793	4	4	1	2007	Bangalore	Excellent	No	72305216
2788	3629	4	4	2	2000	Pune	Good	Yes	50865520
2789	4600	6	5	3	2026	Mysore	Very Good	No	46215993
2790	4553	6	5	3	2025	Bangalore	Excellent	No	100490834
2791	3702	5	5	4	2019	Bangalore	Good	No	62422467
2792	708	1	1	3	2026	Mumbai	Good	No	19139213
2793	4755	6	5	1	2005	Delhi	Fair	Yes	79249532
2794	590	1	2	2	2007	Noida	Very Good	Yes	11225484
2795	2020	3	4	2	2010	Mysore	Poor	Yes	14692943
2796	1157	3	2	1	2020	Delhi	Fair	No	22208226
2797	3237	5	5	1	2019	Chennai	Very Good	Yes	45074798
2798	2758	4	4	3	2009	Kochi	Fair	Yes	24012394
2799	1694	3	3	2	2006	Delhi	Good	Yes	30629114
2800	1784	3	3	2	2025	Hyderabad	Very Good	No	26200052
2801	3358	5	4	2	2012	Noida	Poor	No	39406240
2802	4099	6	5	4	2016	Hyderabad	Good	Yes	49236859
2803	826	1	1	4	2004	Bangalore	Excellent	No	16804453
2804	1386	2	2	4	2014	Jaipur	Fair	No	12578620
2805	1241	1	2	4	2025	Delhi	Very Good	No	26428500
2806	2654	4	4	3	2019	Pune	Fair	Yes	38211218
2807	1938	3	3	2	2026	Pune	Fair	Yes	28231199
2808	3570	4	5	1	2020	Jaipur	Good	No	37662741
2809	3043	4	4	2	2019	Hyderabad	Good	Yes	36509357
2810	1368	1	1	3	2006	Bangalore	Good	Yes	22485659
2811	1399	1	1	1	2005	Delhi	Good	Yes	25244745
2812	4204	6	5	1	2001	Mumbai	Very Good	No	101255713
2813	4000	6	5	1	2004	Hyderabad	Fair	No	41372726
2814	1356	2	2	2	2015	Pune	Excellent	No	24930901
2815	1191	2	3	3	2024	Delhi	Poor	Yes	19937220
2816	2097	3	3	2	2013	Mysore	Good	Yes	19924546
2817	1679	1	2	4	2022	Hyderabad	Very Good	No	22312880
2818	2316	3	2	1	2019	Bangalore	Good	No	40982190
2819	2375	3	3	4	2005	Bangalore	Good	Yes	37505014
2820	3968	6	5	4	2021	Noida	Fair	No	60506463
2821	4790	6	5	3	2021	Coimbatore	Good	No	46928791
2822	1683	1	1	1	2018	Ahmedabad	Very Good	No	20200933
2823	3467	4	5	4	2009	Mumbai	Excellent	No	93175077
2824	4004	6	5	2	2019	Jaipur	Very Good	No	45874002
2825	990	1	1	3	2026	Chennai	Poor	Yes	11445474
2826	1178	3	2	4	2006	Bangalore	Very Good	No	22153186
2827	3336	5	4	1	2011	Mysore	Excellent	Yes	37435519
2828	4133	6	5	4	2005	Kochi	Very Good	Yes	42259088
2829	3209	5	4	3	2008	Pune	Fair	No	41124476
2830	4204	6	5	3	2022	Mumbai	Good	No	102461205
2831	1716	3	2	2	2023	Mumbai	Very Good	Yes	42740644
2832	3315	5	5	3	2022	Jaipur	Very Good	Yes	35502748
2833	2595	4	5	4	2020	Mumbai	Good	Yes	67505102
2834	1862	4	3	1	2007	Hyderabad	Good	Yes	23826478
2835	3451	4	3	1	2008	Mumbai	Very Good	No	82287340
2836	2662	4	3	3	2000	Delhi	Good	No	42390061
2837	2154	3	2	1	2021	Ahmedabad	Very Good	No	24620677
2838	4370	5	5	1	2004	Bangalore	Very Good	No	70038536
2839	4214	5	5	2	2020	Mumbai	Fair	Yes	86440529
2840	715	1	1	3	2012	Noida	Good	Yes	12447917
2841	2881	4	4	3	2008	Noida	Very Good	No	51703515
2842	625	2	2	1	2013	Delhi	Good	Yes	11622921
2843	4700	6	5	2	2014	Bangalore	Poor	Yes	65079692
2844	3403	5	4	2	2012	Jaipur	Fair	No	32003377
2845	3168	4	3	1	2017	Mumbai	Fair	No	65026329
2846	1890	3	2	3	2017	Coimbatore	Very Good	Yes	19566635
2847	3867	6	5	2	2012	Jaipur	Good	Yes	38415495
2848	4121	6	5	1	2011	Mumbai	Good	Yes	88913052
2849	848	2	3	4	2020	Jaipur	Poor	Yes	8245914
2850	2115	3	2	1	1998	Pune	Good	Yes	29429296
2851	2710	5	5	3	2007	Chennai	Good	Yes	32665789
2852	2160	3	2	4	2004	Pune	Good	No	32954079
2853	4716	6	5	3	2025	Mysore	Very Good	No	49881819
2854	1578	1	1	3	2006	Pune	Fair	Yes	20820927
2855	3719	5	5	4	2009	Mumbai	Very Good	Yes	88996929
2856	3243	6	5	3	2019	Chennai	Poor	No	37003650
2857	1628	3	4	4	1999	Pune	Very Good	Yes	24133954
2858	2957	4	4	3	2023	Ahmedabad	Good	No	33272297
2859	3145	3	2	1	2007	Delhi	Good	No	59540022
2860	1572	2	3	2	2021	Mysore	Very Good	No	16577891
2861	4924	6	5	3	2026	Pune	Very Good	No	87386895
2862	2968	5	5	3	2015	Hyderabad	Good	Yes	35091342
2863	3750	6	5	3	2010	Pune	Very Good	Yes	60764466
2864	2471	4	4	1	2022	Noida	Very Good	No	48310307
2865	619	1	1	3	2014	Hyderabad	Good	Yes	7833293
2866	4619	6	5	2	2010	Jaipur	Good	No	44728170
2867	3417	5	5	4	2008	Jaipur	Fair	No	27431635
2868	4471	6	5	4	2026	Bangalore	Very Good	Yes	88188144
2869	4199	5	5	1	2023	Kochi	Poor	No	37183835
2870	3751	5	5	1	2018	Jaipur	Good	No	35567470
2871	545	1	1	4	2010	Noida	Good	No	8567065
2872	1282	1	1	4	2014	Mumbai	Fair	Yes	27861574
2873	3368	6	5	1	2014	Jaipur	Fair	No	28030081
2874	4807	6	5	4	2014	Pune	Fair	No	69916340
2875	3004	3	4	4	2001	Mysore	Very Good	Yes	26942189
2876	1190	1	1	2	2004	Ahmedabad	Very Good	No	14188003
2877	4077	6	5	1	2016	Pune	Poor	No	52365606
2878	2646	5	5	4	2000	Mumbai	Poor	No	45139866
2879	4395	6	5	4	2000	Kochi	Very Good	No	44719889
2880	3135	5	4	4	2003	Hyderabad	Very Good	Yes	42610141
2881	1814	2	1	2	2014	Noida	Excellent	Yes	36659319
2882	3707	5	5	3	2026	Chennai	Very Good	No	54866034
2883	4785	6	5	3	2021	Jaipur	Good	Yes	49954396
2884	3179	5	4	4	2012	Coimbatore	Good	Yes	28228439
2885	1648	3	2	3	2002	Mumbai	Good	No	35031722
2886	622	1	1	4	2026	Jaipur	Very Good	No	7689500
2887	3412	5	5	1	2020	Bangalore	Good	No	55599162
2888	4066	6	5	2	2013	Bangalore	Very Good	No	71239262
2889	3060	3	3	4	2001	Bangalore	Good	Yes	48758584
2890	2869	4	4	2	2013	Kochi	Good	No	31721991
2891	1898	2	2	1	1999	Coimbatore	Poor	No	12420589
2892	1566	2	3	2	2006	Coimbatore	Very Good	No	16442426
2893	2731	5	5	3	2015	Mysore	Good	No	27115270
2894	4772	6	5	1	2022	Coimbatore	Very Good	Yes	48384170
2895	3597	6	5	2	2015	Delhi	Very Good	Yes	79303578
2896	3261	4	4	1	2008	Pune	Good	Yes	48527838
2897	3338	6	5	3	2015	Delhi	Fair	No	61321406
2898	3859	6	5	1	2009	Hyderabad	Very Good	No	52080454
2899	4249	6	5	3	2010	Kochi	Very Good	No	49948913
2900	1985	4	3	3	2010	Chennai	Good	No	26604595
2901	4349	6	5	4	2006	Bangalore	Good	No	66363728
2902	540	2	1	3	2021	Bangalore	Very Good	No	10090670
2903	3912	5	5	1	2025	Noida	Good	Yes	65030372
2904	4354	6	5	2	2012	Delhi	Excellent	Yes	97476448
2905	2325	3	3	1	2008	Chennai	Good	Yes	29029890
2906	1129	2	2	2	2014	Noida	Good	No	17683049
2907	2309	4	3	1	2019	Kochi	Very Good	Yes	28801949
2908	3951	5	4	1	2009	Ahmedabad	Very Good	Yes	43548434
2909	3131	3	3	3	2016	Hyderabad	Good	No	40745941
2910	4887	6	5	3	2003	Bangalore	Good	Yes	70084366
2911	3458	4	4	3	2011	Coimbatore	Fair	No	30150635
2912	3618	5	5	1	2018	Pune	Fair	No	51268450
2913	3121	3	4	1	2001	Chennai	Fair	Yes	36596538
2914	4265	6	5	4	2023	Noida	Very Good	Yes	81581014
2915	1271	1	2	3	2016	Mumbai	Good	No	28719685
2916	3217	5	5	2	2001	Ahmedabad	Good	No	34829259
2917	3529	6	5	4	1998	Ahmedabad	Very Good	Yes	40523348
2918	3272	6	5	4	2003	Mysore	Good	No	29243993
2919	3058	4	5	1	2007	Mumbai	Very Good	Yes	79785198
2920	2915	5	5	3	2020	Kochi	Good	No	31517035
2921	3172	6	5	2	2001	Coimbatore	Very Good	Yes	30604359
2922	2302	2	2	4	2003	Bangalore	Good	No	32792538
2923	3877	6	5	3	2011	Pune	Fair	No	54989455
2924	1108	2	2	3	2020	Delhi	Excellent	No	26654974
2925	4520	6	5	2	2013	Ahmedabad	Good	No	44742125
2926	1331	2	2	3	2019	Delhi	Very Good	Yes	28669488
2927	4507	6	5	3	2017	Bangalore	Poor	No	64426599
2928	2616	4	4	2	2016	Noida	Very Good	No	46469141
2929	4570	6	5	2	2018	Noida	Good	Yes	69056398
2930	3027	4	4	4	2025	Pune	Good	Yes	48336880
2931	1758	3	2	3	2020	Mysore	Good	No	16472981
2932	4716	6	5	2	2021	Ahmedabad	Fair	No	50668398
2933	3754	6	5	3	2009	Chennai	Excellent	No	55359938
2934	1508	2	3	1	2017	Coimbatore	Excellent	Yes	17888318
2935	4387	6	5	1	2006	Coimbatore	Good	No	41578518
2936	3397	4	3	1	2005	Mysore	Very Good	No	29259360
2937	1061	3	2	4	2018	Hyderabad	Good	No	13457859
2938	1538	2	2	2	2004	Jaipur	Very Good	No	14455193
2939	4600	6	5	4	2007	Mysore	Very Good	No	44759790
2940	757	2	3	1	2012	Chennai	Very Good	No	12020198
2941	603	1	1	3	2008	Bangalore	Good	Yes	10248297
2942	1345	2	2	3	2005	Kochi	Fair	No	11819608
2943	1846	2	2	1	2009	Coimbatore	Excellent	No	19876433
2944	3133	3	2	1	2018	Noida	Fair	No	42677421
2945	3807	5	5	2	2016	Kochi	Poor	Yes	30234264
2946	1819	4	3	4	2021	Pune	Very Good	Yes	30918134
2947	3642	4	4	2	2002	Mumbai	Poor	Yes	62794498
2948	4063	6	5	2	2009	Delhi	Good	Yes	75046430
2949	2949	4	5	4	2020	Delhi	Good	Yes	54278456
2950	755	1	1	2	1998	Noida	Very Good	Yes	11677889
2951	4128	5	5	1	2014	Coimbatore	Very Good	Yes	40463079
2952	523	1	1	2	2007	Ahmedabad	Good	No	5891422
2953	1504	1	1	3	2024	Delhi	Excellent	No	35337502
2954	2770	4	4	2	2015	Jaipur	Excellent	No	31244677
2955	2003	4	4	4	2020	Pune	Good	No	32343491
2956	3425	4	4	3	2000	Pune	Excellent	No	56208555
2957	2624	3	2	2	2023	Coimbatore	Good	No	27211532
2958	1469	2	2	4	1999	Pune	Very Good	Yes	20878956
2959	4410	6	5	1	2013	Jaipur	Good	Yes	40346789
2960	1311	2	2	2	2016	Hyderabad	Very Good	No	18434234
2961	1503	1	1	3	2013	Delhi	Good	No	27050837
2962	3001	5	5	4	1998	Bangalore	Good	Yes	44541908
2963	4618	6	5	3	2017	Kochi	Very Good	No	51646304
2964	575	1	1	3	2020	Kochi	Poor	No	5737556
2965	2431	3	3	4	1999	Mumbai	Good	No	54394165
2966	2173	2	2	3	2007	Ahmedabad	Very Good	No	24100941
2967	3758	5	5	3	2025	Delhi	Fair	Yes	69922101
2968	985	1	1	2	2018	Bangalore	Excellent	Yes	21799804
2969	4228	6	5	3	2012	Hyderabad	Fair	Yes	48739076
2970	4345	6	5	4	2024	Coimbatore	Good	No	41179802
2971	4824	6	5	1	2022	Coimbatore	Good	No	49264691
2972	4828	6	5	4	2006	Hyderabad	Fair	Yes	51014079
2973	3333	5	4	2	2023	Jaipur	Good	No	35386895
2974	2696	4	4	2	2004	Mysore	Good	Yes	24650497
2975	2353	3	3	3	2022	Coimbatore	Good	No	24190035
2976	1798	3	2	2	2001	Pune	Good	No	26560872
2977	844	1	1	4	2013	Mysore	Fair	Yes	7947910
2978	3007	4	4	3	2008	Kochi	Poor	Yes	23803128
2979	3001	4	5	4	2004	Bangalore	Good	Yes	44441088
2980	3051	3	3	3	2018	Mumbai	Excellent	Yes	92025373
2981	1284	1	1	1	2007	Chennai	Excellent	Yes	19119457
2982	4254	6	5	3	2025	Pune	Good	Yes	72036920
2983	2727	4	5	3	2023	Pune	Very Good	No	50321010
2984	2561	5	5	1	2001	Pune	Good	No	38620288
2985	2573	4	4	1	2000	Mumbai	Good	No	57553476
2986	2345	3	3	1	2013	Chennai	Fair	Yes	29967328
2987	1799	4	4	2	2004	Noida	Good	Yes	30140359
2988	4617	6	5	2	2010	Ahmedabad	Excellent	No	60448808
2989	4184	6	5	3	2017	Delhi	Excellent	No	103704579
2990	664	2	3	1	2009	Mysore	Excellent	No	7829678
2991	3202	5	5	2	2000	Jaipur	Good	Yes	28412535
2992	4543	6	5	4	2015	Bangalore	Very Good	No	84643672
2993	1732	3	4	2	2017	Bangalore	Good	No	30998769
2994	4447	5	5	2	2014	Mysore	Very Good	No	42504569
2995	4486	6	5	4	2026	Bangalore	Very Good	Yes	85879109
2996	4070	6	5	1	2025	Bangalore	Very Good	Yes	79460075
2997	514	1	1	3	2022	Mysore	Fair	Yes	5048870
2998	4890	6	5	1	2025	Chennai	Poor	No	56652035
2999	2302	2	2	1	2016	Kochi	Very Good	No	27519870
3000	1520	2	3	3	1998	Chennai	Very Good	Yes	21869208
3001	4002	6	5	1	1998	Hyderabad	Excellent	Yes	49875236
3002	1055	1	1	1	2007	Pune	Fair	Yes	14506052
3003	3313	4	3	1	2022	Chennai	Very Good	No	51359981
3004	3344	6	5	2	1999	Hyderabad	Very Good	No	43761590
3005	2994	5	5	4	2018	Coimbatore	Very Good	Yes	34505194
3006	1447	1	1	4	2026	Coimbatore	Very Good	Yes	15185285
3007	2946	4	3	1	2013	Mysore	Poor	Yes	20519864
3008	975	1	2	3	2003	Mumbai	Excellent	Yes	24412098
3009	3799	6	5	1	2022	Coimbatore	Good	Yes	39159704
3010	4785	6	5	4	1998	Pune	Very Good	No	75571937
3011	4292	5	5	1	2007	Jaipur	Good	No	41112581
3012	4911	6	5	4	2020	Mumbai	Fair	Yes	101669147
3013	3405	4	3	3	2003	Noida	Good	Yes	48783627
3014	3162	5	5	4	2021	Mysore	Very Good	Yes	33615112
3015	536	1	2	4	2005	Hyderabad	Very Good	Yes	8166666
3016	3549	5	4	1	2004	Kochi	Good	Yes	35604837
3017	3003	4	4	3	2021	Jaipur	Excellent	Yes	35772263
3018	867	2	2	1	1998	Bangalore	Very Good	Yes	14923013
3019	1376	2	2	3	2018	Ahmedabad	Very Good	Yes	17136549
3020	2396	2	3	2	2022	Kochi	Good	Yes	27893604
3021	3418	4	4	2	2014	Delhi	Very Good	Yes	65988790
3022	2104	3	2	2	2016	Delhi	Good	Yes	39242714
3023	619	1	1	1	2001	Mumbai	Good	Yes	13772615
3024	1381	1	1	4	2021	Jaipur	Very Good	Yes	16522644
3025	3119	4	3	4	1999	Kochi	Excellent	No	33564007
3026	1749	1	1	2	2008	Ahmedabad	Very Good	Yes	21056638
3027	728	1	1	1	2000	Mumbai	Very Good	No	16412453
3028	3858	6	5	2	2016	Chennai	Good	No	48361262
3029	4128	6	5	3	2005	Hyderabad	Good	Yes	45140811
3030	3358	5	5	1	2016	Kochi	Excellent	Yes	43775979
3031	3287	4	3	3	2026	Coimbatore	Good	Yes	35048452
3032	4716	6	5	4	2015	Pune	Very Good	Yes	74310344
3033	3460	6	5	4	2007	Coimbatore	Very Good	Yes	32982176
3034	1020	1	2	2	1998	Hyderabad	Excellent	No	13420625
3035	3292	6	5	2	2003	Pune	Very Good	Yes	52499421
3036	4637	6	5	1	2022	Ahmedabad	Fair	Yes	44840888
3037	4040	6	5	1	1999	Ahmedabad	Very Good	Yes	40920804
3038	1357	2	2	1	2021	Jaipur	Very Good	No	14320883
3039	3128	4	4	3	2004	Chennai	Very Good	Yes	42373910
3040	1149	2	2	4	2020	Coimbatore	Very Good	Yes	12643526
3041	1849	4	5	2	2001	Mysore	Poor	No	12938109
3042	4121	6	5	4	2008	Bangalore	Good	No	67806409
3043	1998	3	3	3	2026	Chennai	Good	No	26607752
3044	4729	6	5	3	2020	Hyderabad	Poor	No	45283919
3045	4463	5	5	2	2026	Jaipur	Fair	No	44867108
3046	3126	3	3	4	2014	Coimbatore	Fair	Yes	26343404
3047	2339	2	2	4	2025	Mumbai	Very Good	Yes	58310551
3048	3398	5	5	1	2025	Coimbatore	Very Good	Yes	36902649
3049	4490	6	5	3	2019	Mumbai	Very Good	Yes	113226467
3050	593	1	1	4	2006	Noida	Good	No	9349360
3051	3117	3	4	3	2014	Chennai	Excellent	No	50965195
3052	3116	4	5	2	2012	Delhi	Very Good	Yes	61881557
3053	1113	2	2	4	2003	Pune	Good	No	16183418
3054	2183	3	3	4	2008	Ahmedabad	Excellent	Yes	28420399
3055	3665	5	5	2	1998	Hyderabad	Good	No	42324185
3056	4919	6	5	3	2003	Pune	Excellent	No	84828932
3057	2277	2	1	1	2013	Hyderabad	Very Good	Yes	32084947
3058	3284	6	5	2	2018	Mumbai	Very Good	No	84555146
3059	4468	6	5	1	2018	Chennai	Very Good	No	66775335
3060	1224	2	1	3	2026	Ahmedabad	Fair	Yes	13877015
3061	2282	3	3	4	2017	Pune	Very Good	No	37843192
3062	2384	3	3	1	2021	Hyderabad	Fair	Yes	28934884
3063	3297	5	5	1	2012	Bangalore	Fair	Yes	51949721
3064	3243	5	5	4	2000	Hyderabad	Excellent	Yes	42012323
3065	4432	6	5	4	2026	Noida	Very Good	Yes	86802264
3066	2319	2	2	1	2005	Bangalore	Very Good	No	39461289
3067	3764	4	4	1	2015	Hyderabad	Very Good	No	49945145
3068	972	1	1	4	2012	Coimbatore	Very Good	Yes	10365537
3069	1101	2	2	4	1998	Ahmedabad	Very Good	Yes	13291957
3070	611	1	1	1	2003	Bangalore	Good	No	9632390
3071	675	1	2	1	2005	Chennai	Excellent	Yes	10316214
3072	1754	3	3	4	2003	Mysore	Very Good	No	17134113
3073	2558	4	3	1	2026	Pune	Excellent	Yes	52491921
3074	1138	2	3	4	2026	Chennai	Very Good	No	17530120
3075	1515	3	3	2	2007	Kochi	Very Good	Yes	16091231
3076	2341	3	3	2	2000	Chennai	Fair	No	24876792
3077	3203	5	5	2	2017	Delhi	Excellent	Yes	69104252
3078	4773	6	5	1	2002	Noida	Excellent	No	82339999
3079	2386	4	4	4	2010	Delhi	Good	Yes	42878845
3080	2620	5	5	2	2022	Noida	Very Good	No	44980232
3081	3568	5	5	2	2023	Noida	Good	No	56898390
3082	1780	2	1	1	2009	Chennai	Good	Yes	23506974
3083	3929	6	5	2	2017	Noida	Very Good	No	74113224
3084	1412	2	3	2	2012	Jaipur	Very Good	Yes	16625716
3085	1651	2	3	3	2011	Pune	Excellent	No	30195697
3086	2381	3	3	4	2023	Hyderabad	Good	Yes	32727512
3087	1080	2	2	2	2009	Mumbai	Good	No	23087921
3088	3369	5	4	4	2000	Coimbatore	Very Good	No	34431409
3089	1104	1	1	2	2009	Bangalore	Fair	No	16234732
3090	615	1	1	1	1999	Delhi	Good	Yes	10510834
3091	4383	6	5	4	2009	Hyderabad	Good	No	55101761
3092	4694	6	5	4	2006	Chennai	Good	Yes	54658565
3093	2330	4	5	2	2008	Bangalore	Good	No	35507138
3094	4324	6	5	2	2024	Ahmedabad	Fair	Yes	42752495
3095	2009	3	3	4	2022	Noida	Good	No	35891958
3096	559	1	2	1	2002	Hyderabad	Good	Yes	6866471
3097	4242	6	5	4	2002	Ahmedabad	Good	No	44851182
3098	2975	3	4	3	2023	Bangalore	Poor	No	38674840
3099	3458	6	5	1	2013	Hyderabad	Good	Yes	44777486
3100	2581	4	4	4	2016	Chennai	Very Good	Yes	41420049
3101	979	2	2	2	2019	Mysore	Excellent	No	12285898
3102	513	1	1	2	2021	Mysore	Good	Yes	5360125
3103	4320	5	5	2	2023	Bangalore	Very Good	Yes	81522071
3104	4461	6	5	4	2018	Ahmedabad	Very Good	Yes	58380980
3105	1680	2	2	2	2001	Mumbai	Very Good	Yes	37558952
3106	3461	6	5	1	2000	Pune	Good	No	45466441
3107	1061	2	3	3	2018	Delhi	Fair	Yes	18002170
3108	1659	2	3	3	2026	Delhi	Very Good	No	37844165
3109	3829	6	5	2	2010	Noida	Good	Yes	59201104
3110	1265	2	1	1	2020	Noida	Fair	Yes	19601475
3111	3455	5	5	3	1998	Delhi	Very Good	Yes	64193861
3112	669	2	2	3	2021	Hyderabad	Good	Yes	9133614
3113	1366	3	3	4	2014	Mumbai	Poor	Yes	28525276
3114	1597	3	4	2	2004	Kochi	Good	Yes	15956239
3115	3526	6	5	1	2025	Hyderabad	Good	Yes	44926684
3116	2269	4	4	1	2011	Mysore	Poor	No	16021162
3117	1311	2	2	1	2011	Hyderabad	Very Good	No	16817672
3118	3903	6	5	3	1998	Noida	Poor	No	43090030
3119	4025	6	5	4	1999	Jaipur	Good	Yes	35928538
3120	3595	5	4	1	2005	Mumbai	Good	Yes	72780426
3121	2437	2	1	2	2024	Kochi	Good	Yes	26190102
3122	1559	1	1	3	2019	Mumbai	Good	No	33792108
3123	2749	4	3	4	2024	Pune	Good	No	43867569
3124	2258	2	2	2	2011	Kochi	Good	Yes	22280413
3125	4642	6	5	4	1998	Kochi	Fair	Yes	40923107
3126	805	1	1	1	2003	Kochi	Very Good	Yes	8396064
3127	2504	3	4	4	2020	Chennai	Fair	Yes	29445660
3128	1260	2	2	2	2016	Mysore	Poor	Yes	9614117
3129	2111	3	4	3	2003	Delhi	Excellent	No	47054254
3130	541	2	2	3	2014	Ahmedabad	Very Good	No	7620370
3131	1836	3	3	2	2006	Mysore	Very Good	No	17228616
3132	4608	6	5	1	2017	Noida	Good	No	74945267
3133	1615	3	4	1	2008	Coimbatore	Very Good	Yes	17872519
3134	1179	2	1	1	2003	Hyderabad	Good	Yes	14087222
3135	1470	2	1	4	2020	Bangalore	Excellent	Yes	32718907
3136	1787	4	4	1	1999	Jaipur	Excellent	No	20395492
3137	2451	4	5	2	2023	Delhi	Good	Yes	46782687
3138	2697	4	3	3	2024	Kochi	Fair	No	26506318
3139	2646	3	3	2	2022	Mysore	Poor	No	19641205
3140	1301	1	1	2	2020	Hyderabad	Very Good	Yes	18048002
3141	2979	5	5	4	2016	Chennai	Very Good	No	41155085
3142	4303	6	5	2	2013	Mysore	Very Good	No	39993685
3143	1301	1	2	4	2001	Noida	Good	No	18560584
3144	952	1	1	3	2018	Pune	Excellent	Yes	18209204
3145	3137	4	4	1	2019	Ahmedabad	Good	Yes	33512135
3146	4135	6	5	4	2002	Kochi	Good	No	40746450
3147	2185	3	4	4	2020	Ahmedabad	Excellent	Yes	30366340
3148	1453	2	3	3	1999	Kochi	Very Good	Yes	14914317
3149	2218	2	2	4	2016	Mysore	Fair	No	17862203
3150	3619	5	4	1	2008	Chennai	Good	No	42586439
3151	3493	6	5	3	2020	Pune	Very Good	No	64940796
3152	4471	6	5	2	2015	Ahmedabad	Good	No	47915570
3153	2761	3	3	3	2026	Hyderabad	Fair	Yes	31505636
3154	3614	6	5	1	2016	Kochi	Good	Yes	40036979
3155	4108	6	5	3	2016	Bangalore	Fair	Yes	60974208
3156	770	1	1	4	2025	Ahmedabad	Good	No	9054540
3157	3505	5	5	4	2014	Chennai	Good	No	44789357
3158	4145	6	5	4	2005	Mumbai	Good	Yes	87642357
3159	3152	6	5	2	2009	Coimbatore	Good	Yes	28894915
3160	4985	6	5	4	2009	Noida	Very Good	No	84780179
3161	1420	2	3	2	2015	Delhi	Excellent	No	32333865
3162	2930	4	5	2	2005	Mysore	Good	No	26552784
3163	2438	3	3	2	2006	Mumbai	Good	No	55356173
3164	2624	4	5	4	1999	Chennai	Good	No	29552686
3165	1144	3	2	3	2020	Mumbai	Good	No	29277381
3166	791	2	3	1	2002	Hyderabad	Good	Yes	10722672
3167	4044	6	5	4	2006	Coimbatore	Good	No	34009422
3168	3202	4	5	1	2021	Hyderabad	Very Good	No	46059633
3169	902	1	1	1	2014	Delhi	Good	No	17640266
3170	619	2	2	3	1998	Chennai	Excellent	Yes	9695609
3171	2085	2	1	4	2007	Jaipur	Good	No	18037149
3172	1544	2	2	2	2002	Chennai	Good	No	17571262
3173	3983	6	5	4	2016	Chennai	Excellent	Yes	63308806
3174	2050	3	3	3	2023	Ahmedabad	Very Good	No	27013587
3175	3887	6	5	4	2024	Pune	Excellent	No	81018194
3176	539	1	2	1	2003	Hyderabad	Poor	No	5415064
3177	4328	6	5	3	2004	Delhi	Good	No	72925410
3178	1354	2	2	2	2004	Chennai	Good	No	18119577
3179	2355	4	4	4	2022	Kochi	Good	No	26316252
3180	1089	2	3	1	2010	Kochi	Poor	No	9896545
3181	672	1	2	1	2004	Ahmedabad	Poor	No	6167522
3182	831	1	1	3	2022	Bangalore	Very Good	No	17183369
3183	1593	2	2	1	2026	Pune	Good	Yes	26499674
3184	3534	5	4	1	2022	Hyderabad	Good	Yes	45368837
3185	4944	6	5	1	2020	Noida	Good	Yes	76137677
3186	1448	2	2	3	2010	Noida	Fair	No	21482678
3187	4683	6	5	1	2002	Kochi	Poor	No	35041615
3188	2806	5	5	1	2022	Mysore	Very Good	No	30953596
3189	719	1	1	1	2003	Mysore	Good	Yes	6402772
3190	4094	6	5	3	2009	Jaipur	Excellent	No	46850104
3191	3929	6	5	3	2017	Mysore	Good	No	36027547
3192	1028	1	1	2	2005	Ahmedabad	Very Good	Yes	11564602
3193	4377	5	5	4	2022	Noida	Good	No	72373785
3194	2098	2	3	4	2002	Chennai	Good	Yes	27178256
3195	4144	6	5	2	2024	Mysore	Excellent	No	46686620
3196	2227	4	3	2	2005	Mysore	Very Good	Yes	22206799
3197	2938	4	3	3	2011	Pune	Good	Yes	42515368
3198	898	1	1	1	2023	Chennai	Fair	Yes	11013582
3199	4972	6	5	2	2009	Mumbai	Good	Yes	116644804
3200	4386	6	5	2	2006	Chennai	Very Good	Yes	63168257
3201	1554	2	2	3	2001	Delhi	Very Good	Yes	31621006
3202	802	1	1	4	2017	Noida	Good	Yes	13104382
3203	1375	2	2	3	2017	Kochi	Fair	Yes	14438278
3204	4376	6	5	1	2010	Kochi	Good	Yes	41999059
3205	525	1	2	1	2022	Mysore	Fair	Yes	5188504
3206	2468	5	5	4	2017	Chennai	Very Good	No	34498732
3207	1354	1	1	3	1998	Kochi	Good	No	13288122
3208	4545	5	4	2	1998	Delhi	Fair	Yes	69489768
3209	1458	3	2	4	2018	Mumbai	Very Good	No	38559864
3210	3457	4	5	1	2018	Pune	Excellent	Yes	66637815
3211	2174	3	4	1	2026	Pune	Fair	No	31760137
3212	881	2	2	4	2011	Coimbatore	Very Good	Yes	9478480
3213	3954	6	5	3	2018	Pune	Good	No	63024222
3214	2356	2	1	4	2025	Delhi	Excellent	Yes	58940799
3215	684	1	1	2	2006	Jaipur	Very Good	Yes	8051104
3216	4697	6	5	4	2005	Delhi	Excellent	No	108529072
3217	3018	3	2	4	1998	Hyderabad	Good	No	32780844
3218	1714	2	1	2	2000	Pune	Very Good	No	24942164
3219	1632	2	2	4	2006	Coimbatore	Very Good	No	15620385
3220	2623	4	3	4	2011	Mysore	Very Good	No	25563962
3221	2784	4	4	2	1998	Noida	Fair	Yes	38576969
3222	1773	3	3	3	2020	Ahmedabad	Very Good	Yes	23617650
3223	3553	5	5	2	2012	Mysore	Good	Yes	34479025
3224	3012	4	3	1	2016	Bangalore	Excellent	Yes	61524587
3225	996	1	1	3	2006	Jaipur	Fair	No	8950515
3226	2694	4	4	2	2007	Bangalore	Good	Yes	44278626
3227	1289	3	4	4	2004	Hyderabad	Very Good	No	17181044
3228	1006	1	1	2	2008	Noida	Good	Yes	15287445
3229	3679	6	5	4	2021	Noida	Good	No	58714797
3230	4762	6	5	1	2015	Bangalore	Fair	Yes	73930636
3231	1926	3	3	3	2015	Bangalore	Poor	No	28007268
3232	3379	4	4	2	2007	Noida	Fair	No	46891705
3233	4559	6	5	3	2025	Kochi	Very Good	No	50833758
3234	2001	3	2	1	2009	Bangalore	Good	Yes	30831436
3235	2562	5	5	1	1998	Noida	Good	No	34493611
3236	606	1	2	3	2000	Chennai	Fair	Yes	7803284
3237	2309	3	3	3	2018	Mysore	Good	No	20208386
3238	3904	6	5	1	2019	Mumbai	Very Good	No	105169942
3239	4741	6	5	3	2020	Chennai	Very Good	Yes	71691519
3240	1305	3	2	2	2007	Hyderabad	Very Good	Yes	17207211
3241	3413	4	4	1	2010	Mumbai	Good	No	74753937
3242	2485	4	4	4	2004	Mysore	Good	Yes	21214221
3243	4593	6	5	2	2020	Chennai	Good	Yes	62096757
3244	917	1	1	3	2016	Pune	Excellent	Yes	16418990
3245	2075	3	2	2	2013	Jaipur	Good	No	20750983
3246	2061	3	3	1	2022	Noida	Excellent	Yes	42560880
3247	3350	4	4	1	2007	Mumbai	Good	Yes	78378451
3248	4185	6	5	3	2006	Jaipur	Good	Yes	37856741
3249	4772	6	5	3	2020	Jaipur	Excellent	Yes	58206893
3250	3970	6	5	2	2003	Delhi	Good	Yes	70861766
3251	580	1	1	3	2009	Delhi	Very Good	No	11700705
3252	1992	3	4	1	2015	Noida	Very Good	No	36478174
3253	4747	6	5	4	2010	Ahmedabad	Good	No	51252370
3254	4982	6	5	1	2007	Chennai	Very Good	No	69049494
3255	1005	1	1	2	2013	Mumbai	Good	No	22990840
3256	2623	5	5	4	2021	Mysore	Fair	No	22722888
3257	2925	3	3	3	2022	Bangalore	Very Good	No	50676678
3258	4631	6	5	1	2016	Bangalore	Good	No	71113549
3259	4390	5	4	3	2012	Chennai	Fair	No	47256641
3260	4640	6	5	2	2008	Mumbai	Very Good	No	110267727
3261	2544	5	4	4	2015	Noida	Very Good	No	45191463
3262	727	1	2	4	2003	Bangalore	Excellent	No	13263683
3263	2334	3	2	3	2010	Ahmedabad	Fair	Yes	23627231
3264	1625	2	2	3	2002	Mysore	Excellent	Yes	16924034
3265	1753	3	3	1	2024	Coimbatore	Very Good	No	19938607
3266	3907	6	5	1	2001	Coimbatore	Fair	No	28995135
3267	2975	3	2	3	2003	Jaipur	Fair	Yes	25125510
3268	3431	6	5	1	2004	Hyderabad	Good	Yes	39079855
3269	691	2	2	1	2013	Coimbatore	Good	No	7023357
3270	3292	6	5	2	2004	Ahmedabad	Very Good	No	36397923
3271	1646	2	2	4	2007	Bangalore	Fair	Yes	24983123
3272	1792	2	1	4	2008	Bangalore	Good	No	29290207
3273	883	1	1	1	2025	Chennai	Very Good	Yes	14444606
3274	3152	4	5	2	2026	Mysore	Poor	No	24801365
3275	2307	3	4	1	2021	Coimbatore	Excellent	No	27679662
3276	3886	6	5	2	2010	Noida	Good	No	61945078
3277	1640	2	1	2	2003	Bangalore	Good	Yes	25257737
3278	961	1	1	4	2011	Mumbai	Very Good	Yes	22404450
3279	2854	4	5	3	1999	Mumbai	Good	No	57520669
3280	2326	3	3	3	2011	Mumbai	Excellent	No	68313311
3281	1232	2	2	4	2017	Bangalore	Excellent	No	24501560
3282	1164	2	3	4	2022	Ahmedabad	Very Good	Yes	16050944
3283	1233	3	3	3	2024	Ahmedabad	Good	Yes	16079797
3284	3146	4	4	4	2012	Pune	Very Good	No	53429242
3285	3570	4	5	3	2021	Mumbai	Good	No	79407497
3286	4800	6	5	3	2003	Noida	Poor	Yes	55571097
3287	1783	3	2	3	2004	Noida	Good	Yes	28504064
3288	1876	2	2	2	2001	Mumbai	Fair	Yes	33910240
3289	3156	6	5	1	2004	Kochi	Fair	Yes	29808303
3290	2780	5	5	3	2020	Coimbatore	Good	No	28412515
3291	735	1	1	3	2005	Pune	Fair	Yes	9703269
3292	4761	6	5	1	2017	Delhi	Very Good	No	91979656
3293	4132	6	5	2	2003	Coimbatore	Fair	No	33861766
3294	2825	4	5	1	1998	Chennai	Very Good	Yes	40221052
3295	2649	4	5	1	2004	Chennai	Excellent	Yes	39088424
3296	790	2	3	1	2007	Mysore	Good	No	8010957
3297	992	1	1	3	2004	Ahmedabad	Poor	No	8792844
3298	3671	6	5	4	2011	Coimbatore	Fair	No	31333998
3299	732	1	2	1	2006	Coimbatore	Fair	Yes	6273546
3300	1552	2	2	3	2018	Jaipur	Good	No	16610527
3301	3595	6	5	4	2002	Mysore	Very Good	No	30866122
3302	4548	6	5	1	2001	Delhi	Good	Yes	76096176
3303	4960	6	5	3	2000	Chennai	Good	No	63176124
3304	4928	6	5	3	2026	Noida	Good	No	78551994
3305	3271	5	5	3	2011	Pune	Excellent	No	61595881
3306	1353	3	3	4	2003	Kochi	Excellent	Yes	16038116
3307	3118	4	4	4	2025	Coimbatore	Good	No	31871770
3308	789	1	1	2	2021	Jaipur	Fair	Yes	8361555
3309	4136	6	5	2	2026	Mysore	Very Good	No	40868998
3310	2044	2	1	4	2006	Mumbai	Fair	No	37569097
3311	2215	3	4	1	2024	Chennai	Excellent	Yes	39218552
3312	4827	6	5	1	2025	Ahmedabad	Good	Yes	51785120
3313	3751	5	4	2	2010	Ahmedabad	Fair	No	38573420
3314	1100	3	3	1	1998	Ahmedabad	Fair	Yes	10245776
3315	4014	6	5	3	2020	Chennai	Good	No	57083382
3316	540	2	1	3	2014	Pune	Excellent	No	10268733
3317	1730	3	4	4	2000	Chennai	Good	No	21217858
3318	4894	6	5	1	2026	Delhi	Good	Yes	93526594
3319	2723	3	4	1	2013	Pune	Good	No	43672630
3320	1299	1	1	2	2007	Ahmedabad	Poor	No	11290801
3321	4376	6	5	1	2015	Hyderabad	Very Good	No	62436641
3322	2469	4	4	4	1998	Chennai	Good	Yes	31865111
3323	2578	3	3	4	2018	Coimbatore	Very Good	Yes	27107154
3324	4194	6	5	3	2024	Chennai	Excellent	Yes	67174798
3325	2813	4	5	3	2016	Mysore	Good	No	26577467
3326	3399	5	5	2	2006	Bangalore	Good	Yes	57317217
3327	4333	6	5	4	2024	Kochi	Very Good	No	50017429
3328	3312	6	5	3	2014	Noida	Good	No	51934327
3329	1761	3	3	4	2004	Pune	Good	Yes	24048408
3330	3401	6	5	4	2000	Jaipur	Good	Yes	33349794
3331	3139	4	4	1	2015	Noida	Fair	No	45491240
3332	870	1	1	4	1999	Kochi	Good	Yes	9123803
3333	2991	4	4	3	2015	Chennai	Good	Yes	42359198
3334	1155	1	2	4	1998	Pune	Good	No	16964227
3335	3241	4	4	3	2006	Coimbatore	Very Good	No	33179095
3336	3593	5	5	3	2023	Coimbatore	Fair	Yes	33921621
3337	3810	4	4	4	2002	Coimbatore	Very Good	No	38650032
3338	3911	6	5	2	2015	Bangalore	Very Good	Yes	66715117
3339	4597	6	5	1	2002	Chennai	Good	No	57945027
3340	831	1	2	4	2002	Bangalore	Poor	Yes	10499246
3341	2749	3	2	4	2002	Hyderabad	Very Good	No	32532976
3342	4138	6	5	1	2002	Coimbatore	Fair	Yes	30784507
3343	4648	6	5	1	2007	Hyderabad	Fair	No	51390814
3344	3662	4	4	3	2007	Jaipur	Very Good	Yes	35963123
3345	2837	5	5	3	2023	Mysore	Very Good	No	27955943
3346	3150	3	3	2	2019	Noida	Good	No	48298907
3347	5000	6	5	3	2020	Kochi	Very Good	Yes	55265043
3348	3012	3	3	2	2022	Hyderabad	Very Good	No	44768566
3349	3122	5	5	2	2002	Bangalore	Good	No	48699889
3350	4017	6	5	4	2015	Hyderabad	Excellent	No	61546103
3351	4080	6	5	1	2023	Bangalore	Very Good	Yes	77422895
3352	1363	2	1	2	2014	Hyderabad	Good	Yes	17129447
3353	2392	4	3	1	2006	Pune	Good	No	36836633
3354	3380	4	4	1	2003	Noida	Good	No	51911027
3355	4014	6	5	4	1998	Pune	Poor	No	42982918
3356	686	1	1	4	2006	Bangalore	Good	No	11045143
3357	2023	4	4	1	2010	Pune	Fair	No	27881379
3358	1560	1	1	2	2010	Mumbai	Good	Yes	33278263
3359	4595	6	5	3	1998	Noida	Good	Yes	64469443
3360	2475	4	4	4	2021	Kochi	Very Good	No	31017883
3361	4326	5	5	1	2012	Noida	Good	Yes	66785481
3362	2295	3	3	1	2016	Noida	Poor	No	28932626
3363	4665	6	5	3	2008	Mysore	Excellent	Yes	45255053
3364	1372	2	3	3	2013	Noida	Good	Yes	22914526
3365	4187	6	5	1	2001	Mumbai	Very Good	Yes	94752124
3366	2765	3	2	1	2023	Chennai	Good	Yes	40910165
3367	1566	1	1	4	2007	Hyderabad	Fair	Yes	18116187
3368	1280	1	2	1	2015	Hyderabad	Very Good	Yes	18061327
3369	3043	5	4	1	2014	Coimbatore	Good	No	30699417
3370	4721	6	5	1	2026	Delhi	Fair	No	79486720
3371	1085	1	1	1	2012	Delhi	Very Good	Yes	22595754
3372	1078	2	1	4	2014	Chennai	Fair	Yes	13672016
3373	4353	6	5	4	2026	Mysore	Fair	Yes	40201673
3374	2185	2	2	3	2010	Jaipur	Good	Yes	22487045
3375	1850	3	4	1	2018	Pune	Very Good	Yes	32243254
3376	2117	4	5	4	2014	Kochi	Good	No	21410967
3377	834	1	1	4	2015	Pune	Very Good	No	14078128
3378	3176	4	4	3	2017	Bangalore	Very Good	Yes	61891294
3379	4971	6	5	4	2001	Pune	Good	No	68373347
3380	772	2	2	2	2009	Mumbai	Good	Yes	19410872
3381	3721	5	5	4	2020	Noida	Good	No	64403396
3382	2466	5	4	1	2013	Ahmedabad	Excellent	Yes	33958160
3383	1764	3	4	4	2022	Kochi	Fair	No	18693002
3384	3860	6	5	4	2011	Delhi	Good	Yes	71575117
3385	2362	2	2	2	2024	Jaipur	Good	No	22555163
3386	1933	2	1	4	2010	Chennai	Good	No	23137030
3387	2417	2	2	3	2019	Pune	Good	Yes	36861010
3388	2633	5	5	4	2000	Noida	Excellent	No	50652218
3389	2688	3	3	4	2000	Kochi	Poor	No	19515222
3390	4823	6	5	2	2010	Noida	Fair	Yes	63398840
3391	604	1	1	3	2025	Delhi	Good	Yes	13503498
3392	2573	3	3	2	2019	Coimbatore	Excellent	Yes	32467972
3393	3072	3	2	1	2021	Mysore	Very Good	Yes	30142157
3394	2383	3	3	3	1999	Hyderabad	Good	Yes	25034985
3395	3108	4	3	3	2021	Chennai	Fair	Yes	41514272
3396	3573	4	4	3	2019	Jaipur	Very Good	No	36609410
3397	3545	4	3	3	2017	Mysore	Fair	No	26762524
3398	1264	3	3	2	2017	Coimbatore	Good	No	13598313
3399	3561	5	4	1	2022	Delhi	Fair	No	66891973
3400	4144	5	5	3	2024	Mysore	Fair	Yes	35387140
3401	4397	5	5	1	2002	Mysore	Very Good	Yes	41812792
3402	3935	6	5	4	2009	Ahmedabad	Very Good	No	45887728
3403	2523	4	3	1	2025	Noida	Fair	Yes	41664957
3404	4690	6	5	3	2021	Mumbai	Very Good	No	128569668
3405	3091	5	5	2	2013	Mysore	Poor	No	22688809
3406	533	1	1	4	2019	Noida	Good	No	9980438
3407	3048	4	4	2	2008	Delhi	Very Good	No	55949649
3408	4641	6	5	4	2012	Jaipur	Very Good	Yes	49088140
3409	1342	3	3	1	2011	Delhi	Fair	No	24506441
3410	4970	6	5	1	2016	Pune	Good	Yes	75508181
3411	2064	3	2	2	2007	Noida	Good	Yes	32531708
3412	3805	5	5	1	2013	Jaipur	Very Good	No	37873016
3413	4389	5	4	2	2005	Ahmedabad	Good	Yes	46713692
3414	820	1	1	2	2008	Mumbai	Fair	No	16568291
3415	4390	6	5	4	1999	Bangalore	Good	No	68905683
3416	4030	6	5	3	1999	Pune	Very Good	Yes	65361054
3417	4622	6	5	4	2010	Bangalore	Very Good	Yes	78694419
3418	1954	3	3	2	2014	Delhi	Good	Yes	36730806
3419	4540	6	5	1	2013	Coimbatore	Very Good	Yes	45516305
3420	1357	3	2	2	2012	Noida	Good	No	21504450
3421	4470	6	5	4	2019	Mysore	Good	Yes	39398296
3422	2441	3	2	2	2007	Chennai	Very Good	No	35137073
3423	4606	6	5	2	2022	Mysore	Fair	Yes	38776900
3424	777	1	1	4	2023	Coimbatore	Very Good	Yes	9053208
3425	925	1	1	3	1999	Kochi	Fair	Yes	8684024
3426	1035	1	1	3	2014	Mumbai	Excellent	Yes	28278365
3427	4833	6	5	2	2007	Coimbatore	Good	Yes	42990210
3428	3513	4	5	1	2020	Ahmedabad	Poor	Yes	31616467
3429	2589	4	4	3	2022	Bangalore	Fair	No	43446849
3430	1675	3	2	3	2005	Kochi	Very Good	Yes	19069305
3431	1590	2	3	4	2004	Mumbai	Fair	Yes	33200687
3432	3775	5	5	3	2019	Coimbatore	Good	No	39802174
3433	1091	2	1	2	2011	Hyderabad	Excellent	No	16715451
3434	4872	6	5	3	2023	Bangalore	Excellent	No	98049040
3435	2869	3	4	3	2007	Mysore	Good	Yes	26956592
3436	2695	5	5	1	2009	Bangalore	Good	Yes	46611211
3437	2905	3	2	1	2018	Delhi	Fair	No	48371719
3438	2509	5	5	2	2010	Mumbai	Excellent	No	68166732
3439	3045	4	4	3	2017	Mysore	Very Good	No	29619809
3440	3879	5	4	4	2026	Jaipur	Good	No	42495402
3441	1617	2	1	2	2026	Jaipur	Fair	No	14099426
3442	1953	3	3	4	2015	Noida	Fair	Yes	28483487
3443	2492	3	3	2	2013	Chennai	Very Good	No	34496862
3444	1284	3	3	1	2010	Mysore	Very Good	No	12111315
3445	1502	2	3	4	1998	Delhi	Fair	No	21961748
3446	3020	4	5	3	2007	Ahmedabad	Good	No	31027184
3447	3553	4	4	4	2000	Kochi	Very Good	Yes	35793874
3448	2671	4	4	2	2013	Jaipur	Good	Yes	27625012
3449	3574	5	4	2	2025	Noida	Very Good	Yes	62718545
3450	1371	2	2	2	2014	Delhi	Very Good	No	28274016
3451	2456	5	4	4	2008	Delhi	Very Good	No	53028350
3452	993	1	2	4	2013	Hyderabad	Very Good	No	12813674
3453	2427	4	4	4	2018	Kochi	Very Good	No	30277197
3454	607	1	2	1	2003	Coimbatore	Very Good	No	5912923
3455	3465	5	5	3	2013	Bangalore	Fair	Yes	54841058
3456	1580	1	1	1	2017	Coimbatore	Good	No	14882264
3457	4161	5	5	4	2021	Mysore	Excellent	Yes	43693283
3458	1960	3	3	4	2023	Chennai	Good	No	25807557
3459	2424	4	3	2	2003	Coimbatore	Excellent	Yes	26202370
3460	1878	4	5	2	2013	Jaipur	Excellent	Yes	21395978
3461	2562	3	4	1	2016	Mumbai	Good	Yes	55871436
3462	1186	3	3	4	2024	Kochi	Fair	No	11941289
3463	1098	1	2	4	2005	Chennai	Fair	Yes	12865227
3464	1032	1	1	4	2014	Hyderabad	Excellent	Yes	15563969
3465	2805	3	3	3	2013	Noida	Good	Yes	44978462
3466	1797	3	3	3	2014	Coimbatore	Very Good	Yes	19816526
3467	4876	6	5	3	2017	Kochi	Excellent	No	60957028
3468	2253	4	3	2	2019	Jaipur	Very Good	Yes	26438740
3469	3511	5	5	3	2021	Chennai	Fair	Yes	44300104
3470	4740	6	5	3	2005	Mysore	Good	Yes	39444942
3471	1880	3	3	2	2000	Pune	Very Good	No	28865566
3472	4196	5	5	2	2007	Mysore	Good	No	33339590
3473	590	1	2	4	2023	Kochi	Good	Yes	7334724
3474	2978	3	2	2	2019	Pune	Good	Yes	46889772
3475	648	1	1	1	2001	Ahmedabad	Good	No	6383246
3476	1446	3	2	4	2008	Chennai	Fair	Yes	18206008
3477	4507	6	5	4	2026	Pune	Excellent	No	93149678
3478	2373	2	2	3	2024	Coimbatore	Good	Yes	24394215
3479	3880	6	5	4	2007	Delhi	Excellent	Yes	89421889
3480	1983	3	2	2	2024	Kochi	Fair	Yes	19431699
3481	2849	4	4	2	2005	Coimbatore	Excellent	Yes	32305955
3482	4199	6	5	1	2005	Bangalore	Poor	No	49077584
3483	4160	6	5	3	2020	Pune	Excellent	No	77925828
3484	4639	6	5	3	2013	Ahmedabad	Excellent	No	57523877
3485	772	1	2	4	2022	Delhi	Fair	Yes	14774449
3486	2398	3	2	3	2006	Mysore	Fair	Yes	17582154
3487	4527	5	4	1	2003	Chennai	Fair	No	51878739
3488	1524	2	3	4	2003	Ahmedabad	Fair	Yes	14370355
3489	3412	5	5	1	2015	Jaipur	Fair	Yes	30645404
3490	4979	6	5	3	2016	Ahmedabad	Very Good	No	60633157
3491	4175	6	5	2	2009	Ahmedabad	Fair	No	40999271
3492	3003	5	5	1	2018	Coimbatore	Good	Yes	27496357
3493	4637	6	5	3	2020	Pune	Excellent	Yes	94046908
3494	4029	5	4	1	2002	Coimbatore	Good	Yes	35376535
3495	3496	6	5	3	2026	Noida	Good	Yes	55977187
3496	2600	5	5	1	2018	Pune	Very Good	No	44046244
3497	1289	2	3	1	2019	Chennai	Very Good	No	20615237
3498	2268	3	2	1	2024	Kochi	Good	No	23491812
3499	3488	5	5	2	1998	Kochi	Good	No	34821946
3500	928	2	2	2	1999	Mumbai	Fair	Yes	18674752
3501	1889	3	3	1	2007	Delhi	Poor	Yes	27449590
3502	2771	3	2	3	2023	Kochi	Good	Yes	28315956
3503	2547	3	2	4	2010	Pune	Fair	Yes	32730390
3504	2618	3	3	1	2020	Delhi	Good	Yes	51623923
3505	4749	6	5	3	2026	Bangalore	Fair	Yes	80708863
3506	2386	3	3	4	2011	Jaipur	Good	No	21448443
3507	4783	6	5	1	2013	Mysore	Excellent	No	47124416
3508	892	1	1	2	2003	Delhi	Very Good	No	15842152
3509	4668	6	5	2	2016	Noida	Fair	No	72537118
3510	1537	1	1	4	2008	Coimbatore	Good	No	13362981
3511	1192	3	4	1	2005	Coimbatore	Excellent	Yes	13879644
3512	583	2	2	1	2018	Jaipur	Very Good	No	7025401
3513	4605	6	5	4	2021	Jaipur	Very Good	Yes	49589795
3514	4672	6	5	3	2009	Delhi	Poor	Yes	65808819
3515	2312	2	3	2	2021	Noida	Very Good	No	43895728
3516	3178	5	5	2	2018	Jaipur	Excellent	Yes	38609399
3517	3440	4	3	3	2012	Mysore	Poor	Yes	25870991
3518	3082	3	2	1	2014	Jaipur	Fair	Yes	28452110
3519	2742	3	3	4	2002	Mumbai	Poor	Yes	46279593
3520	597	2	1	4	2022	Bangalore	Good	No	10673251
3521	3017	5	5	4	2008	Coimbatore	Very Good	Yes	29269538
3522	1346	2	2	3	2010	Bangalore	Very Good	No	22353664
3523	4635	6	5	4	2002	Hyderabad	Good	No	51724040
3524	3085	4	4	2	2003	Pune	Excellent	Yes	52960267
3525	4559	6	5	3	2023	Chennai	Very Good	No	69594545
3526	1378	3	4	3	2010	Chennai	Very Good	Yes	20998084
3527	3492	6	5	2	2004	Delhi	Very Good	No	69524201
3528	1110	1	1	2	2003	Coimbatore	Very Good	Yes	11839816
3529	2975	4	4	4	2025	Chennai	Good	Yes	39098298
3530	4237	5	5	1	2003	Coimbatore	Excellent	Yes	44723910
3531	3042	4	4	3	2001	Hyderabad	Poor	Yes	29321066
3532	2515	3	2	1	2010	Jaipur	Excellent	No	27866316
3533	2837	4	4	3	2005	Bangalore	Very Good	No	52244920
3534	844	1	2	2	2007	Mysore	Fair	Yes	6841796
3535	2547	3	3	1	2010	Coimbatore	Good	No	21874832
3536	4887	6	5	3	2014	Bangalore	Very Good	No	90609567
3537	1640	1	1	3	1999	Delhi	Good	Yes	26044313
3538	4313	6	5	4	2000	Chennai	Excellent	Yes	65645541
3539	3209	5	5	1	1999	Delhi	Good	Yes	57622559
3540	1297	1	1	2	2016	Pune	Very Good	Yes	22812866
3541	3881	6	5	1	2023	Noida	Fair	No	59089180
3542	4150	6	5	1	1998	Kochi	Poor	Yes	30336820
3543	4709	6	5	4	2009	Hyderabad	Very Good	Yes	63543360
3544	3402	5	5	3	2021	Mysore	Very Good	Yes	37594626
3545	4767	6	5	3	2014	Delhi	Good	Yes	88355661
3546	3888	6	5	4	2020	Kochi	Good	No	39625386
3547	2685	4	4	2	2006	Pune	Fair	No	36908649
3548	3987	5	4	3	2002	Coimbatore	Good	No	34352987
3549	2774	4	4	3	2008	Bangalore	Very Good	No	46069724
3550	590	2	3	3	2011	Hyderabad	Very Good	Yes	9513565
3551	1208	2	2	2	2024	Coimbatore	Very Good	No	13199007
3552	3713	4	5	1	2019	Noida	Fair	Yes	57117826
3553	1883	4	3	3	2021	Hyderabad	Fair	No	21478708
3554	4256	6	5	4	2009	Ahmedabad	Very Good	Yes	52455225
3555	817	2	2	3	2026	Delhi	Fair	No	14947646
3556	1030	1	1	1	2003	Jaipur	Fair	Yes	9034376
3557	3590	4	3	3	2013	Jaipur	Good	No	36956259
3558	2425	4	5	2	2007	Bangalore	Good	No	39903216
3559	1849	3	3	2	2019	Noida	Excellent	No	36716071
3560	4375	5	4	4	2011	Coimbatore	Very Good	Yes	44754198
3561	1817	3	3	2	2021	Mysore	Good	No	16186749
3562	3766	4	3	2	1998	Mysore	Very Good	Yes	32587459
3563	4759	6	5	1	2011	Mysore	Very Good	No	44736234
3564	602	2	1	1	2021	Mysore	Poor	Yes	5633136
3565	4818	6	5	2	2000	Chennai	Good	No	58309736
3566	2496	4	4	1	2017	Ahmedabad	Good	No	27730598
3567	1110	2	3	4	2024	Noida	Good	Yes	18618186
3568	880	1	1	2	2013	Chennai	Very Good	No	13689866
3569	4820	6	5	2	2006	Chennai	Good	No	57509213
3570	1212	1	1	1	2007	Bangalore	Good	Yes	19492084
3571	727	2	2	4	2000	Pune	Good	Yes	12003527
3572	2846	4	4	1	1998	Noida	Fair	No	37585324
3573	1262	1	1	1	2017	Ahmedabad	Good	No	13263623
3574	1463	1	1	3	2013	Bangalore	Very Good	Yes	27442748
3575	2258	3	3	4	2025	Pune	Very Good	No	41682717
3576	2998	4	4	1	2002	Jaipur	Good	No	26208235
3577	1807	3	3	3	1998	Pune	Fair	Yes	21828991
3578	2978	3	3	1	2023	Kochi	Fair	No	29062679
3579	3242	4	4	4	2000	Delhi	Very Good	No	57750031
3580	2036	4	3	4	2012	Ahmedabad	Fair	Yes	19719904
3581	2046	4	4	1	2025	Bangalore	Excellent	Yes	44163545
3582	1215	3	3	3	2014	Noida	Good	Yes	19591139
3583	1451	1	1	1	2020	Pune	Good	No	21669983
3584	601	1	1	3	2015	Delhi	Very Good	No	13348556
3585	4709	6	5	3	2012	Mumbai	Very Good	No	109000077
3586	1469	1	1	4	1998	Mumbai	Poor	No	22912302
3587	4505	6	5	4	2009	Mumbai	Good	Yes	99293642
3588	1549	2	2	1	2009	Coimbatore	Good	No	15215101
3589	4382	6	5	3	2020	Pune	Good	Yes	72892573
3590	3907	6	5	4	2002	Coimbatore	Fair	No	30735615
3591	592	1	1	4	2017	Kochi	Very Good	Yes	7164679
3592	3057	4	5	4	2010	Mysore	Good	No	28772668
3593	3817	5	5	2	2009	Pune	Good	No	54843699
3594	4175	6	5	3	2019	Delhi	Very Good	Yes	85069546
3595	4963	6	5	2	2010	Ahmedabad	Good	No	53810157
3596	1642	1	1	2	2007	Coimbatore	Very Good	Yes	17262993
3597	4137	5	5	1	2017	Kochi	Good	Yes	42263349
3598	4220	5	5	2	2007	Mumbai	Very Good	No	95150987
3599	4894	6	5	2	2009	Jaipur	Very Good	Yes	51589713
3600	2804	4	5	4	2023	Coimbatore	Very Good	Yes	29275832
3601	1219	2	2	3	2016	Jaipur	Good	No	12669976
3602	2447	3	3	1	2007	Bangalore	Very Good	Yes	40839230
3603	3377	5	5	3	2006	Jaipur	Fair	Yes	29750831
3604	2690	5	5	4	2018	Bangalore	Very Good	Yes	51971274
3605	2514	3	3	3	2010	Delhi	Good	Yes	42799534
3606	1612	2	1	4	2025	Pune	Fair	No	23568928
3607	2750	4	4	3	2014	Hyderabad	Fair	Yes	33506932
3608	4562	6	5	1	2008	Chennai	Very Good	No	63286554
3609	3620	5	5	1	2011	Delhi	Very Good	No	77356151
3610	690	1	1	3	2013	Mysore	Very Good	No	6740024
3611	2318	2	3	4	2011	Jaipur	Good	No	22634998
3612	2495	3	4	2	2026	Kochi	Very Good	No	31597255
3613	3854	6	5	1	2000	Pune	Excellent	No	67333757
3614	4216	5	4	2	2023	Jaipur	Good	No	44146876
3615	1558	2	1	1	2016	Mumbai	Very Good	No	37316871
3616	3074	4	4	2	2018	Mumbai	Good	Yes	76405795
3617	4704	6	5	1	2004	Chennai	Fair	No	55986294
3618	3886	6	5	1	2000	Mysore	Very Good	No	32561973
3619	4954	6	5	2	2022	Coimbatore	Excellent	No	55476788
3620	4969	6	5	2	2022	Noida	Good	Yes	89451677
3621	4204	6	5	4	2007	Jaipur	Good	No	37930161
3622	1273	2	1	4	2013	Pune	Good	No	19835481
3623	3081	3	3	3	2001	Chennai	Good	No	38497409
3624	2898	5	5	4	2015	Pune	Excellent	No	50969117
3625	1057	2	2	2	2020	Bangalore	Good	No	19771719
3626	1655	2	3	3	2020	Bangalore	Good	Yes	28491493
3627	3752	5	5	2	2005	Mumbai	Good	Yes	78927123
3628	4602	6	5	2	2000	Noida	Good	Yes	64964916
3629	1608	2	2	2	2021	Pune	Good	Yes	27237759
3630	1316	2	2	1	2000	Hyderabad	Fair	No	12419312
3631	3840	4	4	3	2004	Jaipur	Fair	No	28998799
3632	1123	2	2	2	2001	Jaipur	Very Good	Yes	11357731
3633	843	1	1	2	2006	Jaipur	Good	Yes	8923402
3634	1870	3	3	4	2001	Kochi	Fair	Yes	17336327
3635	2504	4	5	1	2004	Bangalore	Poor	Yes	30050244
3636	2557	3	3	2	2019	Mysore	Good	No	24107876
3637	2599	4	5	1	2018	Bangalore	Good	No	41546563
3638	3327	6	5	4	2020	Pune	Very Good	No	58056533
3639	2864	3	3	3	2026	Mysore	Good	No	26340124
3640	4937	6	5	4	2013	Jaipur	Fair	Yes	40789905
3641	1690	3	3	2	2018	Hyderabad	Very Good	Yes	24145011
3642	744	1	2	2	1998	Mysore	Excellent	Yes	8045799
3643	1821	4	3	4	2020	Mysore	Fair	Yes	15414733
3644	995	1	1	4	2006	Delhi	Very Good	Yes	19968202
3645	1581	2	1	2	2017	Noida	Excellent	No	33505442
3646	2707	4	4	2	2016	Noida	Fair	No	38911649
3647	3761	5	5	2	2015	Coimbatore	Good	Yes	34028770
3648	4346	5	5	4	2020	Jaipur	Good	No	42015296
3649	2742	3	2	4	2005	Coimbatore	Good	No	25646447
3650	4842	6	5	4	2001	Mysore	Good	No	41907334
3651	4679	6	5	3	2013	Noida	Good	No	77474563
3652	725	1	1	1	2002	Bangalore	Excellent	No	12569740
3653	2585	3	2	1	2011	Noida	Poor	No	32129407
3654	2230	3	3	3	1999	Hyderabad	Very Good	No	27522292
3655	943	1	1	3	2013	Chennai	Excellent	Yes	15130304
3656	3345	5	4	3	2012	Hyderabad	Good	Yes	39517383
3657	627	1	1	2	2022	Bangalore	Good	No	11207026
3658	1505	1	1	4	2002	Coimbatore	Very Good	Yes	14811116
3659	901	2	2	3	2012	Jaipur	Fair	No	8270217
3660	4355	6	5	3	2018	Mysore	Very Good	No	43731261
3661	3260	4	5	2	2026	Mysore	Fair	Yes	27540510
3662	4069	6	5	1	2018	Chennai	Very Good	Yes	62923667
3663	3023	3	2	3	2017	Delhi	Good	No	56345797
3664	3475	6	5	4	2012	Noida	Very Good	No	56033316
3665	1911	2	3	1	2001	Noida	Very Good	Yes	30039569
3666	2292	4	5	4	2021	Jaipur	Good	Yes	24915261
3667	650	1	2	2	2009	Coimbatore	Good	Yes	7058375
3668	3309	4	5	4	2004	Chennai	Very Good	No	47314880
3669	4950	6	5	4	2000	Mumbai	Fair	Yes	86114826
3670	4129	6	5	3	2021	Mysore	Good	Yes	39935264
3671	1946	3	3	2	2015	Coimbatore	Excellent	Yes	23958079
3672	3389	5	5	4	2004	Kochi	Poor	Yes	29016270
3673	989	2	2	2	2026	Pune	Good	No	15501924
3674	882	1	1	1	2013	Ahmedabad	Fair	No	8760696
3675	1300	1	2	4	2008	Hyderabad	Good	Yes	15784026
3676	523	2	1	4	2018	Mumbai	Good	Yes	12434816
3677	4247	6	5	3	2001	Hyderabad	Poor	Yes	41564184
3678	2545	4	3	1	2015	Noida	Excellent	No	45979094
3679	3121	4	4	3	2007	Delhi	Good	No	59992902
3680	1259	2	2	3	2009	Jaipur	Good	No	11609777
3681	2621	4	4	4	2021	Kochi	Very Good	No	31322096
3682	2635	4	4	1	2018	Coimbatore	Good	Yes	24985247
3683	1821	2	2	2	2025	Chennai	Fair	No	21886028
3684	847	1	1	4	2006	Mumbai	Good	No	20106402
3685	644	1	1	1	2011	Jaipur	Excellent	No	7856272
3686	572	1	2	4	2025	Noida	Excellent	Yes	12138234
3687	3637	6	5	3	2019	Bangalore	Very Good	Yes	64685760
3688	4772	6	5	2	2012	Kochi	Good	No	45556001
3689	1920	4	4	3	2020	Jaipur	Good	No	20703371
3690	1478	1	1	4	2016	Jaipur	Excellent	No	16710937
3691	2677	4	4	3	2010	Mumbai	Fair	Yes	57611570
3692	2894	5	5	1	2025	Ahmedabad	Very Good	No	38760789
3693	558	1	1	2	2011	Hyderabad	Very Good	No	7235462
3694	864	1	2	4	2004	Pune	Excellent	No	14850318
3695	1949	3	3	1	2018	Noida	Very Good	No	36106660
3696	3707	6	5	1	2007	Delhi	Good	Yes	71540238
3697	2118	3	3	4	2024	Chennai	Good	Yes	30122575
3698	3889	5	5	4	2012	Mysore	Good	No	37049111
3699	2279	4	4	3	2024	Bangalore	Fair	No	37153252
3700	3044	5	5	1	2010	Bangalore	Excellent	Yes	60093181
3701	2768	4	5	1	2010	Noida	Poor	No	37802927
3702	3747	5	5	1	2022	Mysore	Good	Yes	37181698
3703	1941	3	4	1	2014	Chennai	Poor	Yes	22915727
3704	2128	2	1	3	2007	Kochi	Very Good	No	22600358
3705	4524	5	5	4	2018	Hyderabad	Fair	No	47535402
3706	670	2	1	2	2020	Delhi	Very Good	No	15652809
3707	2084	3	3	2	2012	Kochi	Good	Yes	20353090
3708	1074	2	2	3	2022	Jaipur	Good	Yes	11996500
3709	3328	5	5	3	2008	Ahmedabad	Fair	No	31812865
3710	4307	5	5	3	1998	Delhi	Very Good	No	78664655
3711	874	2	2	3	2015	Ahmedabad	Good	No	9954269
3712	2194	3	3	3	2020	Kochi	Good	No	24909163
3713	2438	3	3	2	2005	Noida	Excellent	Yes	45962915
3714	4055	6	5	3	2017	Jaipur	Excellent	Yes	47439230
3715	1390	1	2	4	2017	Mysore	Good	No	13509651
3716	2512	4	4	1	2007	Mumbai	Very Good	No	60821467
3717	2540	4	3	2	2005	Pune	Very Good	Yes	37614170
3718	2920	4	5	1	2010	Mysore	Very Good	No	26602241
3719	1215	1	2	1	2007	Hyderabad	Very Good	No	16679125
3720	4818	6	5	3	2010	Bangalore	Fair	Yes	74723313
3721	2622	4	4	3	2016	Noida	Good	Yes	42118006
3722	4264	6	5	2	2021	Noida	Very Good	Yes	75858782
3723	4158	6	5	1	2000	Kochi	Good	No	37579482
3724	760	1	1	4	2016	Pune	Fair	No	10230368
3725	566	1	1	4	2001	Pune	Excellent	Yes	10317044
3726	3478	4	4	1	2008	Jaipur	Fair	Yes	29497992
3727	3888	6	5	1	2010	Noida	Very Good	Yes	66295861
3728	669	1	1	3	2011	Chennai	Fair	No	8655122
3729	3777	5	5	4	2009	Delhi	Good	No	71168883
3730	3214	6	5	3	2013	Bangalore	Poor	Yes	40784278
3731	2298	4	4	3	1998	Jaipur	Fair	No	18575215
3732	3965	6	5	3	2005	Ahmedabad	Good	No	39693621
3733	2077	3	2	1	2006	Chennai	Good	Yes	27610880
3734	2325	2	2	3	2024	Hyderabad	Good	Yes	29002284
3735	1109	2	3	1	2019	Delhi	Fair	No	19131947
3736	3419	5	5	4	2022	Bangalore	Very Good	No	61911166
3737	1370	2	2	1	2008	Jaipur	Excellent	Yes	16888105
3738	2237	2	2	1	2008	Jaipur	Good	No	21661015
3739	3373	5	5	1	2009	Mysore	Very Good	Yes	35192408
3740	4814	6	5	2	2020	Chennai	Good	No	67329995
3741	4974	6	5	1	2006	Coimbatore	Good	No	41245686
3742	4381	6	5	1	2005	Chennai	Excellent	No	66889419
3743	1080	2	1	4	2011	Jaipur	Good	Yes	11087078
3744	3617	5	5	1	2003	Jaipur	Excellent	Yes	37823982
3745	1163	2	1	1	2009	Kochi	Very Good	Yes	12196999
3746	680	1	1	3	2012	Delhi	Very Good	No	13270070
3747	4910	6	5	1	2017	Kochi	Very Good	No	56910695
3748	2078	3	3	3	1998	Delhi	Good	No	33601769
3749	3448	5	5	2	2009	Jaipur	Good	Yes	32366050
3750	4889	6	5	4	2015	Ahmedabad	Good	No	49712698
3751	1450	2	3	1	2014	Pune	Very Good	Yes	26038635
3752	3416	5	5	1	2013	Noida	Good	No	52398882
3753	3267	5	5	3	2016	Pune	Good	Yes	53013970
3754	1285	1	1	1	2014	Chennai	Good	Yes	15768520
3755	3974	5	5	2	2007	Jaipur	Fair	No	35164945
3756	957	2	3	2	2017	Kochi	Very Good	Yes	11877592
3757	2036	3	4	2	2023	Kochi	Very Good	No	24670566
3758	1557	2	2	1	2013	Bangalore	Good	Yes	24766419
3759	2930	4	4	2	2009	Delhi	Very Good	No	59155492
3760	4536	6	5	1	2003	Pune	Very Good	No	69280027
3761	1395	2	2	4	2002	Mysore	Very Good	No	13155630
3762	2436	2	2	3	2015	Mumbai	Excellent	Yes	66377702
3763	2601	4	3	4	2002	Chennai	Very Good	No	35345698
3764	1126	3	3	4	2000	Delhi	Very Good	No	21363014
3765	2052	3	4	1	2005	Kochi	Fair	No	19423124
3766	1208	2	3	4	2012	Ahmedabad	Good	No	14364703
3767	3042	4	5	3	2004	Pune	Good	No	40487668
3768	4901	6	5	2	2009	Chennai	Excellent	No	76121858
3769	3819	4	5	4	2005	Ahmedabad	Poor	No	33701903
3770	2134	2	2	3	2009	Mysore	Very Good	No	21020815
3771	4469	6	5	4	1998	Pune	Good	Yes	59046685
3772	2130	4	5	1	2019	Kochi	Good	No	21606386
3773	1686	2	2	2	2012	Coimbatore	Good	No	15659036
3774	4816	6	5	4	2011	Delhi	Very Good	Yes	98938013
3775	4636	6	5	3	2006	Ahmedabad	Good	No	49627174
3776	3573	4	3	4	2010	Kochi	Very Good	Yes	42799182
3777	4893	6	5	2	2017	Chennai	Good	Yes	64107365
3778	1148	1	1	1	2003	Ahmedabad	Good	Yes	11569014
3779	2252	3	3	1	2013	Coimbatore	Very Good	Yes	24806024
3780	1608	3	2	3	2009	Mysore	Poor	No	11341662
3781	3437	5	4	4	2016	Delhi	Fair	No	54696850
3782	3903	6	5	4	2008	Coimbatore	Good	No	35369523
3783	1176	2	1	4	2018	Bangalore	Fair	Yes	18332933
3784	2783	4	4	3	1999	Coimbatore	Very Good	No	28043260
3785	912	1	2	4	2020	Jaipur	Good	Yes	10651701
3786	3681	5	4	2	2016	Pune	Good	No	58950790
3787	2471	4	5	2	2018	Chennai	Excellent	Yes	41005592
3788	844	1	1	4	2019	Chennai	Good	No	11270762
3789	3959	6	5	1	2001	Coimbatore	Good	Yes	34358022
3790	802	1	1	2	2005	Delhi	Excellent	No	18062361
3791	4686	6	5	1	2024	Coimbatore	Very Good	Yes	50909444
3792	4870	6	5	3	2016	Noida	Excellent	Yes	92268780
3793	3785	4	4	4	2018	Mysore	Very Good	No	36012688
3794	3235	5	5	4	2024	Jaipur	Good	No	31541365
3795	4481	6	5	3	2006	Ahmedabad	Good	Yes	49070938
3796	1879	3	3	4	2003	Pune	Fair	Yes	22811378
3797	2559	3	4	2	2010	Ahmedabad	Good	Yes	28336991
3798	1564	2	3	2	2024	Coimbatore	Good	No	16730415
3799	595	2	2	2	2026	Delhi	Very Good	No	13684884
3800	3626	4	5	2	1998	Noida	Excellent	Yes	63955795
3801	3664	4	3	3	2005	Mumbai	Good	Yes	84997023
3802	1434	2	2	1	2009	Noida	Very Good	No	25694723
3803	4264	6	5	3	2021	Mysore	Excellent	Yes	50331020
3804	1896	3	2	3	2015	Noida	Very Good	Yes	31489440
3805	996	2	2	2	2010	Hyderabad	Good	Yes	12442429
3806	2413	4	3	2	2026	Delhi	Very Good	No	55567580
3807	1974	2	2	3	2026	Pune	Good	Yes	31866746
3808	2135	3	4	1	2003	Jaipur	Excellent	Yes	24510915
3809	1451	1	1	4	2025	Kochi	Good	No	15293269
3810	4076	5	5	4	2025	Delhi	Fair	No	75233606
3811	3801	5	5	1	2001	Mysore	Excellent	No	35320314
3812	2709	3	3	4	2012	Bangalore	Poor	Yes	34524797
3813	1206	2	1	3	2026	Jaipur	Very Good	Yes	13722803
3814	2289	4	4	3	2011	Chennai	Good	Yes	30774383
3815	675	2	3	1	2002	Kochi	Good	Yes	7460426
3816	1921	4	5	3	2012	Kochi	Fair	No	18924865
3817	1348	2	1	1	2005	Ahmedabad	Good	Yes	14702639
3818	4923	6	5	2	2018	Mumbai	Fair	No	97571764
3819	4607	6	5	1	2010	Pune	Good	Yes	68415435
3820	1464	2	2	1	2021	Chennai	Good	Yes	21989364
3821	1288	2	2	4	2008	Mumbai	Fair	Yes	27065975
3822	774	2	1	2	1998	Coimbatore	Good	No	7019496
3823	2426	3	3	4	2011	Jaipur	Very Good	No	26870576
3824	3375	5	5	1	2025	Noida	Very Good	Yes	64688996
3825	2150	3	2	1	2017	Ahmedabad	Good	Yes	23989038
3826	2567	5	5	4	2008	Jaipur	Good	Yes	27240511
3827	930	2	2	2	2021	Chennai	Poor	No	10386281
3828	1109	2	3	1	2011	Pune	Excellent	No	21421197
3829	3798	5	5	2	2001	Chennai	Good	Yes	46073130
3830	2168	2	2	4	2017	Delhi	Very Good	Yes	45381626
3831	4058	6	5	3	2011	Chennai	Very Good	No	61402957
3832	1184	2	1	2	2020	Ahmedabad	Poor	No	11334733
3833	3088	3	3	3	2014	Delhi	Excellent	Yes	75370092
3834	1189	3	4	2	2020	Delhi	Very Good	No	26069655
3835	1823	4	5	4	2013	Jaipur	Good	No	19472315
3836	582	2	3	3	2026	Chennai	Fair	No	8321845
3837	4169	6	5	1	2010	Kochi	Very Good	Yes	45846067
3838	3635	5	5	2	2021	Mumbai	Good	Yes	88855550
3839	4632	6	5	2	2010	Mysore	Very Good	No	46889266
3840	1184	3	2	3	2023	Mysore	Poor	Yes	9822423
3841	3672	4	4	2	2016	Ahmedabad	Very Good	Yes	42564535
3842	2243	4	4	2	2001	Coimbatore	Very Good	Yes	23023339
3843	2153	2	2	4	1999	Bangalore	Excellent	Yes	36503840
3844	2596	5	4	1	2013	Chennai	Very Good	No	39027084
3845	4567	6	5	3	2016	Kochi	Very Good	Yes	51896637
3846	2950	5	5	1	2013	Jaipur	Very Good	No	30600323
3847	3584	5	5	3	2003	Mumbai	Good	Yes	78512199
3848	1806	4	5	1	2023	Hyderabad	Fair	Yes	20804996
3849	2072	3	3	4	2004	Bangalore	Good	No	31733714
3850	4264	6	5	3	2022	Mysore	Fair	Yes	37376094
3851	4872	6	5	2	2006	Mysore	Very Good	Yes	47606535
3852	2107	4	4	1	2003	Chennai	Good	No	27198502
3853	1533	3	3	4	2023	Mysore	Fair	No	12849576
3854	1266	1	2	2	2002	Bangalore	Good	No	20299226
3855	3343	4	4	3	2013	Chennai	Good	Yes	44475546
3856	3314	5	5	2	2000	Delhi	Good	Yes	58396686
3857	4378	6	5	1	2002	Kochi	Poor	No	35399567
3858	1965	3	3	3	2020	Jaipur	Very Good	Yes	21199919
3859	3844	6	5	4	2005	Pune	Fair	No	49613074
3860	1272	3	3	4	2003	Chennai	Very Good	No	18110269
3861	4441	5	5	4	2017	Hyderabad	Fair	Yes	51583817
3862	4599	6	5	2	2010	Ahmedabad	Good	No	47198377
3863	2422	3	4	1	2010	Coimbatore	Very Good	Yes	26650697
3864	4636	6	5	3	2010	Chennai	Good	No	54600307
3865	3371	4	5	3	2003	Jaipur	Excellent	Yes	38185758
3866	3124	4	4	2	2019	Mumbai	Good	Yes	74292873
3867	3581	4	5	2	2018	Hyderabad	Very Good	No	48917331
3868	2262	3	3	4	2021	Noida	Good	Yes	40648174
3869	3206	5	5	4	2003	Ahmedabad	Excellent	No	40998683
3870	4857	6	5	2	2026	Hyderabad	Fair	Yes	59072763
3871	3735	5	4	1	2000	Jaipur	Very Good	Yes	35188612
3872	4065	6	5	2	2008	Mumbai	Good	No	89633972
3873	4763	6	5	1	2017	Bangalore	Very Good	Yes	88931833
3874	4234	6	5	4	2026	Pune	Good	No	63775138
3875	2769	4	5	1	2016	Hyderabad	Good	Yes	33500127
3876	2087	3	4	2	2004	Pune	Very Good	No	34151593
3877	1583	2	1	2	2012	Mysore	Excellent	No	17493093
3878	3542	6	5	4	2022	Mumbai	Excellent	Yes	99439212
3879	1816	3	2	2	2021	Bangalore	Good	No	33486275
3880	3167	5	5	3	2019	Ahmedabad	Good	No	36507003
3881	4518	5	5	2	2016	Bangalore	Good	No	79335408
3882	2487	4	5	3	2019	Jaipur	Good	Yes	27968540
3883	792	1	1	3	2020	Ahmedabad	Good	No	9022695
3884	1788	3	2	3	2001	Bangalore	Good	Yes	28175983
3885	2880	4	5	2	2003	Ahmedabad	Good	Yes	27828461
3886	3241	5	4	3	2020	Ahmedabad	Excellent	Yes	48097300
3887	1402	1	1	4	2013	Delhi	Good	No	25123767
3888	806	1	1	4	2004	Jaipur	Very Good	Yes	9224653
3889	2898	3	3	1	2017	Coimbatore	Good	No	27548850
3890	2429	4	4	2	2007	Noida	Excellent	Yes	49191792
3891	1697	2	2	3	1999	Chennai	Good	Yes	20639523
3892	2059	4	4	2	2016	Hyderabad	Good	Yes	28080318
3893	1397	2	1	1	2026	Chennai	Very Good	Yes	20263139
3894	2802	4	4	2	2022	Coimbatore	Very Good	Yes	32227683
3895	4773	6	5	2	2004	Coimbatore	Good	Yes	45228486
3896	1319	2	3	3	2017	Hyderabad	Very Good	Yes	20071145
3897	2017	2	1	3	2017	Kochi	Poor	Yes	16054859
3898	2488	5	5	2	2011	Delhi	Poor	No	36717291
3899	2325	3	3	1	1998	Kochi	Very Good	No	24223112
3900	2979	3	3	4	2010	Delhi	Very Good	No	60616125
3901	4686	6	5	2	2007	Coimbatore	Very Good	No	48501569
3902	4053	6	5	3	2017	Ahmedabad	Good	Yes	42373897
3903	3290	5	4	2	2000	Jaipur	Very Good	No	30515836
3904	4805	6	5	4	2001	Ahmedabad	Good	No	46585247
3905	2966	4	3	3	2001	Bangalore	Good	No	47917003
3906	1602	2	2	1	2003	Hyderabad	Very Good	No	20804484
3907	1230	3	3	2	2008	Ahmedabad	Very Good	No	15350490
3908	4840	6	5	4	2009	Delhi	Excellent	Yes	105142316
3909	3281	5	4	1	2005	Delhi	Good	Yes	56470372
3910	4457	6	5	2	2021	Noida	Fair	Yes	68276155
3911	512	2	2	3	2008	Kochi	Very Good	No	6179045
3912	2958	4	4	3	2007	Chennai	Very Good	Yes	44415336
3913	699	1	1	2	2024	Noida	Good	Yes	13109482
3914	3041	4	3	2	2003	Ahmedabad	Very Good	Yes	35268064
3915	1325	2	2	1	2023	Pune	Good	No	22029161
3916	2252	3	2	3	2011	Bangalore	Very Good	Yes	39521375
3917	2350	4	3	3	2000	Pune	Good	Yes	30520681
3918	3098	4	4	4	2017	Pune	Very Good	No	50160696
3919	2695	5	5	2	2003	Jaipur	Excellent	No	28741516
3920	4935	6	5	2	2018	Mysore	Fair	Yes	37972385
3921	1572	2	3	4	1999	Jaipur	Fair	No	12389085
3922	4899	6	5	1	2024	Delhi	Excellent	Yes	110126936
3923	545	1	1	3	2025	Jaipur	Poor	No	4810104
3924	3804	4	4	3	2005	Bangalore	Good	Yes	63532142
3925	731	1	2	4	2001	Delhi	Good	Yes	13907203
3926	3382	6	5	1	2003	Chennai	Good	Yes	40385075
3927	3446	5	5	1	2018	Mumbai	Fair	Yes	70345697
3928	3556	5	4	3	2005	Bangalore	Very Good	Yes	64890079
3929	4639	6	5	4	2021	Delhi	Excellent	No	111927529
3930	2451	5	4	2	2025	Noida	Good	No	45220531
3931	1999	2	1	1	2002	Bangalore	Good	No	30960962
3932	1296	2	3	1	1999	Hyderabad	Fair	No	12309438
3933	2378	2	3	3	2010	Delhi	Very Good	No	43783672
3934	4760	6	5	4	2013	Hyderabad	Good	No	59883734
3935	3329	5	5	3	2016	Ahmedabad	Poor	Yes	30771913
3936	1130	3	4	2	2013	Delhi	Good	Yes	23057855
3937	4280	6	5	1	2010	Mumbai	Very Good	No	103867948
3938	3500	4	5	1	2018	Jaipur	Fair	No	30968027
3939	553	1	1	3	2003	Coimbatore	Poor	Yes	4678858
3940	3872	5	4	4	2009	Mumbai	Fair	No	73136342
3941	2085	3	3	1	1999	Bangalore	Very Good	Yes	35906154
3942	727	2	3	3	2026	Mumbai	Good	No	17931757
3943	1811	3	4	2	2015	Pune	Fair	No	25987347
3944	3384	4	5	2	2013	Bangalore	Good	No	54119174
3945	2294	3	3	2	2011	Pune	Very Good	No	34684538
3946	3559	4	4	2	2018	Mysore	Good	No	34456754
3947	718	1	1	4	2014	Pune	Excellent	No	13690673
3948	2696	3	3	3	2024	Jaipur	Fair	Yes	26508004
3949	1598	3	2	4	2008	Mysore	Fair	No	14007835
3950	2758	5	4	3	2017	Mysore	Excellent	No	29210243
3951	1323	2	3	4	2025	Noida	Very Good	Yes	26156454
3952	1327	1	1	4	2002	Jaipur	Good	Yes	12342266
3953	3621	6	5	4	2011	Ahmedabad	Fair	Yes	35234557
3954	4202	6	5	2	2019	Delhi	Very Good	No	83380899
3955	2725	3	4	3	2004	Pune	Poor	Yes	32934627
3956	3142	4	5	3	1999	Delhi	Very Good	Yes	60463612
3957	4082	6	5	2	2020	Noida	Good	Yes	64358443
3958	3939	6	5	4	2013	Delhi	Very Good	Yes	75839283
3959	3199	5	4	3	2005	Chennai	Excellent	Yes	44904488
3960	3379	6	5	2	2023	Coimbatore	Very Good	Yes	37752974
3961	1251	1	1	4	2008	Noida	Very Good	No	22728994
3962	896	1	1	3	2000	Pune	Good	No	12537616
3963	1876	3	3	2	2005	Bangalore	Fair	No	27641105
3964	1253	1	2	4	2022	Bangalore	Excellent	No	28340455
3965	3061	5	4	1	2013	Mysore	Good	Yes	29349794
3966	4121	6	5	2	2018	Coimbatore	Good	Yes	38885573
3967	3461	6	5	3	2009	Pune	Very Good	Yes	54242047
3968	3539	4	4	1	2007	Mumbai	Very Good	No	84880434
3969	1881	3	3	2	2025	Hyderabad	Good	Yes	25499283
3970	4975	6	5	1	2024	Pune	Excellent	Yes	93269564
3971	4357	6	5	3	2009	Bangalore	Very Good	Yes	72581268
3972	1913	2	1	1	2018	Kochi	Good	Yes	20187945
3973	4527	6	5	1	2024	Kochi	Fair	No	44067040
3974	2264	3	3	3	2019	Chennai	Very Good	No	33364762
3975	2758	4	5	3	2026	Mumbai	Good	Yes	64695107
3976	1776	3	2	1	2024	Bangalore	Good	Yes	30285383
3977	3621	5	4	4	2019	Kochi	Poor	No	31081559
3978	2367	4	4	1	2009	Ahmedabad	Very Good	No	25999511
3979	2103	2	2	2	2018	Chennai	Good	No	26745724
3980	1777	2	2	2	2008	Delhi	Very Good	Yes	33541960
3981	3243	5	5	3	2016	Noida	Excellent	No	63431831
3982	4610	6	5	1	2014	Pune	Good	Yes	64003928
3983	3600	4	5	4	2013	Ahmedabad	Good	Yes	37861965
3984	2562	3	3	3	2001	Pune	Fair	No	31762055
3985	4062	6	5	4	2012	Mysore	Fair	Yes	35758863
3986	2722	3	3	2	2000	Hyderabad	Excellent	No	37292451
3987	1039	1	1	3	2025	Jaipur	Very Good	Yes	12276006
3988	4027	6	5	4	2006	Coimbatore	Good	No	39241286
3989	4729	6	5	4	2009	Chennai	Poor	No	49084450
3990	789	1	2	3	2015	Ahmedabad	Poor	Yes	8256274
3991	4386	5	5	3	2011	Chennai	Good	No	60699103
3992	2490	4	3	1	2021	Pune	Fair	Yes	36874993
3993	1632	1	1	3	2018	Ahmedabad	Very Good	No	18682581
3994	4937	6	5	1	2005	Mumbai	Very Good	Yes	116261142
3995	3952	5	5	1	2009	Ahmedabad	Good	No	41003742
3996	2539	4	3	4	2003	Jaipur	Excellent	No	28087662
3997	1548	1	2	3	2006	Pune	Very Good	Yes	25339419
3998	1680	1	1	3	2023	Coimbatore	Very Good	Yes	17144189
3999	2725	4	4	2	2017	Bangalore	Fair	Yes	44667886
4000	4577	6	5	3	2019	Coimbatore	Fair	Yes	42391636
4001	2682	3	4	1	2004	Coimbatore	Good	Yes	25464250
4002	4157	6	5	4	2017	Kochi	Good	No	45056497
4003	2873	3	3	1	2006	Jaipur	Poor	Yes	19965854
4004	2492	3	3	1	2003	Kochi	Very Good	No	24765224
4005	1188	2	3	1	2024	Noida	Poor	No	17344925
4006	3311	5	5	2	2009	Pune	Very Good	Yes	51159530
4007	3325	6	5	1	2025	Mumbai	Good	Yes	79746714
4008	2177	3	2	2	2012	Delhi	Very Good	No	46150384
4009	2620	4	4	1	2023	Ahmedabad	Good	No	30740742
4010	2723	3	2	3	1998	Noida	Good	No	40151267
4011	723	1	1	4	2018	Jaipur	Very Good	Yes	8329253
4012	2792	3	2	2	2003	Bangalore	Fair	No	35364429
4013	2546	3	2	3	1998	Kochi	Good	Yes	22554663
4014	4388	5	4	3	2002	Hyderabad	Very Good	No	55128006
4015	4488	6	5	1	2004	Jaipur	Very Good	No	45556204
4016	4686	6	5	2	2023	Delhi	Poor	No	80039666
4017	2308	3	4	2	2008	Coimbatore	Good	No	20837501
4018	671	1	1	1	2000	Noida	Very Good	No	10640118
4019	3245	6	5	1	2002	Kochi	Very Good	Yes	36454373
4020	821	1	1	1	1999	Bangalore	Very Good	No	13057024
4021	878	1	1	4	2004	Chennai	Good	No	11447546
4022	1708	2	1	3	2000	Mumbai	Good	No	32859088
4023	1523	2	1	3	2026	Delhi	Fair	No	26650367
4024	4115	6	5	2	2018	Mysore	Good	No	35750905
4025	3879	6	5	1	2026	Kochi	Good	Yes	46297490
4026	1240	2	2	4	2026	Noida	Very Good	No	22192647
4027	4735	6	5	2	2000	Kochi	Very Good	Yes	45514603
4028	688	2	2	2	2000	Pune	Good	Yes	10473300
4029	1083	2	1	4	2011	Hyderabad	Very Good	Yes	14797735
4030	2198	2	1	3	2000	Pune	Good	No	31004954
4031	2611	3	3	4	2003	Delhi	Good	Yes	43479676
4032	1599	1	1	2	2000	Hyderabad	Good	No	18645916
4033	4133	6	5	3	2022	Chennai	Poor	Yes	46030938
4034	3869	6	5	3	1999	Noida	Fair	No	52505270
4035	4209	6	5	1	2009	Mysore	Excellent	No	40624697
4036	2904	4	4	3	2001	Coimbatore	Fair	No	23374071
4037	2725	3	3	3	2010	Hyderabad	Good	Yes	30893593
4038	1327	1	2	4	2025	Noida	Good	No	23917630
4039	4574	6	5	3	2024	Hyderabad	Very Good	No	62012026
4040	4034	6	5	3	2020	Coimbatore	Good	Yes	41595971
4041	3651	5	5	1	2002	Mysore	Very Good	No	31218947
4042	3387	5	4	2	2025	Kochi	Excellent	Yes	46183757
4043	4070	6	5	3	2004	Kochi	Excellent	No	48596018
4044	1770	3	2	2	2012	Kochi	Good	Yes	17499227
4045	2828	4	5	4	2011	Jaipur	Fair	No	26869032
4046	3496	5	5	4	2016	Noida	Very Good	Yes	59209690
4047	4571	6	5	1	2001	Mumbai	Good	No	98037029
4048	4228	6	5	4	2012	Bangalore	Good	No	69641875
4049	997	2	3	2	2022	Noida	Poor	Yes	15398364
4050	3110	4	4	2	2012	Jaipur	Good	Yes	27909966
4051	3965	6	5	2	2007	Bangalore	Excellent	Yes	72433900
4052	3518	5	5	4	2025	Hyderabad	Good	Yes	47424962
4053	544	1	1	2	2026	Hyderabad	Good	No	7934280
4054	1037	1	2	4	2010	Hyderabad	Excellent	Yes	14665053
4055	1780	3	2	1	2001	Pune	Poor	No	19977416
4056	525	1	2	1	2013	Mumbai	Very Good	Yes	13633136
4057	2696	4	5	2	2014	Delhi	Very Good	No	57388020
4058	4344	6	5	3	2005	Pune	Poor	No	47193061
4059	3866	6	5	4	2026	Jaipur	Good	No	37619493
4060	2789	4	4	1	2006	Noida	Poor	Yes	32455200
4061	3756	5	5	3	2014	Chennai	Excellent	No	56212817
4062	3297	6	5	1	2014	Jaipur	Very Good	No	37792459
4063	2783	5	5	3	2006	Pune	Fair	Yes	39655413
4064	3818	5	5	2	2005	Jaipur	Very Good	No	41204526
4065	1463	3	3	1	2021	Bangalore	Fair	No	22292312
4066	1458	3	3	1	2020	Pune	Good	Yes	22361900
4067	844	1	1	1	2003	Coimbatore	Good	No	7940811
4068	2184	4	5	2	1999	Noida	Fair	Yes	31291751
4069	3060	5	4	2	2016	Hyderabad	Excellent	Yes	44615866
4070	1506	1	1	3	2011	Ahmedabad	Fair	Yes	13828202
4071	1275	2	2	2	2011	Chennai	Excellent	Yes	19011690
4072	3274	4	4	1	2025	Noida	Very Good	No	57509995
4073	4491	6	5	1	2006	Jaipur	Fair	No	38754370
4074	2646	5	5	1	2022	Ahmedabad	Fair	No	26307797
4075	3974	6	5	2	2010	Jaipur	Good	No	38487317
4076	3690	4	4	2	2011	Ahmedabad	Excellent	No	45567087
4077	1103	2	2	3	2000	Noida	Excellent	Yes	21422236
4078	4462	6	5	1	2024	Hyderabad	Excellent	Yes	71081298
4079	1757	3	3	3	2026	Ahmedabad	Good	Yes	22011488
4080	4448	6	5	4	2003	Delhi	Poor	Yes	64906426
4081	3297	5	5	2	1999	Jaipur	Good	Yes	31408326
4082	2003	3	2	3	2013	Kochi	Good	No	20006951
4083	2662	4	3	1	2009	Bangalore	Excellent	No	49382168
4084	651	1	1	3	2012	Bangalore	Good	Yes	10956204
4085	1205	1	2	1	2026	Noida	Excellent	No	23432056
4086	686	1	1	3	2020	Mysore	Good	Yes	7588074
4087	569	1	1	4	2002	Kochi	Very Good	Yes	6408570
4088	2114	2	2	4	1998	Pune	Excellent	Yes	33856602
4089	4567	6	5	1	2023	Delhi	Excellent	Yes	116751893
4090	4334	5	5	3	2013	Pune	Good	No	65340404
4091	4539	6	5	1	2022	Bangalore	Good	No	80585485
4092	4808	6	5	2	2018	Mumbai	Good	Yes	118141404
4093	4124	6	5	3	2021	Chennai	Good	No	60290954
4094	2905	4	4	2	2021	Delhi	Fair	Yes	54181309
4095	1722	2	3	4	2011	Coimbatore	Good	No	15896802
4096	2216	3	4	4	2010	Delhi	Fair	Yes	34691352
4097	523	1	1	1	2025	Bangalore	Good	Yes	10344404
4098	2558	3	3	4	2025	Delhi	Very Good	No	57534189
4099	2177	3	4	2	2021	Jaipur	Very Good	Yes	24530257
4100	2949	5	5	1	2001	Ahmedabad	Good	No	28311449
4101	2008	2	2	2	2009	Mysore	Very Good	Yes	18700377
4102	3952	6	5	1	2025	Bangalore	Good	Yes	72820208
4103	3008	3	4	2	2007	Bangalore	Excellent	Yes	58721442
4104	2823	4	5	1	1998	Bangalore	Very Good	No	44929987
4105	4274	6	5	3	2002	Ahmedabad	Very Good	No	47198020
4106	1780	4	5	3	2013	Kochi	Good	Yes	21342211
4107	4085	6	5	1	2014	Mysore	Good	Yes	39921867
4108	4485	5	5	3	2014	Delhi	Poor	No	62280258
4109	2665	4	5	1	2021	Chennai	Good	Yes	37419188
4110	3606	4	4	3	2006	Hyderabad	Good	No	42190049
4111	2988	3	3	2	2025	Kochi	Good	Yes	31420026
4112	4395	6	5	2	2005	Pune	Very Good	Yes	73703472
4113	1286	1	1	4	2003	Bangalore	Good	Yes	20184647
4114	2924	4	5	2	2020	Delhi	Good	No	60317837
4115	3214	6	5	2	2008	Ahmedabad	Very Good	Yes	38650462
4116	3702	6	5	2	2021	Chennai	Good	No	49978115
4117	3948	6	5	2	2024	Pune	Very Good	No	65260333
4118	2574	4	4	1	2004	Bangalore	Good	Yes	38710167
4119	2363	3	3	1	2019	Chennai	Good	No	32369091
4120	2108	2	2	2	2008	Noida	Good	Yes	33949582
4121	3906	6	5	3	2003	Coimbatore	Fair	No	30748945
4122	1074	2	1	2	2002	Pune	Very Good	No	15917151
4123	879	1	2	2	1998	Chennai	Good	No	10403670
4124	2899	5	5	4	2018	Mumbai	Good	No	73560889
4125	2752	4	4	2	2022	Mysore	Very Good	Yes	28211691
4126	2455	4	4	4	2016	Ahmedabad	Very Good	No	28572101
4127	1552	3	2	3	2022	Jaipur	Very Good	No	17708125
4128	904	1	1	3	2009	Ahmedabad	Very Good	No	11345337
4129	1155	2	2	2	2023	Coimbatore	Good	No	12151402
4130	4520	6	5	1	2019	Noida	Good	No	78096251
4131	2091	2	2	4	2007	Ahmedabad	Good	No	20706291
4132	4462	6	5	3	2020	Hyderabad	Fair	Yes	50386140
4133	3183	5	5	2	2002	Bangalore	Good	No	45734271
4134	4613	6	5	2	2003	Kochi	Good	Yes	45954979
4135	4850	6	5	4	2020	Chennai	Good	Yes	63091701
4136	1704	3	2	3	2002	Mumbai	Very Good	No	41893315
4137	4863	6	5	3	2026	Mysore	Good	No	48683749
4138	3714	6	5	3	2005	Coimbatore	Excellent	No	37594098
4139	2981	4	3	2	2025	Noida	Very Good	Yes	57599881
4140	712	1	1	3	2025	Mumbai	Good	Yes	19314379
4141	4940	6	5	2	2022	Jaipur	Good	No	47194208
4142	542	1	1	4	2020	Kochi	Good	No	6645853
4143	3755	6	5	4	2006	Bangalore	Good	Yes	63419698
4144	899	1	1	1	2010	Kochi	Very Good	No	10646617
4145	4480	6	5	3	2023	Delhi	Good	No	85394549
4146	3986	6	5	3	2020	Noida	Very Good	Yes	75628814
4147	3952	6	5	3	2024	Bangalore	Good	Yes	74381644
4148	2669	4	4	2	2011	Pune	Good	Yes	36900049
4149	4655	6	5	4	2017	Jaipur	Good	No	44036742
4150	2624	4	3	1	2012	Hyderabad	Excellent	No	35631317
4151	2961	4	3	3	2005	Delhi	Fair	Yes	50332695
4152	2348	3	2	3	2011	Pune	Good	No	32039788
4153	1754	4	3	4	2020	Mysore	Fair	Yes	16239851
4154	1960	3	2	1	2001	Kochi	Good	No	19432147
4155	4574	6	5	1	2013	Mumbai	Very Good	Yes	117265944
4156	4813	6	5	3	2003	Delhi	Good	Yes	85075689
4157	1563	1	1	2	2020	Mumbai	Excellent	Yes	45632771
4158	2303	3	4	3	2009	Hyderabad	Good	Yes	28250784
4159	3854	6	5	4	2001	Coimbatore	Very Good	Yes	37737271
4160	4021	6	5	4	2022	Noida	Excellent	Yes	76377207
4161	3576	6	5	1	2013	Kochi	Very Good	Yes	39962144
4162	1904	2	1	2	2009	Chennai	Very Good	No	27481997
4163	3560	5	5	1	2019	Noida	Good	Yes	59329493
4164	1761	2	2	4	2026	Coimbatore	Very Good	Yes	21300024
4165	1762	3	3	1	1999	Ahmedabad	Fair	No	16156919
4166	1610	3	3	2	2009	Ahmedabad	Good	Yes	17230549
4167	4283	6	5	3	2014	Pune	Good	No	62585715
4168	4314	6	5	2	2014	Pune	Good	Yes	61243329
4169	4685	6	5	4	2008	Kochi	Good	No	45895868
4170	4907	6	5	3	2000	Kochi	Good	Yes	49923569
4171	4849	6	5	4	2019	Delhi	Poor	No	70673672
4172	1551	3	4	2	2025	Chennai	Good	Yes	21433484
4173	2539	4	4	4	2025	Hyderabad	Good	No	34108104
4174	4024	6	5	2	1999	Coimbatore	Good	No	33266310
4175	3183	5	5	2	1999	Hyderabad	Poor	Yes	28532769
4176	3153	5	5	2	2025	Chennai	Fair	Yes	42966140
4177	4164	5	4	3	2024	Noida	Good	No	64853848
4178	1847	4	4	2	1999	Chennai	Poor	No	17898351
4179	3787	4	3	1	2012	Jaipur	Good	Yes	36033608
4180	3416	5	5	3	2017	Mysore	Fair	No	30036857
4181	3761	5	4	3	2006	Noida	Good	No	58875252
4182	506	2	3	4	2002	Hyderabad	Fair	Yes	6240158
4183	569	1	1	3	2011	Jaipur	Excellent	No	6711084
4184	3381	5	4	4	1999	Delhi	Very Good	Yes	68125029
4185	3882	5	5	3	2008	Hyderabad	Fair	No	44112268
4186	3696	6	5	1	2016	Mysore	Fair	Yes	31632374
4187	1629	2	1	4	2014	Pune	Good	No	25954510
4188	969	1	1	2	2026	Mumbai	Fair	No	22502166
4189	4175	5	4	4	2004	Mumbai	Poor	Yes	75492016
4190	4668	6	5	4	2016	Bangalore	Good	No	81848139
4191	2355	3	3	1	2000	Mysore	Good	Yes	20182054
4192	1732	3	2	1	2018	Jaipur	Good	Yes	17328513
4193	4363	6	5	1	2016	Bangalore	Good	No	69855571
4194	2271	2	1	3	2021	Kochi	Good	Yes	25384654
4195	2689	4	4	1	2013	Mysore	Fair	Yes	23020280
4196	4064	6	5	4	2004	Delhi	Good	No	74434459
4197	1033	2	1	3	2022	Mysore	Fair	No	8704466
4198	4111	6	5	2	1998	Hyderabad	Very Good	Yes	52438200
4199	2743	3	3	2	2007	Kochi	Fair	Yes	25885215
4200	2947	3	3	2	2011	Hyderabad	Very Good	Yes	41146432
4201	1426	2	2	4	2010	Mumbai	Good	Yes	32145906
4202	564	1	1	2	2011	Mysore	Good	Yes	5286692
4203	4841	6	5	1	2014	Pune	Very Good	No	80075877
4204	912	1	2	4	2000	Coimbatore	Good	No	8138251
4205	4832	6	5	3	2017	Kochi	Good	Yes	54968277
4206	4808	6	5	4	2026	Jaipur	Fair	No	44003532
4207	2872	5	4	2	2001	Delhi	Good	Yes	47658989
4208	573	1	1	2	2006	Coimbatore	Poor	Yes	4682589
4209	2536	5	5	4	2004	Mumbai	Very Good	Yes	57118122
4210	3149	5	4	1	2011	Noida	Fair	No	44196176
4211	3999	5	4	2	2004	Delhi	Excellent	No	83686889
4212	1230	2	3	2	1998	Pune	Good	No	16861409
4213	3981	6	5	2	2026	Noida	Very Good	Yes	72724215
4214	3886	6	5	3	2011	Mumbai	Very Good	No	103067891
4215	4371	6	5	2	2004	Pune	Very Good	No	71656878
4216	3165	6	5	4	2015	Noida	Excellent	No	61970740
4217	3775	5	5	4	2017	Noida	Very Good	Yes	71741861
4218	1543	1	2	4	2014	Jaipur	Good	No	14130564
4219	4004	6	5	1	2012	Kochi	Very Good	No	47801380
4220	3271	5	5	4	2012	Bangalore	Good	No	51131848
4221	2526	4	5	2	2004	Delhi	Fair	Yes	37996654
4222	2072	4	4	4	2022	Coimbatore	Very Good	Yes	24311927
4223	3017	3	3	3	1999	Jaipur	Fair	No	24345134
4224	4418	6	5	2	2012	Hyderabad	Poor	No	42190543
4225	2658	4	4	3	2013	Coimbatore	Fair	Yes	24166389
4226	3291	6	5	1	2026	Bangalore	Excellent	No	75211901
4227	3573	4	5	1	2008	Kochi	Fair	No	31976035
4228	2179	3	3	1	1998	Jaipur	Very Good	Yes	22933408
4229	3491	5	4	3	2008	Ahmedabad	Good	No	36965381
4230	2834	5	4	1	2015	Noida	Very Good	Yes	54295140
4231	1676	1	1	2	2016	Noida	Very Good	Yes	27335147
4232	2495	4	4	2	2009	Noida	Good	No	41733975
4233	681	1	1	3	2019	Kochi	Poor	No	6095231
4234	3716	5	5	3	2003	Ahmedabad	Excellent	Yes	44803870
4235	2330	3	4	3	2025	Chennai	Very Good	No	38561657
4236	4619	6	5	1	2005	Delhi	Excellent	Yes	94396112
4237	3125	3	3	4	1998	Coimbatore	Good	Yes	28059176
4238	4997	6	5	4	2004	Hyderabad	Good	No	56509140
4239	3633	4	5	1	2001	Mumbai	Excellent	No	88705751
4240	4713	6	5	4	1998	Pune	Very Good	No	74351558
4241	1863	3	3	1	2017	Mysore	Very Good	No	18745421
4242	1508	3	2	4	2021	Mumbai	Good	Yes	38069258
4243	1069	2	2	3	2018	Noida	Good	No	18166421
4244	2707	4	5	3	2012	Chennai	Very Good	Yes	39024209
4245	1080	2	3	3	2019	Mumbai	Very Good	Yes	28626557
4246	4951	6	5	4	2019	Chennai	Very Good	Yes	68585523
4247	2091	3	3	1	2025	Noida	Very Good	No	40983656
4248	637	1	1	3	1998	Pune	Good	Yes	9243797
4249	2807	4	4	4	2006	Coimbatore	Very Good	No	27543739
4250	944	1	2	4	2010	Ahmedabad	Very Good	No	11206554
4251	3403	6	5	1	2025	Mumbai	Very Good	Yes	90094711
4252	3527	6	5	4	2023	Pune	Good	No	57988730
4253	2981	3	2	2	2013	Mumbai	Good	Yes	71158943
4254	1662	3	2	1	2005	Mysore	Good	No	14097950
4255	536	1	1	3	2015	Pune	Good	No	8690313
4256	3607	5	5	3	2007	Mumbai	Good	No	79620039
4257	792	2	2	1	2007	Bangalore	Good	Yes	13654650
4258	3028	5	5	2	2009	Kochi	Very Good	No	36391695
4259	2310	4	5	3	2026	Ahmedabad	Very Good	No	31692286
4260	3997	6	5	3	2022	Kochi	Fair	No	36536016
4261	2268	3	3	4	2015	Mumbai	Good	Yes	56183258
4262	4529	6	5	1	2001	Bangalore	Excellent	No	83121850
4263	2918	5	5	2	2018	Bangalore	Good	No	47594484
4264	4613	6	5	1	2016	Kochi	Good	Yes	47192159
4265	3916	5	5	4	2013	Mysore	Very Good	Yes	39833799
4266	3674	4	3	1	2015	Coimbatore	Very Good	No	40329233
4267	1900	4	5	3	2021	Mumbai	Very Good	No	48772881
4268	4232	5	4	3	2024	Pune	Good	No	65212439
4269	3236	5	5	4	2015	Noida	Fair	Yes	48256531
4270	2071	4	3	1	2014	Noida	Good	No	32279948
4271	4383	6	5	2	2010	Pune	Fair	Yes	55320735
4272	3783	5	5	3	2012	Mysore	Very Good	Yes	37930778
4273	1663	3	3	1	2001	Mysore	Very Good	Yes	15217782
4274	2903	4	5	4	2022	Mysore	Good	Yes	27925617
4275	1417	3	2	2	1999	Coimbatore	Very Good	No	14065501
4276	4280	5	5	3	2012	Bangalore	Good	No	73532596
4277	4978	6	5	4	2006	Chennai	Fair	Yes	59085304
4278	4674	6	5	3	2023	Delhi	Very Good	Yes	93574539
4279	695	2	3	2	2024	Chennai	Good	No	10340306
4280	3154	6	5	2	2014	Ahmedabad	Good	No	34308918
4281	4031	6	5	1	2005	Mumbai	Very Good	Yes	96456904
4282	779	1	2	3	2023	Delhi	Excellent	Yes	20708416
4283	4842	6	5	4	2019	Delhi	Fair	No	77666482
4284	2483	4	4	3	2014	Mumbai	Good	No	56858521
4285	1574	3	4	1	2026	Mumbai	Excellent	Yes	45255302
4286	4026	5	5	3	2005	Chennai	Excellent	Yes	60895394
4287	2115	3	3	1	2004	Mumbai	Excellent	Yes	53694798
4288	1967	4	3	2	2020	Coimbatore	Very Good	Yes	23112891
4289	523	1	1	4	2001	Delhi	Very Good	Yes	10845189
4290	2110	3	2	4	2026	Jaipur	Excellent	No	25890737
4291	4111	6	5	4	2006	Mumbai	Fair	No	83060150
4292	4254	6	5	2	2006	Noida	Good	No	67237367
4293	2821	3	3	3	2004	Mumbai	Excellent	No	67756534
4294	4329	6	5	4	2017	Bangalore	Fair	No	70189344
4295	4670	6	5	3	2014	Kochi	Very Good	Yes	49999569
4296	504	1	1	2	2019	Coimbatore	Good	Yes	5933160
4297	1965	3	4	4	2001	Pune	Very Good	Yes	33139892
4298	3326	5	5	2	2014	Delhi	Good	No	67562817
4299	2548	4	4	4	2012	Jaipur	Very Good	No	27439026
4300	2984	3	3	1	2018	Mysore	Very Good	No	28241065
4301	2745	4	4	1	2009	Hyderabad	Fair	No	31332044
4302	3276	4	4	2	2017	Noida	Good	Yes	51522936
4303	3763	4	4	4	2005	Kochi	Excellent	No	45242067
4304	2872	4	4	4	2000	Mysore	Excellent	Yes	28952468
4305	945	2	3	2	2011	Kochi	Very Good	Yes	11717212
4306	990	1	1	4	2012	Pune	Excellent	No	17156636
4307	1949	4	4	4	2007	Jaipur	Excellent	No	22505454
4308	2459	5	5	1	2018	Mumbai	Very Good	No	60615937
4309	1489	2	2	3	2013	Chennai	Poor	No	15293415
4310	1581	3	4	3	2026	Coimbatore	Fair	Yes	16758614
4311	1609	3	3	2	2012	Mumbai	Good	No	35081563
4312	1101	2	2	4	2023	Chennai	Good	No	16868888
4313	4200	5	5	3	2017	Mumbai	Good	No	101677963
4314	4239	6	5	2	2004	Coimbatore	Poor	Yes	29741274
4315	2187	4	4	4	2012	Noida	Very Good	No	40700108
4316	1280	3	3	3	2004	Mumbai	Good	Yes	28897982
4317	1349	3	3	4	1998	Mumbai	Poor	No	24449332
4318	2710	3	2	1	2010	Ahmedabad	Good	No	30223394
4319	2835	5	5	2	2026	Bangalore	Good	No	50844102
4320	3317	6	5	2	2009	Kochi	Good	Yes	32858875
4321	4841	6	5	1	2002	Hyderabad	Good	No	51441533
4322	3218	5	5	1	2019	Hyderabad	Good	No	41965450
4323	672	1	1	2	2025	Hyderabad	Excellent	No	10406845
4324	3324	5	4	1	2003	Noida	Good	Yes	51034550
4325	2196	4	4	4	2019	Mumbai	Good	No	50726947
4326	1841	4	4	4	2009	Jaipur	Good	Yes	17581504
4327	3579	5	5	2	2024	Jaipur	Excellent	Yes	42525312
4328	4427	5	5	4	2011	Jaipur	Good	No	44836527
4329	4732	6	5	3	2015	Pune	Fair	Yes	68122031
4330	4674	6	5	3	2025	Ahmedabad	Good	Yes	51628360
4331	4674	6	5	3	2015	Mumbai	Good	No	105144037
4332	1263	2	1	1	2015	Noida	Very Good	No	22934519
4333	3282	5	5	1	2017	Bangalore	Excellent	Yes	67013573
4334	1734	1	1	4	2012	Mumbai	Excellent	No	50591778
4335	2894	4	3	1	2001	Coimbatore	Fair	No	22571763
4336	4261	6	5	2	1998	Hyderabad	Poor	Yes	37461191
4337	606	1	2	3	2018	Kochi	Very Good	No	7615769
4338	3701	5	5	3	2009	Mysore	Very Good	Yes	35083742
4339	1169	3	3	1	2014	Kochi	Very Good	Yes	13269929
4340	1961	2	2	3	1998	Kochi	Excellent	No	21565682
4341	1560	2	1	2	2003	Bangalore	Very Good	No	27595801
4342	3797	5	4	3	2006	Noida	Fair	Yes	54851488
4343	857	1	1	1	2004	Bangalore	Good	Yes	12664069
4344	4266	5	5	2	2026	Coimbatore	Fair	No	36344068
4345	525	1	1	1	2010	Pune	Excellent	No	9582836
4346	836	1	1	2	2007	Jaipur	Very Good	Yes	8447922
4347	3535	5	5	4	2023	Chennai	Good	No	51245479
4348	2785	3	4	3	2019	Coimbatore	Poor	Yes	21351813
4349	650	1	1	3	2014	Coimbatore	Good	Yes	6466522
4350	3140	5	5	3	2021	Pune	Very Good	Yes	51310876
4351	4533	6	5	1	2008	Noida	Good	Yes	67755015
4352	1045	2	3	1	2003	Pune	Good	Yes	15814335
4353	4154	6	5	4	2008	Hyderabad	Excellent	Yes	56426433
4354	2677	3	4	4	2026	Hyderabad	Very Good	No	37165575
4355	1313	3	4	3	2019	Chennai	Good	Yes	20604555
4356	3357	5	5	3	2003	Hyderabad	Good	No	40270886
4357	842	1	1	4	2017	Hyderabad	Excellent	No	13738154
4358	2623	5	5	2	2005	Mysore	Poor	Yes	19145759
4359	2265	3	4	3	2021	Mumbai	Good	Yes	53374771
4360	4033	6	5	2	2020	Mysore	Good	Yes	38860837
4361	1472	2	2	2	2003	Mumbai	Poor	Yes	25187141
4362	4392	6	5	3	2010	Hyderabad	Fair	No	49096121
4363	4856	6	5	2	2020	Hyderabad	Good	No	63231618
4364	1230	2	2	1	2008	Noida	Good	Yes	19982079
4365	2880	3	4	3	2020	Noida	Very Good	No	49030427
4366	4166	5	4	1	2024	Mysore	Excellent	No	50375461
4367	4387	6	5	1	2026	Bangalore	Good	Yes	80748311
4368	1256	1	1	1	2026	Mumbai	Very Good	Yes	35105194
4369	2608	4	4	3	2005	Chennai	Very Good	No	37965009
4370	3594	5	5	4	2001	Delhi	Very Good	Yes	64224248
4371	2960	3	3	1	2022	Jaipur	Very Good	Yes	33922770
4372	2662	3	4	3	2003	Kochi	Excellent	No	31513391
4373	1323	1	1	2	2022	Hyderabad	Fair	Yes	14857684
4374	4671	6	5	2	2006	Mysore	Very Good	Yes	43459606
4375	2653	5	5	3	1999	Bangalore	Good	No	42548579
4376	2068	3	3	4	2018	Bangalore	Good	No	36781749
4377	3340	5	5	3	2006	Mumbai	Excellent	No	94751431
4378	4884	6	5	4	2018	Noida	Good	Yes	85628589
4379	1541	1	1	4	1998	Coimbatore	Good	No	12283354
4380	1988	2	1	1	2002	Hyderabad	Very Good	No	25038008
4381	979	1	2	1	2004	Ahmedabad	Poor	No	7997905
4382	4864	6	5	2	2013	Jaipur	Fair	Yes	41340705
4383	1319	2	2	1	2019	Noida	Good	Yes	23046478
4384	4991	6	5	4	2023	Mysore	Very Good	No	48252509
4385	4580	6	5	2	2015	Noida	Very Good	Yes	83800862
4386	3420	5	4	3	2022	Jaipur	Good	No	36734209
4387	3129	5	4	1	2017	Mysore	Fair	Yes	26101955
4388	4092	5	4	1	2021	Chennai	Excellent	Yes	68889832
4389	1064	2	2	4	2013	Ahmedabad	Excellent	No	15235125
4390	2090	2	1	2	2015	Hyderabad	Fair	No	23430078
4391	3654	6	5	3	2021	Coimbatore	Good	No	37528247
4392	2766	4	4	3	2006	Delhi	Good	Yes	48708727
4393	940	1	1	1	2006	Mysore	Good	No	8173731
4394	4869	6	5	2	2024	Kochi	Fair	No	46955663
4395	4764	6	5	1	2026	Coimbatore	Excellent	No	54535247
4396	2439	3	3	2	2022	Ahmedabad	Very Good	No	30617248
4397	4492	6	5	4	1999	Delhi	Good	No	80903901
4398	2884	4	5	1	2010	Delhi	Very Good	Yes	58804336
4399	4686	6	5	2	2026	Chennai	Fair	No	59409104
4400	2341	4	4	1	2024	Bangalore	Good	Yes	41154567
4401	4305	6	5	4	2007	Hyderabad	Good	No	51649322
4402	4612	6	5	3	2022	Noida	Fair	No	64474003
4403	4149	6	5	4	2012	Hyderabad	Very Good	No	51854677
4404	4935	6	5	3	2006	Jaipur	Fair	Yes	42779126
4405	3325	5	5	2	2002	Noida	Good	Yes	52074419
4406	4848	6	5	3	2011	Delhi	Good	Yes	82133477
4407	4531	6	5	2	2022	Chennai	Fair	No	60035777
4408	3393	4	4	1	2025	Delhi	Very Good	No	77990681
4409	1087	2	2	4	2020	Ahmedabad	Very Good	No	13116503
4410	4123	6	5	4	2019	Mysore	Very Good	Yes	39978160
4411	4269	6	5	2	2003	Hyderabad	Good	No	45384790
4412	4602	6	5	3	2007	Jaipur	Excellent	No	47446400
4413	1363	3	3	2	2014	Mumbai	Good	No	31744087
4414	3223	4	4	4	2006	Ahmedabad	Fair	No	31908743
4415	3147	3	4	1	2016	Ahmedabad	Excellent	No	39928324
4416	967	1	1	3	2023	Ahmedabad	Good	No	11699015
4417	3308	6	5	4	2010	Delhi	Good	No	64197891
4418	2587	4	3	4	2009	Noida	Good	No	42829083
4419	3573	6	5	1	2015	Delhi	Fair	Yes	56859594
4420	4626	6	5	2	2002	Mysore	Good	No	38211714
4421	1063	2	1	2	1998	Noida	Excellent	No	19736209
4422	1154	2	2	4	1999	Ahmedabad	Excellent	No	14589110
4423	3708	5	4	2	2018	Delhi	Very Good	Yes	78996387
4424	3258	6	5	3	2021	Kochi	Poor	Yes	31983701
4425	2022	3	3	2	2020	Kochi	Good	No	20481847
4426	1943	4	4	2	2007	Kochi	Excellent	No	23740807
4427	2598	3	4	2	2006	Coimbatore	Good	Yes	22059942
4428	2725	3	3	4	2002	Bangalore	Excellent	Yes	49715005
4429	2059	3	3	2	2011	Jaipur	Very Good	Yes	23295087
4430	3669	5	5	1	2023	Jaipur	Very Good	Yes	43641169
4431	4740	6	5	4	2025	Jaipur	Good	No	46906805
4432	1228	2	2	2	2008	Chennai	Good	No	15126529
4433	2662	3	4	4	2011	Hyderabad	Very Good	No	33909049
4434	1891	4	4	1	2024	Hyderabad	Very Good	No	26032485
4435	4980	6	5	2	2018	Mysore	Good	No	45936407
4436	2224	2	2	3	2007	Jaipur	Good	Yes	22141030
4437	549	1	1	3	2026	Hyderabad	Fair	No	6935069
4438	4005	6	5	3	2012	Mysore	Good	Yes	36206012
4439	2308	3	2	3	2010	Coimbatore	Good	Yes	21397517
4440	1912	3	4	1	2023	Hyderabad	Fair	No	22173753
4441	1144	1	2	3	2009	Ahmedabad	Excellent	No	15045051
4442	2428	4	4	1	2006	Noida	Very Good	Yes	43264820
4443	1947	2	2	2	2020	Coimbatore	Fair	Yes	18450781
4444	3794	6	5	4	2026	Hyderabad	Very Good	Yes	55398035
4445	2794	4	4	2	2019	Noida	Good	No	49271376
4446	2004	3	4	2	2005	Jaipur	Good	Yes	17781041
4447	4433	6	5	2	2022	Mumbai	Good	Yes	98434540
4448	4967	6	5	3	2009	Chennai	Very Good	Yes	72572279
4449	1161	2	1	4	2009	Pune	Good	No	17307895
4450	2623	3	2	3	2019	Pune	Very Good	No	41435858
4451	863	1	1	2	2025	Ahmedabad	Good	Yes	10205422
4452	3635	6	5	3	2017	Mysore	Very Good	Yes	37490837
4453	4291	6	5	4	2025	Delhi	Good	Yes	87104532
4454	4224	6	5	1	2000	Hyderabad	Excellent	No	53384190
4455	3249	4	5	3	2021	Jaipur	Very Good	Yes	33918074
4456	856	1	1	3	2004	Bangalore	Very Good	Yes	15145371
4457	810	1	1	2	2022	Kochi	Poor	Yes	8058876
4458	2718	3	4	3	2013	Chennai	Good	Yes	38773827
4459	3690	4	5	1	2018	Mumbai	Fair	Yes	72529629
4460	4311	6	5	1	2022	Coimbatore	Poor	Yes	34605208
4461	4277	5	5	2	2006	Mysore	Good	Yes	37293609
4462	3973	5	5	4	2018	Noida	Fair	No	54442274
4463	2500	4	4	3	2008	Ahmedabad	Good	Yes	26841914
4464	551	1	2	1	2012	Bangalore	Fair	No	7859698
4465	2289	4	4	4	2012	Chennai	Poor	No	23885778
4466	4296	6	5	4	2020	Delhi	Fair	Yes	79589399
4467	601	1	1	3	2019	Chennai	Good	Yes	9516660
4468	889	2	1	3	2024	Mumbai	Excellent	No	26795423
4469	2681	4	5	2	2008	Kochi	Excellent	No	30535369
4470	2861	5	5	4	1998	Pune	Fair	Yes	36937669
4471	2043	3	2	3	2000	Coimbatore	Very Good	No	18684642
4472	1547	2	3	3	2016	Bangalore	Good	Yes	28240154
4473	3676	5	5	2	2000	Hyderabad	Good	Yes	41729651
4474	1614	3	3	4	2008	Delhi	Good	Yes	29397113
4475	2324	3	3	3	2012	Bangalore	Good	Yes	40022852
4476	1230	3	3	4	2023	Ahmedabad	Very Good	No	16262410
4477	2852	4	3	1	2017	Jaipur	Fair	No	26750589
4478	3405	4	4	3	2008	Noida	Excellent	No	67615695
4479	1507	3	3	1	2004	Chennai	Very Good	Yes	20350419
4480	1943	3	4	1	2012	Delhi	Very Good	No	40118832
4481	2011	3	4	1	2000	Jaipur	Very Good	No	19229042
4482	3534	5	5	4	2018	Kochi	Very Good	Yes	43305088
4483	4905	6	5	1	2015	Jaipur	Fair	Yes	43471375
4484	3471	4	4	1	2023	Ahmedabad	Good	No	37933670
4485	4855	6	5	4	2023	Hyderabad	Good	Yes	64181063
4486	581	1	1	3	1999	Chennai	Good	No	6986315
4487	4237	6	5	2	2019	Mumbai	Excellent	Yes	113180577
4488	1811	4	4	4	2010	Chennai	Good	Yes	22843753
4489	3166	5	5	4	2024	Kochi	Good	Yes	35353359
4490	1471	2	1	1	2009	Mumbai	Poor	No	24618455
4491	3372	6	5	4	1998	Delhi	Fair	Yes	48955259
4492	4041	6	5	1	2006	Chennai	Very Good	Yes	58169284
4493	4182	6	5	2	2009	Delhi	Very Good	No	79648672
4494	3854	6	5	4	2007	Ahmedabad	Good	Yes	38198125
4495	1837	3	3	1	2022	Mysore	Very Good	No	20380540
4496	3144	5	5	1	2020	Bangalore	Good	Yes	55260179
4497	4272	5	4	3	2005	Coimbatore	Poor	Yes	28603684
4498	3758	6	5	3	2000	Mumbai	Good	Yes	73827439
4499	1299	1	1	1	2011	Coimbatore	Good	No	11821171
4500	873	1	1	4	2008	Ahmedabad	Good	No	8940682
4501	1997	3	3	4	2012	Mysore	Good	No	17675062
4502	984	2	3	2	2011	Pune	Excellent	Yes	19319307
4503	3410	5	5	1	2007	Delhi	Very Good	No	71666101
4504	2855	4	3	3	2003	Chennai	Very Good	No	35526791
4505	4077	5	4	3	2005	Delhi	Good	Yes	77931963
4506	2281	3	4	3	2013	Bangalore	Good	No	36195485
4507	4762	6	5	1	2004	Delhi	Fair	Yes	73725050
4508	4769	6	5	2	2018	Bangalore	Excellent	Yes	96407907
4509	2670	4	4	2	2020	Jaipur	Very Good	Yes	30595382
4510	4201	6	5	4	2012	Chennai	Very Good	Yes	55545652
4511	2738	3	2	4	2020	Hyderabad	Fair	Yes	32816526
4512	1353	2	3	2	2019	Mysore	Good	Yes	12252807
4513	4534	6	5	4	2020	Coimbatore	Fair	No	42498203
4514	761	2	2	3	2019	Delhi	Very Good	No	17065097
4515	4853	6	5	3	2026	Chennai	Very Good	Yes	74948240
4516	1902	4	4	3	2024	Bangalore	Good	Yes	32711265
4517	2378	2	2	3	2026	Noida	Excellent	Yes	52364741
4518	3848	6	5	1	2006	Chennai	Good	No	50485802
4519	610	1	1	3	2025	Noida	Excellent	No	13022374
4520	4935	6	5	4	2005	Coimbatore	Very Good	Yes	50076841
4521	2351	2	3	1	2023	Bangalore	Excellent	No	47435039
4522	900	2	2	1	2004	Kochi	Excellent	No	11403435
4523	3954	6	5	3	2009	Hyderabad	Good	No	44578023
4524	4077	5	4	3	2018	Chennai	Fair	Yes	46470119
4525	2805	5	4	1	2022	Mysore	Very Good	No	28546516
4526	1935	2	2	4	1998	Mysore	Good	Yes	16156077
4527	1378	2	3	4	2007	Mumbai	Good	Yes	32812938
4528	1384	2	2	3	1998	Chennai	Poor	Yes	14714313
4529	3116	3	3	2	2016	Hyderabad	Good	No	36807846
4530	779	1	2	1	2010	Jaipur	Excellent	Yes	9688987
4531	887	1	1	1	2002	Delhi	Fair	No	14543885
4532	2051	4	4	4	2008	Mumbai	Poor	No	38476090
4533	4860	6	5	4	2017	Chennai	Good	No	64184651
4534	1322	2	2	1	2007	Ahmedabad	Very Good	No	14320791
4535	4719	6	5	2	2004	Mumbai	Very Good	No	104402826
4536	2058	2	2	4	2022	Pune	Good	Yes	31718573
4537	4042	6	5	4	2014	Ahmedabad	Good	Yes	41047674
4538	1434	3	4	3	2009	Ahmedabad	Good	No	15311283
4539	2371	3	2	1	1999	Mysore	Good	No	18166733
4540	1293	2	2	1	2001	Pune	Very Good	Yes	19658023
4541	819	1	2	1	2003	Chennai	Good	Yes	10244223
4542	1964	2	3	2	2026	Mysore	Good	No	19841374
4543	2294	3	4	2	2019	Pune	Good	No	35465849
4544	4165	6	5	4	2007	Mysore	Poor	No	29061014
4545	1582	2	2	4	2015	Coimbatore	Good	No	15751888
4546	3699	5	5	3	2001	Jaipur	Good	No	32890926
4547	1842	4	4	3	2024	Coimbatore	Very Good	No	22127658
4548	1913	2	3	4	2010	Delhi	Excellent	No	45485062
4549	2938	3	3	1	2005	Delhi	Very Good	Yes	52849423
4550	4342	6	5	3	2012	Ahmedabad	Very Good	No	47308040
4551	3351	5	4	1	2001	Jaipur	Good	Yes	31453525
4552	1414	1	2	1	2020	Delhi	Very Good	Yes	32335689
4553	3386	5	4	2	2005	Mumbai	Very Good	No	76369680
4554	4233	6	5	3	2000	Jaipur	Good	Yes	37584081
4555	1698	3	3	4	2019	Bangalore	Good	No	28563848
4556	2453	4	4	1	2018	Chennai	Excellent	No	41703658
4557	3831	6	5	2	2013	Pune	Very Good	No	65396694
4558	2859	5	5	1	2011	Delhi	Good	Yes	56236167
4559	1127	2	2	2	2012	Bangalore	Very Good	Yes	20015427
4560	2495	5	5	1	2026	Noida	Very Good	Yes	49224731
4561	3313	5	4	2	2016	Pune	Excellent	No	65129052
4562	1939	3	3	3	2025	Bangalore	Excellent	No	43547391
4563	914	1	1	3	1999	Noida	Very Good	No	13614225
4564	508	1	1	4	2015	Mysore	Very Good	No	5952963
4565	2843	5	5	1	2001	Kochi	Poor	No	23491828
4566	1956	3	4	2	2000	Pune	Very Good	Yes	30085892
4567	1078	2	1	3	2015	Noida	Good	No	18596756
4568	1253	2	2	1	2007	Chennai	Good	No	16291265
4569	830	1	1	4	2017	Delhi	Very Good	Yes	17499911
4570	1906	2	2	3	2022	Pune	Very Good	Yes	34792655
4571	659	1	1	2	2012	Kochi	Excellent	No	7942465
4572	3451	5	4	1	2011	Mysore	Very Good	No	32472606
4573	2205	3	3	2	2012	Mumbai	Good	Yes	52744105
4574	726	1	1	1	2025	Chennai	Very Good	No	10648605
4575	4090	6	5	4	2015	Bangalore	Very Good	No	75790052
4576	3594	6	5	3	2016	Pune	Very Good	Yes	63701855
4577	1958	3	3	2	2008	Coimbatore	Good	Yes	19447026
4578	1655	3	3	2	2001	Hyderabad	Good	No	19917959
4579	3077	4	5	4	2006	Jaipur	Good	No	27332686
4580	3667	5	5	2	2025	Ahmedabad	Very Good	Yes	43137927
4581	2615	4	3	1	2026	Ahmedabad	Very Good	No	35013724
4582	1787	3	3	1	2010	Kochi	Good	Yes	18587371
4583	4974	6	5	1	2016	Pune	Very Good	No	87982526
4584	1651	3	2	1	2007	Ahmedabad	Good	Yes	17939211
4585	4836	6	5	2	2012	Pune	Excellent	No	91345787
4586	3766	5	4	3	2020	Bangalore	Very Good	Yes	67883859
4587	2393	3	4	3	2020	Pune	Very Good	Yes	41919487
4588	1028	1	1	4	2006	Chennai	Good	No	13551734
4589	1772	3	3	2	2005	Jaipur	Excellent	No	19674277
4590	1334	3	3	1	2014	Jaipur	Good	No	13412937
4591	2603	4	5	2	2001	Delhi	Good	Yes	47978777
4592	3992	6	5	1	2010	Noida	Very Good	Yes	63463656
4593	2179	3	2	1	2023	Noida	Good	Yes	38808103
4594	996	2	2	4	2001	Mumbai	Very Good	Yes	24059656
4595	704	1	1	4	2008	Kochi	Excellent	Yes	9954747
4596	4177	6	5	1	2000	Mumbai	Good	Yes	84774302
4597	4264	6	5	2	2001	Bangalore	Very Good	Yes	68510705
4598	4178	5	5	1	2022	Pune	Fair	No	57552760
4599	4881	6	5	2	2000	Chennai	Good	Yes	55442366
4600	4522	5	4	2	2005	Mysore	Fair	No	36889454
4601	4152	6	5	2	2002	Chennai	Very Good	Yes	54149893
4602	554	1	2	2	2014	Kochi	Good	Yes	7074210
4603	4239	6	5	3	2014	Mumbai	Good	No	90937939
4604	3912	6	5	4	2008	Chennai	Very Good	No	54329473
4605	4023	6	5	3	2010	Mysore	Very Good	Yes	37069117
4606	1046	2	2	3	2012	Kochi	Good	Yes	12309096
4607	2297	3	2	4	1999	Pune	Good	No	30881360
4608	4435	6	5	1	2018	Ahmedabad	Excellent	Yes	58731237
4609	3446	4	4	4	2000	Noida	Excellent	No	63618876
4610	2259	3	4	4	2024	Coimbatore	Very Good	No	24754513
4611	4607	6	5	4	2008	Bangalore	Fair	No	69214392
4612	3364	4	4	3	2019	Jaipur	Good	Yes	36055869
4613	2042	3	3	3	1999	Pune	Good	No	27234327
4614	2563	5	5	3	2003	Ahmedabad	Fair	Yes	25762490
4615	3939	6	5	2	2009	Mysore	Very Good	No	37873285
4616	2756	5	5	1	2010	Bangalore	Poor	No	34163800
4617	2506	3	3	2	2009	Delhi	Very Good	Yes	53296288
4618	2781	4	5	3	2026	Ahmedabad	Good	No	34311245
4619	3152	5	4	2	2026	Chennai	Very Good	Yes	48418645
4620	1651	1	1	2	2019	Hyderabad	Poor	No	17450443
4621	2493	4	4	2	2020	Coimbatore	Excellent	No	27514033
4622	4803	6	5	4	2007	Pune	Very Good	Yes	76892432
4623	2066	3	2	3	2020	Mumbai	Fair	No	42999912
4624	957	1	2	1	2009	Mysore	Very Good	No	9373801
4625	2583	4	4	1	2024	Hyderabad	Very Good	Yes	36353435
4626	4544	5	4	3	2015	Hyderabad	Good	Yes	58067635
4627	1152	2	2	3	2002	Chennai	Poor	No	12639919
4628	4203	6	5	3	1999	Pune	Very Good	Yes	65481310
4629	2815	4	4	1	2010	Mysore	Good	No	26614613
4630	2599	5	4	3	2009	Noida	Fair	No	35074693
4631	4262	6	5	3	2004	Coimbatore	Good	No	36095792
4632	3616	4	3	4	2021	Mysore	Very Good	Yes	38868492
4633	2540	3	4	4	2018	Coimbatore	Very Good	No	25633774
4634	3489	6	5	3	2018	Ahmedabad	Very Good	No	41300613
4635	4423	6	5	1	2013	Ahmedabad	Good	No	48732744
4636	1500	2	1	2	2008	Coimbatore	Good	Yes	14486009
4637	3549	5	5	4	2019	Delhi	Good	No	65496832
4638	1560	2	2	4	2018	Chennai	Good	No	21496925
4639	871	1	2	1	2025	Noida	Fair	No	13495079
4640	2256	3	2	4	2001	Pune	Very Good	Yes	36717287
4641	3951	6	5	4	2017	Kochi	Poor	Yes	33286236
4642	1118	1	1	4	2018	Jaipur	Good	No	12050910
4643	3777	6	5	3	2016	Mumbai	Poor	Yes	70707236
4644	2518	5	5	4	2019	Coimbatore	Good	Yes	24311285
4645	2879	3	3	2	2008	Pune	Fair	No	36589143
4646	4272	6	5	1	2020	Coimbatore	Very Good	No	48623168
4647	802	1	1	4	2016	Coimbatore	Fair	Yes	8305346
4648	3691	4	3	3	2017	Delhi	Excellent	Yes	80655450
4649	1719	2	2	3	2011	Jaipur	Fair	No	15712361
4650	2645	4	4	2	2010	Pune	Good	No	37647245
4651	2212	2	3	4	2015	Kochi	Excellent	No	29568680
4652	2891	4	4	3	1999	Noida	Very Good	Yes	44440010
4653	745	1	2	3	1998	Coimbatore	Poor	No	6049366
4654	3165	5	5	4	2001	Ahmedabad	Good	No	33159264
4655	2773	3	3	2	2010	Kochi	Fair	Yes	26511410
4656	4268	6	5	4	2000	Ahmedabad	Good	Yes	39809398
4657	718	1	2	4	2019	Bangalore	Good	Yes	13085930
4658	1654	2	2	2	2009	Delhi	Good	Yes	29054309
4659	3144	5	5	2	2022	Kochi	Fair	Yes	30285542
4660	2917	5	5	3	1999	Jaipur	Fair	No	25916772
4661	2585	4	3	3	2002	Noida	Good	No	38557686
4662	901	1	1	1	2009	Bangalore	Excellent	Yes	16527652
4663	3394	6	5	3	2026	Chennai	Fair	Yes	46819032
4664	2559	4	3	2	2026	Ahmedabad	Very Good	Yes	31494951
4665	1709	1	1	4	2008	Ahmedabad	Fair	Yes	17141848
4666	4347	6	5	2	2026	Kochi	Good	Yes	51219523
4667	4959	6	5	2	2004	Mysore	Good	Yes	39667802
4668	780	1	1	3	2022	Ahmedabad	Very Good	Yes	11002371
4669	1736	2	3	2	2011	Delhi	Very Good	No	34856201
4670	2568	4	5	4	2002	Coimbatore	Fair	Yes	22957902
4671	4349	6	5	4	2025	Noida	Good	No	76394551
4672	3373	6	5	1	2005	Noida	Fair	Yes	44246064
4673	4632	6	5	3	2012	Chennai	Good	No	58224399
4674	2931	3	4	2	2004	Kochi	Excellent	Yes	32345531
4675	1396	2	2	2	2005	Chennai	Good	No	17268338
4676	821	2	2	2	2006	Mysore	Fair	Yes	7703459
4677	1503	2	1	3	2015	Chennai	Fair	No	19091506
4678	4726	6	5	1	2013	Mysore	Fair	No	35097802
4679	1029	1	1	1	2022	Kochi	Very Good	Yes	12193621
4680	4111	6	5	1	2019	Jaipur	Excellent	No	50304938
4681	600	1	1	3	2022	Noida	Good	No	10467504
4682	1458	2	2	1	2025	Hyderabad	Good	No	20389237
4683	750	2	2	1	2013	Delhi	Fair	No	13073417
4684	1314	2	1	3	2025	Noida	Good	Yes	22114721
4685	2770	5	5	1	2015	Mumbai	Very Good	Yes	66857147
4686	1036	1	1	1	2000	Delhi	Fair	No	15498297
4687	744	2	3	1	2008	Mumbai	Fair	No	15240629
4688	3649	5	4	2	2012	Coimbatore	Good	Yes	34043147
4689	3077	3	4	2	2006	Delhi	Very Good	Yes	60550475
4690	3759	5	5	2	2024	Pune	Fair	Yes	56446353
4691	1311	3	3	1	2020	Kochi	Good	Yes	15104352
4692	3539	5	4	4	2010	Hyderabad	Very Good	Yes	48809416
4693	2970	5	4	1	2018	Jaipur	Good	Yes	31656371
4694	2089	2	2	1	2002	Jaipur	Excellent	No	21468522
4695	1844	3	4	1	2020	Coimbatore	Good	Yes	20145450
4696	1211	2	1	3	2026	Delhi	Very Good	Yes	26919147
4697	4987	6	5	2	2021	Ahmedabad	Good	No	53084758
4698	2238	3	2	3	2006	Noida	Fair	No	31296795
4699	4865	6	5	3	2002	Delhi	Poor	No	68841632
4700	1349	1	1	3	2024	Mumbai	Good	No	34591508
4701	3210	4	3	2	2008	Mysore	Good	No	27779768
4702	2869	5	4	3	2007	Hyderabad	Very Good	No	37422056
4703	3207	5	4	3	2010	Coimbatore	Very Good	Yes	34071171
4704	4670	6	5	2	2009	Chennai	Poor	Yes	50931609
4705	3608	5	4	4	2012	Coimbatore	Very Good	Yes	35894167
4706	2057	4	5	4	2007	Delhi	Very Good	No	42208253
4707	886	1	1	4	2021	Ahmedabad	Good	No	9855236
4708	3391	6	5	4	2011	Kochi	Good	Yes	33850686
4709	3983	6	5	1	1998	Chennai	Excellent	No	57356616
4710	820	1	2	2	2012	Hyderabad	Very Good	Yes	10804520
4711	1682	3	2	3	2014	Bangalore	Poor	No	21302316
4712	1557	1	1	1	2025	Delhi	Excellent	Yes	36403414
4713	1606	3	4	4	2004	Hyderabad	Fair	No	17560387
4714	2250	3	3	1	2005	Hyderabad	Excellent	No	30385869
4715	670	1	1	2	2006	Chennai	Good	Yes	8652145
4716	1003	1	1	2	2020	Coimbatore	Very Good	Yes	10646908
4717	1111	1	2	1	2005	Ahmedabad	Fair	No	10545118
4718	970	1	1	4	2000	Chennai	Very Good	No	13956559
4719	2351	4	4	3	2026	Jaipur	Poor	Yes	19713088
4720	2086	3	4	4	2024	Kochi	Good	Yes	22958492
4721	2095	4	4	3	2000	Mumbai	Good	No	46471455
4722	4789	6	5	2	2015	Pune	Very Good	Yes	83564776
4723	3150	4	4	3	2012	Chennai	Poor	Yes	31378923
4724	2186	3	3	4	2018	Chennai	Good	Yes	29343420
4725	3036	4	5	2	2025	Coimbatore	Fair	No	25878520
4726	1393	2	1	3	2010	Hyderabad	Very Good	Yes	17931350
4727	1258	1	1	1	2024	Bangalore	Very Good	No	23232814
4728	630	1	2	3	2009	Ahmedabad	Good	Yes	7866256
4729	3964	5	5	3	2023	Jaipur	Good	No	43530978
4730	1871	3	3	1	2002	Pune	Very Good	No	29668953
4731	2545	5	5	1	2023	Pune	Very Good	No	44252636
4732	1337	2	2	2	2015	Hyderabad	Poor	Yes	14820789
4733	533	1	1	3	2006	Jaipur	Very Good	No	5397385
4734	2542	4	4	3	2006	Kochi	Fair	Yes	22404268
4735	2372	3	3	3	2024	Chennai	Excellent	Yes	40410806
4736	974	1	1	4	1998	Mysore	Excellent	No	9424218
4737	1466	1	1	2	2002	Chennai	Very Good	Yes	19394884
4738	1669	2	1	2	2010	Bangalore	Very Good	Yes	30753323
4739	3589	5	5	2	2013	Mysore	Very Good	No	36581440
4740	3580	6	5	3	2001	Bangalore	Good	Yes	57009150
4741	1500	2	2	4	2014	Delhi	Good	Yes	27697495
4742	1590	3	4	3	2004	Coimbatore	Good	No	14115643
4743	4417	6	5	1	2002	Bangalore	Very Good	Yes	74526243
4744	4244	6	5	1	2025	Mumbai	Very Good	Yes	120633008
4745	2876	4	3	4	2002	Noida	Poor	Yes	33157299
4746	4503	6	5	1	2001	Jaipur	Very Good	No	43896864
4747	2032	3	2	1	2006	Mysore	Good	Yes	16598118
4748	3737	5	5	2	2012	Bangalore	Good	No	56805675
4749	2233	4	4	1	2003	Pune	Good	Yes	32926664
4750	3009	4	5	2	2007	Noida	Good	Yes	43267241
4751	2992	4	4	4	2026	Delhi	Very Good	Yes	62371852
4752	4542	6	5	3	2000	Coimbatore	Good	No	40130341
4753	4060	6	5	1	2025	Kochi	Good	No	46715688
4754	4750	6	5	1	2011	Coimbatore	Very Good	Yes	44780364
4755	4565	6	5	3	2026	Pune	Very Good	No	85734595
4756	892	1	1	4	2016	Mysore	Good	Yes	9019797
4757	1976	4	3	2	2012	Delhi	Good	No	34915321
4758	3320	5	4	3	2014	Noida	Good	Yes	49593421
4759	1605	1	2	2	2014	Mumbai	Very Good	No	37438901
4760	2843	4	5	2	1999	Mumbai	Fair	Yes	53487683
4761	3311	4	4	1	2004	Kochi	Good	Yes	30318688
4762	1380	2	1	2	2016	Mysore	Very Good	Yes	14604502
4763	4227	6	5	4	2002	Jaipur	Poor	No	33687280
4764	1111	3	2	3	2019	Hyderabad	Good	No	15546621
4765	840	1	2	2	2022	Noida	Good	No	14278686
4766	599	2	2	4	2015	Jaipur	Fair	No	5959825
4767	2879	3	2	3	2012	Jaipur	Excellent	Yes	34861862
4768	1370	3	4	4	2026	Hyderabad	Very Good	Yes	21159414
4769	4548	6	5	2	2011	Noida	Very Good	No	74209648
4770	1021	1	1	2	2024	Mumbai	Fair	Yes	23403414
4771	2937	3	3	3	2006	Chennai	Good	No	37227983
4772	3498	6	5	3	2005	Delhi	Good	Yes	65040458
4773	1649	1	1	4	2004	Mumbai	Good	No	34884933
4774	2674	4	5	3	2025	Kochi	Poor	Yes	23574497
4775	3856	5	5	4	2014	Mumbai	Excellent	No	100886309
4776	1712	1	1	4	1999	Ahmedabad	Excellent	Yes	20810560
4777	2519	5	5	3	2017	Jaipur	Excellent	Yes	29571951
4778	1214	1	1	2	2016	Kochi	Good	Yes	13839545
4779	502	1	1	1	2003	Pune	Excellent	Yes	8534160
4780	1633	3	2	2	2017	Delhi	Good	No	30411020
4781	1500	2	2	4	2011	Chennai	Good	No	19012487
4782	4302	6	5	2	2012	Delhi	Very Good	Yes	81576470
4783	1336	2	2	1	2008	Hyderabad	Good	Yes	15541223
4784	4674	6	5	2	2008	Hyderabad	Very Good	Yes	60990142
4785	4058	6	5	1	2024	Coimbatore	Poor	Yes	32524854
4786	4327	5	5	4	2001	Coimbatore	Poor	Yes	30812599
4787	2119	3	2	3	2026	Chennai	Poor	No	25107819
4788	3180	5	5	2	2013	Jaipur	Good	Yes	31859652
4789	3352	5	5	4	2025	Mumbai	Very Good	No	93680888
4790	4871	6	5	3	2001	Chennai	Good	Yes	60076078
4791	4816	6	5	4	2024	Mysore	Fair	Yes	42651312
4792	3840	5	5	4	2019	Kochi	Excellent	Yes	47905652
4793	3949	5	5	3	2013	Kochi	Excellent	Yes	46610660
4794	3036	4	3	2	2008	Hyderabad	Fair	No	31908497
4795	1932	2	1	4	2011	Noida	Very Good	Yes	31294381
4796	4307	5	5	4	2007	Kochi	Excellent	No	55249801
4797	3427	5	5	4	2015	Bangalore	Very Good	No	64930180
4798	1180	2	3	1	2009	Ahmedabad	Very Good	Yes	15382381
4799	4712	6	5	4	2010	Jaipur	Very Good	Yes	51517227
4800	2543	3	3	4	2025	Kochi	Good	Yes	30417042
4801	1618	1	1	4	2023	Delhi	Good	No	31746974
4802	3918	6	5	3	2014	Noida	Fair	Yes	57007638
4803	2347	2	2	3	2004	Coimbatore	Good	No	19780101
4804	2302	3	3	1	2019	Ahmedabad	Good	No	25444994
4805	809	1	1	4	2020	Kochi	Fair	Yes	8882525
4806	3595	4	3	3	2021	Ahmedabad	Good	Yes	43754867
4807	1389	3	3	1	2000	Ahmedabad	Very Good	Yes	14942188
4808	3095	3	3	2	1999	Chennai	Very Good	No	41513953
4809	958	2	1	2	2022	Ahmedabad	Good	No	10739469
4810	1221	1	1	4	2022	Mysore	Good	No	11557770
4811	4091	6	5	4	2020	Bangalore	Fair	No	60306007
4812	2299	3	4	2	2014	Ahmedabad	Good	Yes	24432413
4813	4802	6	5	4	2019	Chennai	Good	Yes	69482371
4814	4982	6	5	1	2003	Jaipur	Good	Yes	48179865
4815	4789	6	5	3	2021	Delhi	Very Good	Yes	104060305
4816	3024	4	4	2	2006	Mysore	Good	Yes	25517082
4817	2743	5	5	3	2005	Kochi	Good	No	29762608
4818	710	1	2	1	2020	Bangalore	Good	Yes	12022234
4819	3951	6	5	3	2010	Kochi	Fair	Yes	37854779
4820	2402	3	3	3	2024	Kochi	Good	Yes	24922455
4821	4193	6	5	3	2024	Coimbatore	Good	No	38938897
4822	3071	4	4	1	2025	Chennai	Good	Yes	43122932
4823	562	1	1	2	2024	Hyderabad	Excellent	No	9562613
4824	1890	2	2	4	2023	Chennai	Good	Yes	26845433
4825	1875	4	4	2	2010	Bangalore	Excellent	No	37346101
4826	1005	1	1	1	2006	Hyderabad	Good	Yes	12640871
4827	4147	5	4	4	1998	Jaipur	Fair	No	31652309
4828	1917	2	2	2	2020	Coimbatore	Good	No	20039568
4829	2450	4	4	1	1998	Bangalore	Very Good	Yes	41636138
4830	4380	6	5	2	2009	Chennai	Good	Yes	55933784
4831	4218	5	5	4	2008	Hyderabad	Good	Yes	49942722
4832	1746	1	1	1	2000	Hyderabad	Fair	No	15811640
4833	1710	2	1	3	2003	Delhi	Good	Yes	29735929
4834	3743	6	5	3	2008	Jaipur	Good	No	34947514
4835	1569	2	3	1	2001	Ahmedabad	Fair	Yes	14047650
4836	1363	1	1	1	2015	Hyderabad	Good	No	15676967
4837	3358	6	5	4	2015	Pune	Fair	Yes	49498696
4838	1533	1	1	2	2008	Coimbatore	Fair	No	13133656
4839	1840	3	4	2	2003	Pune	Good	Yes	28677056
4840	4075	6	5	2	2024	Pune	Fair	No	61011376
4841	2269	3	4	4	2000	Hyderabad	Good	No	26679905
4842	857	2	3	2	2015	Ahmedabad	Fair	Yes	10005047
4843	1933	2	2	4	2025	Hyderabad	Good	Yes	27714817
4844	4709	6	5	2	2019	Mumbai	Excellent	Yes	140072608
4845	2195	4	4	2	2011	Kochi	Good	No	21131914
4846	2072	3	2	2	2007	Ahmedabad	Very Good	No	23972228
4847	4026	5	5	2	2021	Hyderabad	Fair	No	49946466
4848	1883	4	5	4	2006	Jaipur	Very Good	Yes	21867447
4849	3545	6	5	2	2009	Ahmedabad	Good	Yes	39081446
4850	3096	4	5	1	2016	Noida	Very Good	No	55238267
4851	2618	4	4	2	2023	Bangalore	Fair	Yes	41462259
4852	842	2	2	2	2000	Jaipur	Very Good	No	9204966
4853	2147	3	3	3	2023	Delhi	Fair	Yes	39251982
4854	2689	5	5	4	2005	Mumbai	Fair	Yes	55301804
4855	3327	6	5	1	2004	Kochi	Good	Yes	33946215
4856	4408	6	5	2	1998	Kochi	Very Good	No	43904876
4857	4797	6	5	3	2018	Pune	Very Good	No	74231536
4858	3028	4	3	2	2026	Bangalore	Good	No	56898644
4859	4315	6	5	1	2019	Hyderabad	Good	No	51378099
4860	624	2	2	3	2022	Noida	Poor	No	9240788
4861	2099	3	3	2	2001	Mysore	Good	No	18579883
4862	2825	5	5	4	2005	Noida	Fair	No	39471642
4863	1883	3	3	1	2020	Jaipur	Good	No	19016007
4864	3738	5	5	4	2013	Mysore	Fair	Yes	30196783
4865	4106	5	5	3	2007	Delhi	Good	Yes	77962796
4866	3889	5	5	3	2017	Bangalore	Good	No	68784874
4867	997	2	2	2	2023	Kochi	Very Good	No	11822045
4868	817	2	2	2	2015	Mysore	Good	Yes	8180143
4869	3276	5	5	1	2006	Kochi	Good	No	35030095
4870	3479	6	5	4	2002	Delhi	Very Good	No	68959175
4871	3586	5	5	3	2004	Jaipur	Very Good	Yes	35077679
4872	902	1	1	2	2026	Bangalore	Very Good	No	16219915
4873	1591	3	4	4	2023	Jaipur	Very Good	Yes	20568442
4874	3457	5	5	1	2019	Coimbatore	Good	No	35615168
4875	1576	2	1	2	2022	Mumbai	Good	No	40326221
4876	1162	3	3	4	1999	Mumbai	Excellent	Yes	31009025
4877	2793	3	3	4	1999	Coimbatore	Excellent	No	29648311
4878	1067	2	2	2	2016	Ahmedabad	Good	Yes	11725748
4879	4942	6	5	2	2019	Chennai	Fair	No	60349449
4880	2376	3	2	2	2005	Coimbatore	Excellent	No	27100621
4881	3022	4	3	4	2001	Jaipur	Very Good	Yes	28106390
4882	1554	2	1	2	2015	Delhi	Very Good	No	31217959
4883	4925	6	5	4	2024	Delhi	Fair	No	88114218
4884	4085	6	5	2	2008	Jaipur	Good	No	38856377
4885	4301	6	5	1	2002	Jaipur	Very Good	No	43517056
4886	2768	5	5	3	2001	Pune	Excellent	No	47851073
4887	4998	6	5	1	2011	Jaipur	Very Good	Yes	51290180
4888	2594	3	3	2	2006	Mumbai	Good	Yes	53476798
4889	2126	3	4	1	2005	Jaipur	Excellent	No	22127846
4890	2030	4	5	3	2021	Mumbai	Fair	No	47386927
4891	4319	6	5	4	2009	Kochi	Very Good	Yes	46534293
4892	4189	5	5	4	2019	Chennai	Good	No	54650987
4893	4606	6	5	2	2025	Kochi	Poor	Yes	39488288
4894	1287	2	1	1	2019	Jaipur	Good	Yes	13198881
4895	3869	6	5	3	2024	Kochi	Fair	No	41817284
4896	3050	5	5	3	2007	Jaipur	Good	No	28629897
4897	982	1	1	4	1999	Pune	Very Good	No	15592315
4898	4069	5	4	4	2005	Mumbai	Very Good	Yes	95909469
4899	3218	6	5	2	1999	Pune	Excellent	No	50526129
4900	4488	6	5	1	2018	Coimbatore	Good	No	46377121
4901	4011	6	5	4	2026	Jaipur	Good	No	39711651
4902	511	1	1	2	2004	Ahmedabad	Very Good	No	5658214
4903	4387	6	5	3	2007	Noida	Good	No	64367841
4904	3059	3	4	3	2020	Noida	Good	No	53763247
4905	3509	5	4	1	2014	Mumbai	Poor	Yes	67844042
4906	1716	3	3	3	2002	Kochi	Very Good	Yes	18571905
4907	2954	4	3	2	2000	Kochi	Good	No	26562519
4908	4648	6	5	1	2014	Jaipur	Fair	No	42728865
4909	608	1	1	4	2022	Mumbai	Excellent	No	18970221
4910	4056	6	5	4	2010	Hyderabad	Good	No	46703723
4911	2308	3	3	3	2025	Coimbatore	Very Good	Yes	25295070
4912	1828	3	2	3	2007	Pune	Good	Yes	26134737
4913	1561	3	2	2	2018	Kochi	Good	Yes	16633895
4914	4169	6	5	1	2004	Noida	Very Good	Yes	67381265
4915	4166	5	5	4	2011	Jaipur	Excellent	Yes	52168362
4916	2957	4	5	3	1998	Coimbatore	Good	No	24774591
4917	533	1	1	3	2024	Mumbai	Very Good	No	15693278
4918	530	1	1	1	2003	Hyderabad	Excellent	Yes	7963031
4919	4483	6	5	3	2003	Mysore	Very Good	Yes	42672428
4920	4403	5	5	3	2007	Mysore	Excellent	No	48445492
4921	3998	5	5	4	2006	Ahmedabad	Good	Yes	40788088
4922	970	1	2	2	2010	Mumbai	Good	No	22994420
4923	3403	6	5	1	2026	Hyderabad	Very Good	Yes	53029736
4924	609	1	1	3	2018	Chennai	Very Good	No	10135588
4925	3950	5	5	3	2013	Mysore	Good	Yes	38115998
4926	4753	6	5	2	1998	Chennai	Good	No	60218814
4927	512	1	1	2	2015	Kochi	Very Good	Yes	6326833
4928	907	1	1	1	2022	Coimbatore	Fair	No	7867844
4929	2655	5	5	3	2021	Chennai	Very Good	Yes	39702203
4930	1967	4	5	2	2024	Ahmedabad	Very Good	No	24734366
4931	652	1	1	3	2012	Mumbai	Good	Yes	16122651
4932	4035	6	5	1	2005	Bangalore	Very Good	Yes	66805442
4933	511	1	1	3	2007	Jaipur	Excellent	Yes	6715201
4934	4579	6	5	1	2023	Hyderabad	Poor	Yes	50086910
4935	2789	5	5	3	2022	Mysore	Excellent	No	32135121
4936	2199	2	2	1	2016	Ahmedabad	Good	Yes	23640713
4937	4178	5	5	4	1998	Noida	Very Good	Yes	61940678
4938	2175	3	4	2	2007	Hyderabad	Good	Yes	25936507
4939	4009	5	5	4	2008	Kochi	Good	Yes	42808842
4940	621	1	1	2	2000	Ahmedabad	Good	Yes	7023987
4941	4164	5	4	4	2000	Mysore	Fair	Yes	32032051
4942	2998	4	4	3	2016	Noida	Very Good	Yes	56988664
4943	1671	2	2	1	2002	Mumbai	Fair	No	31369680
4944	3843	5	4	2	2009	Delhi	Fair	Yes	64485135
4945	3824	4	3	3	2021	Pune	Very Good	No	67498612
4946	1928	2	3	3	2002	Kochi	Good	Yes	19504980
4947	2940	4	4	1	2021	Mysore	Fair	Yes	25798650
4948	4048	6	5	3	2000	Jaipur	Poor	No	28573084
4949	4590	6	5	2	2016	Delhi	Fair	Yes	80804116
4950	4251	6	5	1	2013	Coimbatore	Good	Yes	42896082
4951	1846	3	3	1	2018	Delhi	Very Good	Yes	40876793
4952	3636	6	5	2	2009	Bangalore	Poor	No	47963276
4953	704	1	1	3	1998	Bangalore	Good	Yes	10912803
4954	1457	2	2	3	2018	Mysore	Very Good	No	14359134
4955	3606	5	5	4	2013	Mumbai	Good	Yes	79026941
4956	1769	3	2	3	2008	Noida	Good	Yes	27469963
4957	513	1	1	3	2012	Hyderabad	Very Good	No	7130304
4958	2212	4	5	3	2017	Kochi	Good	No	22531151
4959	883	1	1	2	2025	Delhi	Excellent	Yes	22410257
4960	1699	2	2	3	2012	Noida	Fair	No	22861483
4961	2442	3	2	2	2007	Hyderabad	Fair	Yes	27238804
4962	3278	5	5	2	1999	Hyderabad	Good	Yes	35304625
4963	4864	6	5	1	2010	Jaipur	Fair	Yes	41616659
4964	3506	5	5	2	2018	Chennai	Good	No	49661176
4965	4809	6	5	2	2025	Mysore	Good	No	47896556
4966	4634	6	5	4	2022	Kochi	Good	No	52886610
4967	3653	6	5	3	2012	Mumbai	Excellent	No	98650725
4968	4846	6	5	4	2002	Ahmedabad	Excellent	Yes	63335280
4969	2489	4	3	1	2000	Bangalore	Good	No	35148915
4970	3311	4	3	3	2015	Coimbatore	Very Good	No	34291722
4971	2044	4	5	4	2001	Delhi	Very Good	No	36655572
4972	4726	6	5	3	2004	Chennai	Good	No	58701439
4973	2941	5	5	1	2011	Noida	Very Good	Yes	51607626
4974	4978	6	5	3	2000	Bangalore	Poor	No	63185460
4975	3532	5	5	2	2007	Mysore	Very Good	No	33563656
4976	3383	5	4	4	2026	Delhi	Good	Yes	70533287
4977	2726	5	4	4	1998	Noida	Good	Yes	37761533
4978	3170	5	4	4	2001	Mysore	Excellent	Yes	34795114
4979	4842	6	5	3	2003	Hyderabad	Very Good	No	55339559
4980	2483	4	3	1	2012	Delhi	Good	Yes	44006544
4981	3406	6	5	1	2022	Mumbai	Very Good	No	85944792
4982	3283	6	5	3	2002	Noida	Good	No	51426006
4983	2174	3	2	3	2012	Noida	Good	Yes	32274619
4984	1126	3	3	1	2012	Bangalore	Poor	No	16293307
4985	1014	2	2	4	2019	Coimbatore	Good	Yes	10633447
4986	1094	1	2	1	2021	Jaipur	Good	Yes	12254018
4987	4031	6	5	1	2020	Pune	Excellent	No	76797376
4988	4016	6	5	2	2026	Coimbatore	Good	Yes	38592093
4989	2428	4	4	1	2021	Chennai	Very Good	No	36734141
4990	4009	6	5	2	2003	Kochi	Poor	Yes	34146450
4991	1186	2	1	3	2015	Hyderabad	Good	No	15823513
4992	860	1	2	2	2026	Hyderabad	Good	No	11038918
4993	4237	6	5	4	2002	Mysore	Good	Yes	38594877
4994	510	1	2	4	2000	Noida	Good	No	8341030
4995	2100	2	2	4	2017	Mysore	Poor	Yes	16518250
4996	510	1	1	2	2015	Bangalore	Very Good	No	10042557
4997	1769	3	4	4	2015	Ahmedabad	Good	Yes	20320468
4998	1937	4	4	2	2010	Chennai	Good	No	23986016
4999	3426	5	4	4	2017	Hyderabad	Good	Yes	45527802
5000	2344	4	5	2	2009	Coimbatore	Very Good	No	22472198
5001	4684	6	5	1	2001	Kochi	Excellent	No	52634850
5002	838	2	3	4	2006	Delhi	Good	Yes	16116457
5003	2367	4	3	1	2006	Mysore	Very Good	No	22511241
5004	3868	6	5	3	2016	Noida	Very Good	No	69831981
5005	2369	4	4	2	2025	Pune	Poor	No	33340144
5006	3398	6	5	2	2006	Delhi	Good	No	62498226
5007	775	1	2	3	2024	Pune	Fair	Yes	11066054
5008	4081	6	5	2	2024	Mumbai	Fair	Yes	89467702
5009	3608	4	3	3	2005	Mysore	Excellent	No	38084588
5010	4431	6	5	1	2022	Hyderabad	Poor	Yes	49737906
5011	3940	6	5	3	2015	Ahmedabad	Very Good	Yes	47661582
5012	1026	1	1	3	2019	Ahmedabad	Good	Yes	11992548
5013	4714	6	5	1	2003	Delhi	Good	No	81343567
5014	1204	1	1	3	2002	Bangalore	Poor	Yes	14084161
5015	3677	6	5	1	1999	Delhi	Good	No	62741512
5016	2305	3	3	2	2022	Noida	Fair	No	36910998
5017	2371	3	2	3	2025	Coimbatore	Good	No	23694215
5018	3607	4	5	3	2026	Coimbatore	Very Good	Yes	39763152
5019	2994	3	3	3	2003	Noida	Good	No	46916300
5020	2077	4	4	2	2013	Kochi	Very Good	Yes	24616866
5021	4782	6	5	2	2013	Bangalore	Fair	Yes	67748491
5022	3627	5	4	3	2016	Ahmedabad	Good	No	39485055
5023	4834	6	5	1	2018	Mysore	Good	Yes	43460478
5024	3782	4	4	4	2021	Hyderabad	Good	No	50064170
5025	4202	6	5	2	1998	Jaipur	Very Good	Yes	43430675
5026	2442	3	3	4	2009	Mysore	Poor	Yes	18772154
5027	961	2	3	3	2005	Ahmedabad	Very Good	Yes	12367147
5028	2653	4	5	3	2015	Ahmedabad	Very Good	Yes	31038672
5029	1133	2	3	4	2024	Chennai	Fair	No	15105880
5030	1225	2	3	3	2016	Noida	Good	Yes	20667661
5031	1356	1	2	4	2009	Mysore	Fair	No	10880880
5032	1064	3	4	4	2010	Ahmedabad	Good	Yes	13891376
5033	4095	5	5	4	2022	Noida	Very Good	Yes	77342931
5034	1448	1	1	2	2007	Mysore	Good	No	12891175
5035	1192	2	1	1	2022	Jaipur	Fair	Yes	11474286
5036	1637	1	1	4	2024	Mysore	Fair	No	13785437
5037	3503	5	5	4	2025	Pune	Excellent	No	64789171
5038	2113	3	2	4	2026	Chennai	Good	No	28913253
5039	2782	3	2	2	2005	Bangalore	Very Good	Yes	44308170
5040	2639	5	4	2	2014	Ahmedabad	Very Good	Yes	30760685
5041	3471	5	5	1	2012	Noida	Good	No	51657789
5042	1979	2	2	3	2003	Pune	Good	Yes	29844722
5043	4925	6	5	2	2002	Hyderabad	Excellent	Yes	62548702
5044	4996	6	5	1	2021	Bangalore	Good	Yes	91351143
5045	2256	3	3	1	2007	Mumbai	Poor	No	39353980
5046	4169	5	4	2	2019	Jaipur	Excellent	No	48355344
5047	4067	5	5	3	2023	Noida	Good	No	67942004
5048	1215	3	2	4	2018	Chennai	Good	Yes	16712212
5049	2024	4	3	2	2013	Bangalore	Very Good	Yes	37079849
5050	2216	3	3	3	2000	Coimbatore	Very Good	Yes	20471334
5051	3687	5	5	1	2003	Coimbatore	Good	No	32170671
5052	2770	4	4	4	2011	Chennai	Very Good	No	39525778
5053	3271	6	5	2	1998	Noida	Poor	No	37463924
5054	3453	5	4	3	2022	Mysore	Very Good	Yes	33393961
5055	1357	2	1	3	1998	Mysore	Very Good	No	12822537
5056	4746	6	5	3	2011	Jaipur	Excellent	No	55658356
5057	2425	2	2	1	2026	Hyderabad	Very Good	No	34250172
5058	4790	6	5	3	1998	Ahmedabad	Excellent	Yes	55408965
5059	3561	6	5	3	2008	Noida	Good	No	55051613
5060	1306	1	1	4	2004	Delhi	Good	Yes	22714772
5061	4810	6	5	2	2013	Delhi	Excellent	Yes	113368077
5062	2333	3	2	2	2026	Chennai	Poor	Yes	26755733
5063	4693	6	5	3	2002	Jaipur	Good	Yes	41839177
5064	1039	2	2	1	2016	Kochi	Very Good	No	12933608
5065	1474	1	1	3	2018	Bangalore	Good	No	25328071
5066	2986	4	3	2	2014	Ahmedabad	Very Good	Yes	37018449
5067	3701	6	5	2	2012	Jaipur	Very Good	Yes	42021071
5068	3489	4	4	1	1998	Bangalore	Good	Yes	48523935
5069	3080	4	4	3	2008	Mumbai	Good	Yes	68979530
5070	1852	2	2	1	2005	Hyderabad	Fair	Yes	20911154
5071	3401	4	5	4	2026	Hyderabad	Very Good	No	46966123
5072	811	1	1	2	2015	Jaipur	Poor	Yes	6897874
5073	2418	3	3	2	2007	Mumbai	Good	Yes	56940424
5074	763	1	1	4	2006	Mysore	Good	No	6996206
5075	4595	6	5	2	2007	Hyderabad	Fair	No	45790709
5076	4089	5	4	1	2024	Mumbai	Excellent	Yes	112847305
5077	1534	2	2	2	2012	Coimbatore	Poor	No	12218143
5078	4010	6	5	4	2021	Bangalore	Poor	No	56963022
5079	1647	3	3	1	2001	Jaipur	Good	Yes	15878925
5080	2503	3	4	4	2007	Ahmedabad	Fair	Yes	22371008
5081	4034	5	5	1	2017	Mysore	Good	No	36096297
5082	3764	6	5	2	2017	Coimbatore	Good	No	34993971
5083	4740	6	5	2	2001	Hyderabad	Very Good	No	61702928
5084	3378	5	5	3	1999	Jaipur	Fair	No	28297191
5085	3353	5	5	4	2026	Jaipur	Good	No	33247658
5086	907	1	2	2	2002	Chennai	Excellent	No	13406250
5087	4538	6	5	3	2010	Mumbai	Good	Yes	99645934
5088	1350	1	1	3	1999	Delhi	Very Good	Yes	24447943
5089	4538	6	5	3	2024	Kochi	Very Good	Yes	52369767
5090	1920	2	3	1	2015	Mysore	Good	No	18679272
5091	2373	4	4	1	2012	Pune	Good	Yes	36980730
5092	4368	6	5	1	2025	Coimbatore	Good	No	46215502
5093	3458	6	5	1	2024	Delhi	Very Good	Yes	78721163
5094	2177	3	3	3	2023	Noida	Good	No	34934501
5095	4384	6	5	1	2000	Pune	Excellent	Yes	71935422
5096	1410	2	3	4	2013	Coimbatore	Very Good	Yes	14418477
5097	1352	2	1	3	2016	Bangalore	Good	No	22795068
5098	4605	6	5	1	2011	Pune	Good	Yes	70409381
5099	1606	1	1	3	1999	Coimbatore	Good	No	14246930
5100	1497	2	2	4	2002	Bangalore	Fair	No	22266316
5101	4534	5	5	2	2005	Delhi	Very Good	No	89504797
5102	1869	3	4	1	1999	Mumbai	Good	Yes	39248885
5103	1231	3	3	4	2023	Hyderabad	Fair	No	16421632
5104	705	2	2	2	2004	Hyderabad	Very Good	Yes	9902744
5105	1112	2	2	4	2013	Ahmedabad	Very Good	Yes	13029875
5106	2732	4	4	3	2020	Noida	Good	No	46968429
5107	1644	1	2	3	2015	Coimbatore	Good	No	15287237
5108	4136	6	5	1	2018	Chennai	Excellent	Yes	72307876
5109	4481	6	5	4	2024	Chennai	Very Good	Yes	73378489
5110	1902	3	4	4	2010	Mysore	Excellent	Yes	22498140
5111	1086	1	1	2	2018	Mysore	Good	No	9631892
5112	2334	2	2	1	2011	Noida	Good	No	34414809
5113	4059	6	5	3	2009	Delhi	Good	No	78096115
5114	695	2	1	2	2011	Bangalore	Excellent	Yes	14076230
5115	546	2	1	4	2008	Mysore	Excellent	Yes	7271157
5116	4824	6	5	3	2022	Delhi	Fair	No	79862165
5117	1591	1	1	1	2025	Mumbai	Good	Yes	40959245
5118	2344	2	1	4	1999	Pune	Fair	No	26905718
5119	1500	3	2	1	2015	Kochi	Fair	No	13536075
5120	1849	3	4	3	2007	Delhi	Good	Yes	33337568
5121	933	1	1	3	2013	Delhi	Fair	No	16386853
5122	1984	2	2	3	2009	Chennai	Good	Yes	27158806
5123	1873	4	4	3	2023	Hyderabad	Poor	Yes	19716275
5124	1823	3	3	3	2001	Hyderabad	Very Good	Yes	25100402
5125	2055	4	4	4	2001	Delhi	Very Good	No	42766138
5126	4462	6	5	1	2025	Pune	Very Good	Yes	76716009
5127	4459	6	5	1	2026	Delhi	Good	Yes	88678598
5128	4640	6	5	3	1998	Bangalore	Excellent	No	86162430
5129	2039	3	2	4	2006	Pune	Good	No	28180969
5130	2412	4	4	4	2025	Coimbatore	Good	No	26077587
5131	3603	5	5	1	2019	Jaipur	Good	Yes	36926648
5132	4509	6	5	4	2020	Hyderabad	Very Good	Yes	61028663
5133	3799	6	5	4	2008	Noida	Fair	No	53186886
5134	1637	2	1	2	2008	Ahmedabad	Good	Yes	18669239
5135	4430	5	5	3	2016	Chennai	Good	Yes	57725861
5136	3965	6	5	1	2005	Pune	Good	No	58770830
5137	1626	2	1	1	2016	Ahmedabad	Fair	Yes	16260517
5138	941	2	2	2	2004	Delhi	Excellent	No	21437234
5139	4909	6	5	3	2022	Mumbai	Good	Yes	115252830
5140	2204	4	4	2	2012	Ahmedabad	Excellent	Yes	29993478
5141	577	1	2	4	2007	Delhi	Good	Yes	11126851
5142	1917	3	3	2	2008	Hyderabad	Good	No	24002342
5143	2265	2	2	2	2026	Hyderabad	Good	No	30732125
5144	944	1	1	2	2019	Jaipur	Very Good	No	10191542
5145	751	2	1	1	2005	Bangalore	Good	No	12810526
5146	4805	6	5	3	2021	Mysore	Good	Yes	43417226
5147	1279	2	2	3	1998	Coimbatore	Good	No	11781001
5148	1413	3	3	3	2004	Delhi	Excellent	No	29775632
5149	4595	6	5	1	1999	Bangalore	Good	No	65287885
5150	3825	5	5	1	2016	Mumbai	Good	No	94359622
5151	2834	3	3	1	2009	Kochi	Good	Yes	26443938
5152	4151	6	5	4	2011	Mysore	Very Good	Yes	38960471
5153	3303	4	3	2	2002	Mysore	Good	Yes	28671609
5154	2622	4	5	4	2010	Pune	Good	Yes	36618897
5155	2419	3	3	4	1999	Mysore	Very Good	No	23209580
5156	2854	3	3	3	2024	Hyderabad	Very Good	Yes	43126868
5157	2110	4	4	3	2019	Kochi	Very Good	Yes	26826156
5158	3654	5	5	4	2026	Hyderabad	Good	No	50246533
5159	3413	4	4	2	1998	Noida	Fair	Yes	44826897
5160	3592	6	5	1	2023	Mysore	Poor	No	29832146
5161	4720	6	5	2	2025	Chennai	Good	No	62884361
5162	2950	3	4	4	2020	Ahmedabad	Very Good	Yes	34794357
5163	3669	4	4	4	2008	Mysore	Fair	Yes	30493418
5164	3731	5	4	4	2014	Mysore	Good	Yes	33301840
5165	1444	1	1	2	2018	Mysore	Very Good	Yes	14796982
5166	734	1	2	2	2024	Ahmedabad	Good	No	9397353
5167	3707	5	5	1	1999	Chennai	Very Good	Yes	45384381
5168	2936	5	5	4	1999	Kochi	Good	Yes	29786120
5169	3924	6	5	1	1998	Pune	Fair	Yes	47248670
5170	1247	1	1	2	2019	Coimbatore	Good	Yes	12225091
5171	2608	5	5	2	2014	Pune	Good	No	37646327
5172	4189	5	5	2	2015	Hyderabad	Fair	No	49978705
5173	2831	5	5	1	2003	Mumbai	Excellent	No	78002797
5174	4998	6	5	3	2015	Chennai	Excellent	Yes	74038368
5175	3942	5	5	3	2018	Ahmedabad	Fair	No	39680261
5176	2366	4	4	3	2012	Jaipur	Good	Yes	22530512
5177	633	2	2	2	2024	Hyderabad	Good	No	9401377
5178	1576	2	3	2	2009	Kochi	Excellent	No	19198399
5179	1725	3	2	1	2019	Jaipur	Good	No	16678522
5180	3231	4	3	2	2026	Mysore	Excellent	No	38069547
5181	2395	4	4	1	2007	Noida	Poor	No	27831365
5182	3547	6	5	2	2000	Noida	Fair	Yes	49688555
5183	1017	1	1	4	2020	Mumbai	Very Good	Yes	27353194
5184	2152	3	4	2	2023	Pune	Very Good	Yes	35282749
5185	4432	6	5	3	2006	Coimbatore	Good	Yes	40450422
5186	1547	2	1	2	2024	Mysore	Good	Yes	15737424
5187	638	1	2	2	2026	Hyderabad	Good	No	8542794
5188	3375	4	4	1	2023	Kochi	Good	Yes	37499796
5189	4903	6	5	4	2016	Chennai	Very Good	No	74580198
5190	3023	4	4	2	2011	Bangalore	Fair	No	42991300
5191	2633	5	4	4	2001	Chennai	Good	Yes	32525917
5192	1268	2	1	1	2016	Ahmedabad	Good	No	14000548
5193	4059	5	5	4	2007	Coimbatore	Good	No	37103829
5194	2150	2	1	3	2016	Kochi	Excellent	Yes	29243311
5195	2572	5	5	3	1999	Mysore	Very Good	No	24907535
5196	2495	4	4	2	2012	Jaipur	Good	No	24060805
5197	4357	6	5	2	2017	Bangalore	Good	Yes	75404758
5198	4788	6	5	3	2009	Bangalore	Poor	No	65623559
5199	926	2	2	2	2011	Noida	Fair	Yes	13682997
5200	4996	6	5	1	2000	Noida	Very Good	Yes	75597522
5201	4713	6	5	4	2011	Chennai	Very Good	No	67078420
5202	2717	3	3	3	2022	Ahmedabad	Fair	Yes	26563168
5203	3106	3	2	1	2023	Jaipur	Very Good	No	34972301
5204	3053	4	5	4	2009	Pune	Good	No	46551559
5205	3480	6	5	4	2005	Coimbatore	Good	Yes	29887464
5206	4893	6	5	1	2013	Noida	Very Good	No	80533471
5207	4120	6	5	3	2018	Jaipur	Fair	Yes	38705796
5208	4384	6	5	2	2006	Kochi	Fair	Yes	36696203
5209	4849	6	5	2	2020	Mysore	Poor	No	36727342
5210	1013	2	3	1	2001	Bangalore	Very Good	No	17785671
5211	1834	3	3	3	2006	Jaipur	Good	Yes	18513720
5212	4741	6	5	4	2026	Coimbatore	Good	Yes	51585525
5213	1152	2	2	1	2016	Coimbatore	Good	Yes	11203736
5214	694	1	1	4	2010	Chennai	Excellent	No	11795706
5215	2592	4	5	4	2007	Bangalore	Fair	Yes	39938699
5216	2435	2	2	2	1998	Mumbai	Very Good	No	55556524
5217	1274	1	1	4	1999	Pune	Very Good	Yes	19108147
5218	1256	1	1	3	2025	Mysore	Good	Yes	12946814
5219	4923	6	5	3	1999	Delhi	Good	Yes	90074229
5220	2673	4	4	1	2007	Delhi	Good	Yes	48808848
5221	4487	6	5	4	2015	Kochi	Good	Yes	50277023
5222	4729	6	5	2	2025	Jaipur	Very Good	Yes	57863199
5223	2417	3	4	2	2013	Kochi	Very Good	Yes	27281910
5224	3535	5	5	2	2024	Coimbatore	Fair	No	31187091
5225	2628	4	4	1	2017	Mumbai	Fair	Yes	53726783
5226	1075	3	3	1	2025	Mumbai	Fair	Yes	23973036
5227	589	1	1	1	2006	Ahmedabad	Poor	No	5349771
5228	3356	4	4	3	1998	Chennai	Very Good	No	46075194
5229	2780	4	3	3	2009	Noida	Good	No	46527074
5230	4832	6	5	1	2016	Jaipur	Good	No	46123738
5231	2634	4	3	1	2017	Pune	Good	Yes	39293927
5232	1460	2	3	2	2023	Mumbai	Good	Yes	33159788
5233	3671	6	5	1	2018	Chennai	Good	Yes	50560395
5234	1970	2	2	4	2018	Kochi	Very Good	No	23194049
5235	700	1	2	3	1999	Bangalore	Fair	No	9967023
5236	1494	2	1	2	2003	Ahmedabad	Good	Yes	14832890
5237	3433	4	4	4	2001	Mumbai	Excellent	Yes	89284337
5238	4241	6	5	3	2003	Ahmedabad	Very Good	Yes	47039282
5239	1751	3	2	1	2017	Ahmedabad	Excellent	No	22285333
5240	3095	4	5	4	2019	Mysore	Very Good	No	29209528
5241	4773	6	5	1	2019	Jaipur	Very Good	Yes	51226126
5242	3601	4	4	3	2025	Bangalore	Good	Yes	62020186
5243	2467	4	5	1	2002	Coimbatore	Excellent	No	26129098
5244	4606	6	5	1	1999	Hyderabad	Fair	Yes	45028288
5245	4106	6	5	2	2013	Chennai	Excellent	No	61354340
5246	2189	4	5	4	2019	Mumbai	Excellent	Yes	59194157
5247	690	2	3	4	2014	Kochi	Good	Yes	8266203
5248	2081	4	5	3	1998	Mumbai	Very Good	No	45669098
5249	2250	3	3	2	2003	Delhi	Poor	No	32766660
5250	1006	1	1	2	2011	Noida	Very Good	No	18590939
5251	1436	1	2	3	2025	Kochi	Very Good	No	17608261
5252	1096	2	3	1	2001	Mumbai	Good	No	25041930
5253	3140	4	3	4	2018	Kochi	Good	Yes	35842055
5254	4808	6	5	4	2014	Coimbatore	Very Good	Yes	46725823
5255	1859	4	5	3	2016	Mysore	Very Good	Yes	19361818
5256	3427	5	5	1	2015	Ahmedabad	Good	No	39367346
5257	1363	3	2	4	2015	Hyderabad	Excellent	No	19870655
5258	4046	6	5	4	2025	Mumbai	Very Good	Yes	108508253
5259	3866	5	5	3	2024	Delhi	Excellent	Yes	95773407
5260	2423	4	4	2	2024	Coimbatore	Excellent	Yes	28375541
5261	2792	3	3	4	2006	Coimbatore	Very Good	Yes	26376332
5262	2184	3	4	2	2012	Pune	Very Good	No	37568771
5263	994	1	1	3	2011	Hyderabad	Very Good	No	14114397
5264	754	2	2	1	2018	Coimbatore	Fair	Yes	8037125
5265	3083	4	3	2	2004	Hyderabad	Good	No	33077734
5266	4614	6	5	1	2010	Chennai	Good	No	54973181
5267	2342	4	3	3	2016	Jaipur	Very Good	No	26194218
5268	782	1	1	3	2015	Pune	Very Good	Yes	13848414
5269	3065	5	4	1	2026	Jaipur	Very Good	Yes	34189349
5270	3186	5	5	1	2022	Delhi	Good	Yes	63907582
5271	3891	6	5	1	2022	Kochi	Very Good	No	46780513
5272	3481	5	5	2	2012	Mumbai	Good	No	83096720
5273	1152	1	2	2	2006	Chennai	Very Good	Yes	17294859
5274	1790	2	1	1	2009	Bangalore	Poor	No	22964881
5275	4962	6	5	2	2015	Mumbai	Good	Yes	106787841
5276	2053	4	4	3	2014	Delhi	Excellent	Yes	49813902
5277	3318	5	4	4	1998	Hyderabad	Good	Yes	35842436
5278	4337	6	5	2	2014	Coimbatore	Good	No	38327351
5279	2083	3	4	3	2014	Chennai	Good	No	27427127
5280	3625	5	5	4	2011	Jaipur	Excellent	Yes	45467112
5281	748	2	1	3	2008	Noida	Very Good	No	14144425
5282	4562	6	5	3	1998	Hyderabad	Very Good	No	52266301
5283	3909	5	5	4	1999	Kochi	Very Good	No	37835696
5284	3904	6	5	2	2021	Noida	Excellent	No	78047148
5285	4686	6	5	3	2015	Chennai	Good	No	66502853
5286	1532	2	2	1	2015	Delhi	Excellent	Yes	34356489
5287	1782	4	5	4	2021	Ahmedabad	Very Good	Yes	24322801
5288	847	2	2	3	2015	Coimbatore	Very Good	No	9528329
5289	683	1	2	2	2017	Kochi	Good	No	7309075
5290	4083	6	5	3	2003	Ahmedabad	Good	No	43999273
5291	2220	4	4	2	2000	Delhi	Very Good	No	42637635
5292	3873	6	5	4	2016	Noida	Good	No	65609938
5293	1223	1	1	3	2007	Hyderabad	Excellent	Yes	17572756
5294	3428	5	5	2	2017	Coimbatore	Poor	No	27517262
5295	3536	5	4	2	2001	Chennai	Fair	No	40915406
5296	1955	2	1	4	2017	Delhi	Good	Yes	37524594
5297	1235	1	2	1	2003	Mysore	Good	Yes	11028094
5298	2603	5	4	1	2005	Jaipur	Good	Yes	25224581
5299	2752	4	5	1	2024	Hyderabad	Very Good	No	39132129
5300	1087	1	1	3	2024	Coimbatore	Fair	No	10768942
5301	1696	3	3	3	1998	Noida	Good	Yes	24398498
5302	2868	3	4	3	2013	Bangalore	Good	No	45470607
5303	3570	5	5	1	2022	Chennai	Excellent	Yes	64623675
5304	4655	6	5	4	2009	Delhi	Very Good	No	91719699
5305	2705	4	3	1	2023	Bangalore	Very Good	No	53880045
5306	3920	5	5	4	2018	Coimbatore	Fair	Yes	37153589
5307	4847	6	5	1	2010	Bangalore	Fair	Yes	69148148
5308	2024	4	4	3	2007	Jaipur	Poor	No	17140906
5309	2850	4	5	4	2023	Kochi	Fair	No	30887682
5310	2738	4	4	3	2013	Jaipur	Good	No	24851116
5311	993	1	2	2	2011	Mumbai	Good	No	22410639
5312	3180	5	5	2	2014	Jaipur	Good	No	31660513
5313	3671	6	5	4	2009	Bangalore	Good	No	62829228
5314	1956	2	1	4	2003	Bangalore	Excellent	Yes	38651980
5315	1008	1	1	3	2000	Chennai	Good	No	12750658
5316	2616	5	5	1	2001	Noida	Excellent	Yes	51029737
5317	4833	6	5	4	2013	Coimbatore	Good	Yes	44302077
5318	1353	3	3	3	2000	Coimbatore	Poor	No	10731102
5319	1435	3	3	4	2010	Kochi	Very Good	Yes	17683433
5320	1889	3	4	3	2007	Pune	Very Good	Yes	30913549
5321	3397	5	5	4	2020	Bangalore	Very Good	Yes	64012532
5322	4305	5	4	2	2026	Mumbai	Good	Yes	101666342
5323	3289	5	5	3	2023	Bangalore	Good	Yes	54332418
5324	3895	6	5	4	2003	Noida	Very Good	Yes	66015045
5325	3868	6	5	4	2022	Bangalore	Very Good	No	74192103
5326	967	2	3	2	1998	Pune	Fair	No	12011572
5327	4871	6	5	2	2001	Noida	Very Good	Yes	78698645
5328	3886	6	5	2	2004	Noida	Good	Yes	59307337
5329	4021	6	5	3	2000	Delhi	Very Good	Yes	78559067
5330	2038	2	2	4	2011	Kochi	Very Good	Yes	22168460
5331	3629	5	5	2	2020	Chennai	Very Good	No	52540222
5332	1111	3	2	3	2026	Coimbatore	Good	Yes	13093441
5333	1956	3	4	4	2017	Hyderabad	Excellent	Yes	30698965
5334	938	2	2	4	2019	Noida	Good	No	14953002
5335	2395	4	5	1	2019	Ahmedabad	Excellent	No	34497126
5336	4601	6	5	3	2007	Hyderabad	Poor	No	44493059
5337	4373	5	5	4	2019	Delhi	Good	Yes	84307257
5338	4626	6	5	4	2026	Mysore	Good	No	45855559
5339	2444	3	2	1	2003	Pune	Very Good	Yes	34701930
5340	3669	5	4	4	2007	Mysore	Very Good	Yes	35680568
5341	4401	6	5	3	2021	Kochi	Good	No	47914938
5342	865	1	1	1	2024	Ahmedabad	Good	Yes	10357527
5343	2963	3	2	4	2004	Bangalore	Good	No	43398503
5344	1204	2	2	2	2006	Delhi	Fair	Yes	20158856
5345	3485	5	5	3	2022	Noida	Good	Yes	60719546
5346	4145	5	5	3	2009	Delhi	Very Good	Yes	87695997
5347	3179	5	5	3	2022	Kochi	Good	No	33851582
5348	1613	2	2	2	2016	Pune	Very Good	No	24819381
5349	1345	3	3	3	2015	Delhi	Very Good	No	29800351
5350	564	2	2	4	2026	Mysore	Very Good	No	7040666
5351	1638	1	1	2	2022	Coimbatore	Good	Yes	16992363
5352	4800	6	5	4	2025	Delhi	Fair	No	91591715
5353	2419	3	4	1	2018	Chennai	Good	No	33053952
5354	2664	3	3	4	2026	Chennai	Good	Yes	39643633
5355	4895	6	5	2	2011	Mysore	Very Good	Yes	44568046
5356	1711	2	1	1	2009	Ahmedabad	Good	No	16417319
5357	1490	2	2	1	2014	Delhi	Good	No	26421671
5358	2843	5	5	4	2003	Chennai	Good	No	33429002
5359	3349	5	4	1	2008	Ahmedabad	Fair	No	29824758
5360	1751	3	2	4	2012	Chennai	Very Good	No	27371962
5361	4216	6	5	4	2018	Bangalore	Excellent	Yes	86206010
5362	4916	6	5	3	2002	Mysore	Poor	Yes	35068646
5363	3444	4	3	1	2009	Bangalore	Fair	Yes	48835058
5364	1435	1	1	2	2013	Chennai	Very Good	No	20189633
5365	4134	6	5	2	2007	Jaipur	Very Good	No	44335281
5366	602	1	1	3	2022	Ahmedabad	Good	No	7653207
5367	1201	3	2	3	2010	Noida	Good	Yes	19889973
5368	3354	4	4	4	2010	Bangalore	Good	No	53486556
5369	3099	4	5	1	2001	Coimbatore	Good	No	29024723
5370	2374	3	3	4	2026	Mysore	Very Good	No	23261228
5371	4107	6	5	1	2014	Mumbai	Fair	Yes	90396193
5372	3738	6	5	4	2010	Noida	Fair	No	52402628
5373	3972	6	5	2	2024	Delhi	Very Good	Yes	88009945
5374	3488	5	5	3	1998	Delhi	Very Good	Yes	62138009
5375	3317	5	5	3	2022	Mumbai	Poor	Yes	66302422
5376	3524	4	3	2	1999	Chennai	Very Good	No	45988354
5377	4408	6	5	4	2026	Hyderabad	Very Good	Yes	67392188
5378	3454	4	4	2	2013	Noida	Very Good	No	57960352
5379	1077	2	1	1	2005	Kochi	Good	No	11217585
5380	837	1	2	4	2014	Noida	Excellent	No	16261639
5381	1525	1	1	2	2005	Coimbatore	Very Good	Yes	13834041
5382	1325	3	4	4	2001	Pune	Good	No	20169414
5383	4689	6	5	3	2015	Delhi	Good	Yes	92403513
5384	2009	2	1	4	2017	Jaipur	Good	Yes	21286908
5385	2530	4	3	3	2012	Coimbatore	Very Good	Yes	28248396
5386	747	1	1	2	2003	Jaipur	Very Good	No	8184416
5387	4974	6	5	1	2001	Mumbai	Good	No	102477765
5388	4176	6	5	1	2009	Chennai	Fair	No	50812990
5389	1631	1	1	1	2023	Pune	Very Good	No	28901042
5390	4151	6	5	1	2023	Mumbai	Good	Yes	97018905
5391	3487	6	5	4	2000	Noida	Very Good	Yes	52940360
5392	627	2	2	2	2005	Bangalore	Good	No	11084463
5393	2386	3	3	2	2010	Noida	Excellent	Yes	47064099
5394	4667	6	5	2	1999	Coimbatore	Very Good	No	41414672
5395	2089	4	4	2	2002	Delhi	Fair	Yes	36384717
5396	1709	2	2	4	2000	Jaipur	Good	No	16682110
5397	2072	3	2	4	2015	Mumbai	Very Good	Yes	56884575
5398	3224	5	5	1	2014	Jaipur	Poor	Yes	25865822
5399	4202	6	5	2	2007	Noida	Good	Yes	69092202
5400	1896	3	4	1	2012	Bangalore	Fair	Yes	29162668
5401	2545	5	4	1	2010	Noida	Good	No	42304240
5402	3879	5	5	3	2026	Hyderabad	Good	No	54470997
5403	924	1	2	2	2016	Hyderabad	Fair	No	10849440
5404	1703	2	1	3	2017	Bangalore	Very Good	No	31962782
5405	1093	1	2	2	2015	Coimbatore	Good	Yes	10277537
5406	3074	4	5	4	2024	Coimbatore	Good	Yes	29289281
5407	4417	5	4	4	2010	Delhi	Excellent	No	100895552
5408	672	1	1	1	2024	Delhi	Excellent	No	17313863
5409	586	2	2	4	2015	Mysore	Good	No	6021309
5410	1334	2	3	3	2020	Jaipur	Poor	Yes	11042291
5411	3851	6	5	1	2002	Coimbatore	Excellent	No	39954306
5412	3515	5	5	2	1999	Mumbai	Very Good	Yes	82581717
5413	4578	6	5	1	2012	Mysore	Good	No	42030659
5414	3554	6	5	1	2010	Noida	Good	No	51577222
5415	1822	4	5	3	2017	Ahmedabad	Excellent	No	27269677
5416	1018	1	2	1	2003	Delhi	Fair	Yes	16998656
5417	2712	4	4	1	2021	Delhi	Good	No	56531918
5418	2001	3	4	2	2012	Chennai	Excellent	Yes	34073146
5419	1068	3	3	2	2007	Chennai	Very Good	No	16368082
5420	2961	4	4	1	2024	Delhi	Fair	Yes	57268755
5421	4384	6	5	2	2016	Noida	Fair	No	61265044
5422	4467	6	5	1	2012	Jaipur	Good	No	45749579
5423	2711	4	5	2	2001	Delhi	Very Good	Yes	47890104
5424	803	1	1	3	2015	Mysore	Poor	No	6030848
5425	3792	4	4	4	2013	Ahmedabad	Good	Yes	41551450
5426	3601	5	5	3	2016	Hyderabad	Very Good	Yes	52145770
5427	1001	1	1	3	2014	Mysore	Good	Yes	9549995
5428	3704	4	5	2	2019	Delhi	Excellent	Yes	86946961
5429	4889	6	5	1	2018	Coimbatore	Fair	No	40196753
5430	4780	6	5	4	2024	Chennai	Good	No	63102340
5431	3532	5	5	3	2013	Delhi	Excellent	Yes	83257050
5432	733	1	1	2	1998	Coimbatore	Fair	Yes	6091320
5433	4973	6	5	2	2020	Coimbatore	Good	Yes	48377072
5434	4187	6	5	3	2004	Mysore	Good	No	37343749
5435	4819	6	5	1	1999	Coimbatore	Good	Yes	40238463
5436	3714	5	5	3	2015	Mumbai	Fair	No	78992107
5437	3067	5	5	3	2015	Chennai	Good	Yes	39725709
5438	2859	4	4	3	2020	Pune	Good	No	46894996
5439	613	1	1	4	2015	Mumbai	Very Good	Yes	15810237
5440	4013	6	5	1	2009	Delhi	Good	Yes	71717433
5441	718	1	1	4	2013	Ahmedabad	Good	No	8124792
5442	1827	3	2	1	2026	Mumbai	Excellent	Yes	54363958
5443	4437	6	5	3	2023	Hyderabad	Poor	Yes	43253685
5444	4732	6	5	2	2008	Ahmedabad	Good	No	52845971
5445	2556	4	4	1	2005	Chennai	Good	Yes	34077342
5446	4570	6	5	1	2002	Mysore	Fair	Yes	33050728
5447	3557	5	4	2	2024	Kochi	Very Good	Yes	41644567
5448	1972	2	2	4	2025	Ahmedabad	Good	No	23768996
5449	4766	6	5	2	2018	Jaipur	Good	Yes	48974802
5450	2165	4	3	1	2006	Bangalore	Fair	No	32178823
5451	2520	4	4	2	2004	Bangalore	Very Good	No	45108221
5452	3534	6	5	3	2016	Hyderabad	Good	No	45063728
5453	4286	6	5	2	2018	Mumbai	Excellent	No	119497243
5454	1767	3	2	1	2017	Jaipur	Good	Yes	17682026
5455	2931	5	4	3	1998	Delhi	Very Good	No	53267039
5456	1344	2	2	2	2017	Hyderabad	Good	Yes	16021369
5457	4026	6	5	2	2007	Chennai	Good	Yes	50108471
5458	4732	6	5	3	2008	Hyderabad	Very Good	Yes	61589002
5459	3079	4	4	4	2026	Mumbai	Poor	Yes	64810723
5460	4895	6	5	2	2022	Coimbatore	Good	No	48778308
5461	1590	2	1	1	2001	Ahmedabad	Good	No	15800941
5462	4944	6	5	1	1998	Kochi	Excellent	Yes	54442047
5463	908	1	1	3	2006	Coimbatore	Very Good	Yes	9772037
5464	4952	6	5	2	2020	Coimbatore	Good	No	51268519
5465	3789	4	5	1	2003	Ahmedabad	Very Good	Yes	45162121
5466	1899	2	3	2	2014	Bangalore	Excellent	Yes	40613799
5467	1867	4	5	4	2008	Chennai	Very Good	Yes	26818870
5468	1829	3	2	1	2003	Bangalore	Very Good	No	32097059
5469	4316	6	5	4	2019	Chennai	Good	No	54746708
5470	832	1	1	3	2011	Pune	Fair	Yes	12350195
5471	2876	4	3	1	2018	Hyderabad	Fair	No	31976593
5472	4860	6	5	1	2001	Jaipur	Good	Yes	45549660
5473	1624	2	2	2	2022	Delhi	Good	No	34029795
5474	3463	5	5	3	2011	Pune	Excellent	Yes	62922562
5475	4032	6	5	2	2025	Jaipur	Good	Yes	40162138
5476	2358	2	1	1	2002	Mysore	Very Good	Yes	20349215
5477	3291	5	5	4	2012	Delhi	Fair	No	53615613
5478	3273	5	5	4	2007	Jaipur	Very Good	No	32173124
5479	3595	5	5	3	2013	Mumbai	Good	Yes	77173738
5480	3662	4	3	4	2013	Pune	Excellent	Yes	64982721
5481	2289	4	4	4	2009	Coimbatore	Poor	Yes	19460357
5482	2606	4	3	3	2013	Hyderabad	Fair	Yes	27418205
5483	2784	4	3	3	2022	Noida	Fair	No	39863534
5484	2910	4	3	4	2011	Mumbai	Very Good	Yes	67701359
5485	813	1	1	4	2009	Mumbai	Very Good	No	21021200
5486	4226	6	5	2	2008	Kochi	Good	No	43739745
5487	2092	3	3	3	2014	Mysore	Very Good	Yes	20289940
5488	3060	3	4	2	2017	Jaipur	Poor	Yes	26258087
5489	1959	2	3	3	2023	Jaipur	Good	No	18846087
5490	4824	6	5	1	2012	Bangalore	Good	Yes	76091827
5491	3811	4	4	2	2019	Coimbatore	Good	No	35082390
5492	1814	2	3	3	2021	Mysore	Good	Yes	16500032
5493	4273	6	5	3	2001	Mumbai	Good	No	84676928
5494	3603	5	5	4	2011	Jaipur	Very Good	Yes	40629704
5495	1027	1	1	2	2020	Jaipur	Very Good	Yes	11225891
5496	4712	6	5	3	2025	Noida	Very Good	Yes	91272813
5497	3452	5	5	1	2000	Mysore	Good	No	30523790
5498	2283	4	4	1	2008	Ahmedabad	Good	No	24397846
5499	1121	3	2	1	2004	Mysore	Fair	No	8420648
5500	2383	3	3	1	2010	Mumbai	Fair	Yes	49638488
5501	3990	6	5	2	2014	Mumbai	Excellent	No	106311212
5502	3189	5	5	3	2026	Mumbai	Very Good	Yes	93519273
5503	507	1	1	3	2023	Pune	Very Good	No	8913723
5504	4607	6	5	1	2017	Hyderabad	Very Good	No	62985546
5505	1245	2	1	1	2024	Kochi	Poor	Yes	10862515
5506	3657	6	5	2	2001	Jaipur	Very Good	No	34531058
5507	1429	2	1	4	2004	Chennai	Fair	No	15662637
5508	3996	6	5	4	2000	Kochi	Good	No	38947831
5509	2264	3	3	2	2025	Kochi	Excellent	Yes	31256526
5510	4861	6	5	4	2023	Mysore	Good	Yes	49278183
5511	3029	3	4	4	2020	Hyderabad	Very Good	Yes	43510521
5512	668	1	2	1	2018	Noida	Good	No	12067758
5513	3610	5	5	3	2015	Chennai	Poor	No	39812199
5514	1535	2	3	2	2012	Pune	Very Good	Yes	26594200
5515	2714	4	4	1	2010	Hyderabad	Fair	Yes	31398485
5516	4326	6	5	2	2016	Pune	Fair	No	55825248
5517	1399	3	2	3	2017	Mumbai	Good	No	35792263
5518	4524	6	5	1	2011	Jaipur	Good	Yes	40919834
5519	4852	6	5	4	2014	Ahmedabad	Fair	No	51076455
5520	657	1	1	2	1998	Mumbai	Excellent	Yes	17800547
5521	4164	6	5	2	2003	Hyderabad	Excellent	No	59192148
5522	2131	3	2	4	2001	Noida	Fair	Yes	30581153
5523	4726	6	5	1	2015	Ahmedabad	Good	Yes	47344388
5524	3641	5	5	3	2012	Chennai	Excellent	Yes	55232415
5525	2606	4	5	2	2017	Hyderabad	Very Good	Yes	35008022
5526	4248	5	5	3	2014	Coimbatore	Good	No	38925717
5527	3836	6	5	2	2022	Bangalore	Excellent	Yes	74296800
5528	3871	6	5	2	2023	Chennai	Very Good	Yes	60353157
5529	3582	6	5	2	2012	Jaipur	Very Good	No	35868867
5530	1398	1	2	4	2016	Bangalore	Good	Yes	25007316
5531	4528	6	5	2	2023	Coimbatore	Very Good	Yes	46000553
5532	2874	3	3	2	2014	Pune	Very Good	Yes	47232271
5533	3858	6	5	3	2014	Noida	Very Good	Yes	67116780
5534	1889	3	2	4	2021	Chennai	Excellent	No	33139562
5535	3674	5	5	3	2017	Hyderabad	Good	Yes	48634811
5536	4141	5	5	1	2007	Jaipur	Good	No	39252456
5537	3365	5	4	3	2014	Pune	Fair	Yes	45400182
5538	3408	6	5	1	1999	Kochi	Poor	No	26429594
5539	643	1	1	3	2015	Kochi	Good	No	6748629
5540	1279	2	1	3	2000	Delhi	Good	No	22270340
5541	739	1	1	2	2006	Mumbai	Good	Yes	16513216
5542	2020	3	3	4	2003	Pune	Good	No	28005098
5543	2475	5	5	4	2021	Mysore	Very Good	Yes	25889417
5544	2697	4	3	2	2020	Pune	Good	No	39030457
5545	1086	1	2	1	2010	Kochi	Excellent	No	12532201
5546	2450	5	5	1	2019	Delhi	Very Good	Yes	49158810
5547	4333	6	5	3	2001	Jaipur	Good	No	39544953
5548	4960	6	5	4	2002	Delhi	Good	Yes	88571070
5549	2124	3	3	1	2000	Mysore	Very Good	No	18002086
5550	3805	5	4	3	2006	Ahmedabad	Good	No	40196025
5551	4537	5	5	4	2018	Mumbai	Good	No	108356562
5552	4326	6	5	1	2009	Coimbatore	Very Good	Yes	46556256
5553	2523	4	3	1	2002	Hyderabad	Good	Yes	30272567
5554	3870	6	5	3	1998	Jaipur	Fair	Yes	32725708
5555	787	1	2	1	2001	Hyderabad	Very Good	Yes	10472471
5556	982	1	1	1	2024	Mysore	Good	No	8729359
5557	4246	6	5	3	2026	Chennai	Very Good	No	70900930
5558	2144	2	1	1	2002	Coimbatore	Fair	Yes	15910206
5559	968	1	1	4	2005	Kochi	Poor	Yes	8020697
5560	2039	3	3	1	2018	Mumbai	Good	No	44886398
5561	1677	1	1	3	1998	Delhi	Fair	Yes	25750351
5562	1064	2	1	4	2010	Mysore	Very Good	No	10380411
5563	1056	1	1	3	2009	Jaipur	Good	Yes	9933564
5564	1398	2	2	3	2018	Pune	Good	No	20316011
5565	532	1	2	3	2004	Noida	Excellent	No	10679394
5566	4376	6	5	2	2010	Bangalore	Very Good	No	76133745
5567	1522	2	1	4	2022	Jaipur	Poor	Yes	12303207
5568	3541	4	4	2	2023	Kochi	Poor	No	33549764
5569	4720	6	5	3	2006	Bangalore	Very Good	Yes	84354778
5570	1305	2	2	3	2010	Kochi	Poor	No	11101361
5571	4781	6	5	1	2002	Chennai	Good	Yes	55212257
5572	1582	2	3	3	2007	Delhi	Excellent	Yes	35130618
5573	3831	6	5	3	2014	Bangalore	Excellent	No	73208232
5574	4046	6	5	1	2026	Chennai	Good	No	54588071
5575	3160	5	4	2	2005	Bangalore	Good	Yes	46111172
5576	1856	3	3	4	2017	Jaipur	Excellent	No	23107913
5577	4225	5	5	3	2011	Pune	Excellent	Yes	72867247
5578	1973	3	4	2	2004	Ahmedabad	Excellent	No	24782671
5579	2557	4	4	1	2005	Noida	Good	Yes	37381375
5580	2370	3	3	2	2008	Mumbai	Excellent	Yes	65769504
5581	1319	1	1	4	2026	Jaipur	Excellent	No	17375894
5582	2131	2	1	2	2001	Mysore	Very Good	No	19155695
5583	1117	3	4	4	2010	Coimbatore	Poor	Yes	10136169
5584	4108	6	5	2	2005	Chennai	Good	No	49069277
5585	3892	6	5	1	2023	Chennai	Good	No	54404578
5586	4526	6	5	1	2006	Mysore	Very Good	Yes	42575076
5587	1789	3	3	1	2012	Hyderabad	Good	Yes	21238121
5588	3034	5	5	3	2000	Pune	Good	Yes	44235892
5589	3772	6	5	3	2010	Kochi	Very Good	No	39310057
5590	1215	2	2	4	2017	Mumbai	Excellent	No	37463053
5591	4706	6	5	1	2005	Mumbai	Good	No	102110343
5592	4421	6	5	4	2017	Pune	Very Good	No	80094234
5593	4609	6	5	2	2015	Noida	Poor	Yes	57882809
5594	2415	4	5	1	2016	Chennai	Excellent	Yes	38892536
5595	1779	3	3	4	2003	Delhi	Fair	Yes	28655770
5596	1820	4	4	4	2013	Ahmedabad	Good	No	19015531
5597	2381	3	3	2	2024	Coimbatore	Good	Yes	26088783
5598	1382	1	1	1	2004	Bangalore	Good	Yes	22888397
5599	4627	6	5	2	2009	Jaipur	Poor	Yes	34345108
5600	4819	6	5	4	2014	Noida	Poor	No	66533429
5601	711	2	3	4	1999	Ahmedabad	Very Good	Yes	9123818
5602	2987	3	3	1	2023	Mysore	Good	No	27725308
5603	3113	4	4	3	2006	Ahmedabad	Good	Yes	30678100
5604	4366	6	5	3	2020	Coimbatore	Good	No	39573476
5605	4356	6	5	3	2011	Ahmedabad	Very Good	Yes	48354270
5606	3750	5	5	3	2004	Hyderabad	Excellent	Yes	52245522
5607	4561	6	5	4	2026	Bangalore	Good	Yes	77077109
5608	1324	2	3	3	2009	Kochi	Very Good	Yes	14789673
5609	2517	4	5	3	2018	Coimbatore	Very Good	No	26116850
5610	3378	4	4	4	2007	Kochi	Good	Yes	31903858
5611	4288	5	4	2	2009	Noida	Very Good	No	68736324
5612	3626	5	5	1	2000	Bangalore	Good	No	50597304
5613	4232	5	4	4	2020	Bangalore	Fair	No	63191892
5614	3435	6	5	3	2020	Mysore	Good	Yes	32106765
5615	721	1	1	3	2019	Ahmedabad	Fair	Yes	8158072
5616	4508	6	5	2	2017	Mumbai	Excellent	No	135019705
5617	1789	2	3	3	2001	Kochi	Fair	No	15422216
5618	4745	6	5	2	2003	Ahmedabad	Good	Yes	45751766
5619	4978	6	5	2	2026	Mysore	Very Good	Yes	48150142
5620	1396	2	2	1	1999	Jaipur	Good	No	11900414
5621	957	2	2	2	2001	Noida	Good	Yes	14915164
5622	2851	4	4	1	2018	Pune	Good	No	41067432
5623	4974	6	5	4	2013	Chennai	Good	Yes	66625601
5624	553	1	1	4	2005	Bangalore	Good	Yes	9283410
5625	3028	4	3	3	2017	Mumbai	Very Good	Yes	80306224
5626	2984	3	3	4	2010	Chennai	Very Good	No	43706638
5627	1112	2	1	4	2025	Kochi	Good	Yes	12753201
5628	2095	4	3	1	2000	Ahmedabad	Good	Yes	22345030
5629	2761	4	4	2	2011	Hyderabad	Good	No	31715787
5630	513	1	1	4	2009	Bangalore	Poor	No	6910629
5631	2124	2	2	4	2018	Ahmedabad	Excellent	No	30457938
5632	989	1	1	2	2006	Hyderabad	Poor	Yes	9159720
5633	3631	5	5	1	2002	Chennai	Good	Yes	42671524
5634	3576	5	5	4	2014	Ahmedabad	Very Good	Yes	39953448
5635	1016	1	1	4	2002	Hyderabad	Excellent	Yes	14111484
5636	3792	6	5	1	2000	Kochi	Fair	No	35316970
5637	1377	1	1	4	2006	Ahmedabad	Excellent	Yes	17976329
5638	4103	6	5	1	2006	Kochi	Excellent	No	49406050
5639	4108	5	5	4	2012	Noida	Fair	Yes	60965437
5640	3518	5	4	3	1998	Bangalore	Poor	No	43065763
5641	1835	2	1	4	2016	Mumbai	Good	No	42025764
5642	4541	6	5	2	2004	Noida	Good	No	71525654
5643	4839	6	5	3	2025	Mumbai	Fair	Yes	108306898
5644	809	1	2	4	2001	Bangalore	Very Good	Yes	13897771
5645	1326	1	1	2	2022	Kochi	Excellent	Yes	17856709
5646	611	1	1	3	2022	Bangalore	Fair	Yes	9525956
5647	2362	3	4	1	2024	Noida	Very Good	Yes	44840143
5648	3210	5	5	2	2021	Bangalore	Good	Yes	55340649
5649	3484	4	5	4	2021	Mumbai	Good	Yes	83994309
5650	1763	2	3	3	2025	Mysore	Very Good	No	20126050
5651	4148	5	5	2	2025	Jaipur	Fair	No	41040520
5652	3879	6	5	3	2012	Noida	Good	No	65991121
5653	4363	6	5	4	2021	Noida	Fair	Yes	64561490
5654	545	1	1	4	2010	Pune	Good	No	8455727
5655	3417	4	4	3	2020	Noida	Very Good	Yes	65557935
5656	3207	5	4	1	2000	Coimbatore	Good	No	26360865
5657	3484	6	5	2	2021	Coimbatore	Good	Yes	37660606
5658	3724	5	5	3	2023	Noida	Good	No	59456439
5659	1123	2	2	4	1999	Mysore	Very Good	No	10261188
5660	1564	2	3	2	2013	Coimbatore	Very Good	Yes	16252490
5661	1974	4	5	4	2004	Jaipur	Very Good	Yes	20027814
5662	1690	2	3	2	2025	Mysore	Good	No	17464281
5663	2449	3	3	3	2022	Pune	Fair	Yes	34198333
5664	4359	6	5	4	2023	Mumbai	Very Good	Yes	120214498
5665	4057	6	5	2	2010	Ahmedabad	Good	Yes	40743518
5666	2583	5	5	1	2026	Delhi	Poor	Yes	44485232
5667	1440	1	2	4	2000	Ahmedabad	Good	Yes	14883238
5668	3610	4	5	1	1999	Jaipur	Very Good	No	33544962
5669	4638	6	5	2	2020	Chennai	Very Good	Yes	71597117
5670	1854	3	2	2	2007	Pune	Very Good	No	31319762
5671	3376	4	4	1	2019	Coimbatore	Fair	No	31266667
5672	2176	3	4	4	2002	Mysore	Poor	No	15687360
5673	2954	3	3	1	2015	Ahmedabad	Good	No	32780921
5674	3992	6	5	3	2009	Ahmedabad	Poor	No	32035892
5675	3668	5	5	2	2024	Kochi	Fair	No	39056010
5676	3958	5	4	4	2014	Bangalore	Very Good	No	75273395
5677	3217	4	4	2	2003	Kochi	Very Good	No	31669578
5678	2768	4	3	3	2015	Mysore	Fair	No	21870142
5679	4863	6	5	4	2006	Coimbatore	Poor	Yes	33408568
5680	3606	5	4	4	2023	Chennai	Very Good	Yes	55341004
5681	550	2	1	1	2025	Delhi	Good	No	10724289
5682	1880	2	1	3	2023	Delhi	Fair	No	31040247
5683	4073	6	5	4	2017	Hyderabad	Good	No	49296241
5684	4289	6	5	1	2001	Jaipur	Good	No	36219180
5685	629	1	1	3	2021	Ahmedabad	Very Good	No	8171492
5686	4154	6	5	4	2018	Ahmedabad	Good	No	44073927
5687	4011	5	4	2	1998	Hyderabad	Good	No	42743370
5688	4220	5	5	2	1998	Ahmedabad	Excellent	No	51629248
5689	4441	6	5	3	2001	Bangalore	Excellent	No	84258244
5690	3662	4	3	1	1999	Jaipur	Good	Yes	29564441
5691	4780	6	5	3	2022	Kochi	Good	Yes	52761546
5692	2687	5	5	4	2000	Pune	Fair	No	32222933
5693	2576	4	4	2	2011	Mumbai	Excellent	Yes	71925067
5694	4898	6	5	3	2020	Ahmedabad	Good	No	50618390
5695	1417	2	2	3	2013	Hyderabad	Good	Yes	17710222
5696	3016	5	4	4	2023	Kochi	Fair	No	32177077
5697	4162	5	5	1	2002	Hyderabad	Excellent	No	56426471
5698	1725	2	2	3	2017	Kochi	Very Good	No	20377953
5699	1335	2	3	4	2008	Mysore	Poor	No	10845153
5700	2670	4	5	3	2007	Delhi	Good	No	49607872
5701	3085	4	4	1	2006	Delhi	Very Good	No	60539370
5702	4495	5	5	4	2023	Ahmedabad	Good	No	47842360
5703	3722	5	5	3	2014	Mysore	Good	Yes	35471477
5704	3225	4	4	4	2016	Pune	Very Good	Yes	51762667
5705	1049	1	1	4	2014	Coimbatore	Poor	Yes	8707536
5706	1822	4	4	3	2006	Chennai	Good	No	25611848
5707	2655	4	5	1	2015	Coimbatore	Fair	Yes	25015691
5708	3802	5	5	3	2020	Mysore	Very Good	Yes	40124413
5709	1696	2	2	4	1998	Mysore	Very Good	Yes	16184452
5710	3242	5	5	4	2004	Pune	Very Good	No	47924230
5711	4206	6	5	3	2002	Pune	Excellent	No	66353691
5712	3618	5	5	3	2023	Pune	Very Good	Yes	62890745
5713	3392	5	5	1	2001	Chennai	Very Good	No	43113160
5714	4869	6	5	1	2021	Noida	Good	No	81485546
5715	1423	2	2	2	2001	Kochi	Good	No	12886734
5716	1489	2	3	4	1998	Coimbatore	Very Good	No	14445215
5717	3615	5	5	2	2005	Hyderabad	Very Good	No	47122863
5718	4296	6	5	3	2025	Jaipur	Good	No	44969876
5719	1266	2	3	3	1999	Pune	Very Good	Yes	20900492
5720	4981	6	5	3	1999	Mysore	Excellent	Yes	46426126
5721	2244	3	3	2	2005	Noida	Good	Yes	36730602
5722	3310	4	4	3	2019	Mumbai	Good	Yes	80469704
5723	1224	3	3	4	2003	Mumbai	Good	Yes	26809556
5724	963	1	1	2	2010	Kochi	Excellent	Yes	12987190
5725	2557	5	4	3	2024	Chennai	Good	Yes	38576661
5726	529	1	1	3	2000	Pune	Fair	No	7388971
5727	2104	4	5	2	2020	Noida	Fair	No	34400222
5728	3836	5	5	1	2025	Chennai	Good	Yes	54703932
5729	792	2	2	2	2002	Mumbai	Good	Yes	19088349
5730	4792	6	5	4	2015	Hyderabad	Good	No	58333228
5731	650	1	1	3	2009	Mysore	Very Good	No	6816118
5732	1404	2	1	1	2008	Pune	Good	Yes	21770416
5733	2897	4	4	4	2009	Mysore	Poor	No	21854251
5734	1900	2	1	2	2013	Delhi	Very Good	No	40041348
5735	534	1	1	2	2009	Hyderabad	Good	No	6661703
5736	1825	2	2	3	2015	Coimbatore	Fair	Yes	15571180
5737	3206	5	5	2	2004	Pune	Excellent	Yes	54270732
5738	4773	6	5	2	2017	Ahmedabad	Good	No	55124122
5739	4405	6	5	3	2024	Mysore	Very Good	Yes	46178014
5740	2749	3	3	4	2025	Mumbai	Good	No	64441752
5741	4191	6	5	2	2013	Kochi	Good	No	44638150
5742	2848	3	4	2	2017	Hyderabad	Very Good	Yes	36159621
5743	1039	1	1	3	2020	Pune	Very Good	Yes	18554451
5744	3020	5	5	2	2005	Bangalore	Excellent	No	53218042
5745	3219	4	3	4	2023	Noida	Excellent	Yes	68404468
5746	4691	6	5	1	2009	Jaipur	Good	No	41796390
5747	3852	6	5	1	2023	Jaipur	Very Good	No	42332433
5748	2028	3	2	2	2009	Mumbai	Excellent	Yes	59279925
5749	4676	6	5	2	2026	Chennai	Good	Yes	64187895
5750	2514	4	5	4	1999	Kochi	Good	Yes	26749123
5751	4243	6	5	1	2014	Delhi	Good	Yes	84662186
5752	4826	6	5	3	2023	Bangalore	Very Good	No	98036380
5753	869	1	1	3	2004	Delhi	Good	Yes	15569597
5754	1396	3	4	4	2017	Mumbai	Good	No	36311912
5755	3201	6	5	1	2023	Kochi	Fair	No	32171598
5756	3900	6	5	4	2006	Delhi	Excellent	Yes	91510320
5757	4669	6	5	2	2020	Bangalore	Good	Yes	81927287
5758	4991	6	5	3	2011	Coimbatore	Fair	Yes	43469057
5759	2429	3	3	3	2025	Pune	Fair	Yes	35262910
5760	3167	4	5	1	2002	Coimbatore	Poor	Yes	21931705
5761	4214	6	5	2	2024	Pune	Good	Yes	62408761
5762	2708	4	3	2	2003	Pune	Very Good	No	39079433
5763	2532	5	5	4	2019	Pune	Good	No	42641042
5764	4651	6	5	3	2006	Hyderabad	Very Good	No	55051969
5765	713	1	1	2	2011	Kochi	Very Good	Yes	8672544
5766	936	2	2	1	2012	Pune	Very Good	Yes	15307931
5767	1402	2	2	4	2008	Chennai	Good	Yes	17646031
5768	4353	6	5	2	2011	Delhi	Good	Yes	78248581
5769	2985	3	3	3	2014	Mysore	Fair	Yes	23590798
5770	3948	5	5	1	2016	Chennai	Very Good	Yes	54938102
5771	2704	4	4	3	2016	Hyderabad	Fair	No	31157919
5772	2622	5	5	1	2017	Mumbai	Good	No	57493318
5773	1085	1	1	4	2010	Pune	Fair	Yes	15442569
5774	3305	6	5	2	2012	Pune	Very Good	Yes	56649417
5775	4463	6	5	3	2007	Hyderabad	Good	Yes	55466788
5776	2269	2	1	1	2025	Jaipur	Very Good	No	24285093
5777	4631	6	5	3	2012	Ahmedabad	Very Good	Yes	51365435
5778	515	1	1	4	2013	Coimbatore	Very Good	No	5833168
5779	3184	4	4	1	2018	Kochi	Very Good	Yes	37685639
5780	1008	1	1	4	2020	Kochi	Good	Yes	10593833
5781	1107	2	2	4	2001	Jaipur	Very Good	Yes	11159210
5782	2760	5	5	3	2013	Mysore	Good	No	26031934
5783	2340	3	3	2	2024	Ahmedabad	Excellent	Yes	31484869
5784	1964	3	3	1	2019	Hyderabad	Excellent	No	32058718
5785	4236	5	4	4	2015	Mysore	Excellent	Yes	47962636
5786	1273	3	3	1	2007	Chennai	Good	No	15770034
5787	3531	6	5	1	2004	Coimbatore	Good	No	32385788
5788	3184	5	4	1	2003	Mumbai	Good	Yes	71601878
5789	4070	5	5	1	2003	Hyderabad	Very Good	Yes	52491121
5790	4944	6	5	2	2019	Mumbai	Good	Yes	114938640
5791	4255	5	5	2	2024	Delhi	Fair	No	76903790
5792	2944	5	5	2	2022	Noida	Poor	Yes	39968587
5793	563	1	1	4	2012	Coimbatore	Good	No	5556293
5794	3922	5	5	3	2003	Hyderabad	Excellent	Yes	51134877
5795	2271	3	4	4	2022	Noida	Fair	Yes	33512052
5796	4854	6	5	2	2013	Hyderabad	Good	Yes	61745468
5797	2515	5	5	4	2001	Ahmedabad	Good	No	25535622
5798	2133	4	4	4	2025	Pune	Very Good	Yes	41385534
5799	1954	2	2	3	1998	Delhi	Excellent	No	37256087
5800	4290	6	5	1	2019	Noida	Excellent	Yes	91854078
5801	1912	4	5	2	1998	Kochi	Good	No	19126226
5802	4629	6	5	2	2009	Bangalore	Fair	Yes	66663886
5803	519	1	1	4	2005	Mysore	Very Good	No	5753268
5804	3635	5	5	1	2015	Kochi	Very Good	No	38390419
5805	4527	6	5	3	2007	Bangalore	Very Good	No	75521921
5806	4319	5	4	2	2010	Bangalore	Fair	No	61470116
5807	2655	4	4	3	2005	Jaipur	Excellent	Yes	32018241
5808	808	2	2	1	2002	Mumbai	Good	Yes	16835260
5809	2915	4	5	1	2017	Chennai	Excellent	No	47063606
5810	3472	5	4	1	2010	Kochi	Good	No	32543847
5811	4790	6	5	3	2008	Mysore	Good	Yes	39363503
5812	2196	3	3	3	2016	Ahmedabad	Good	Yes	25016324
5813	3743	5	5	1	2017	Ahmedabad	Poor	No	35909678
5814	643	2	1	1	2005	Bangalore	Very Good	No	11157023
5815	1553	2	2	3	2013	Kochi	Fair	Yes	14930491
5816	563	1	1	3	2019	Delhi	Excellent	Yes	14025313
5817	1547	2	3	4	2004	Mumbai	Good	Yes	33270914
5818	2455	5	5	2	1998	Mumbai	Good	Yes	50325850
5819	4431	5	5	3	2021	Mysore	Good	No	42373651
5820	2862	5	5	2	2000	Jaipur	Very Good	Yes	26817732
5821	4986	6	5	1	2015	Hyderabad	Very Good	Yes	68633294
5822	2180	2	2	2	2003	Ahmedabad	Very Good	Yes	24120540
5823	4291	6	5	4	2020	Jaipur	Fair	No	40888323
5824	606	1	2	2	2002	Ahmedabad	Good	No	6915373
5825	2043	3	4	2	2000	Delhi	Excellent	Yes	45906990
5826	2580	5	5	4	2005	Noida	Very Good	Yes	45636888
5827	2169	3	3	3	2000	Mumbai	Fair	No	42435021
5828	4883	6	5	2	2012	Pune	Good	No	73437382
5829	3747	5	5	3	2018	Coimbatore	Fair	No	34158795
5830	4565	6	5	4	2012	Bangalore	Excellent	Yes	91055995
5831	2234	3	3	4	2020	Mumbai	Very Good	No	58369061
5832	531	2	2	1	2019	Kochi	Very Good	Yes	7666008
5833	3445	5	5	4	2017	Coimbatore	Fair	Yes	32947407
5834	616	1	1	1	2019	Coimbatore	Good	No	6342788
5835	2771	3	4	1	2004	Jaipur	Poor	No	19335479
5836	2779	4	4	2	2012	Hyderabad	Good	No	34323192
5837	809	1	1	4	2009	Hyderabad	Excellent	No	11679137
5838	4713	6	5	2	2007	Bangalore	Excellent	Yes	96328771
5839	2721	5	5	3	2025	Mumbai	Excellent	Yes	81611709
5840	3151	4	5	3	2006	Mysore	Good	No	27368160
5841	4685	6	5	4	2008	Kochi	Good	Yes	46405132
5842	4164	5	5	1	2003	Noida	Very Good	No	70171951
5843	2926	5	5	2	2018	Ahmedabad	Excellent	No	42178478
5844	2313	4	4	3	2022	Kochi	Good	No	27301996
5845	4888	6	5	4	2025	Bangalore	Fair	Yes	76507844
5846	1400	3	2	1	2013	Hyderabad	Very Good	Yes	18510390
5847	2320	3	3	3	2006	Hyderabad	Fair	Yes	24288732
5848	861	1	1	4	2004	Chennai	Good	Yes	12147815
5849	1705	1	2	1	2019	Mysore	Good	No	15012378
5850	2681	5	4	2	2018	Kochi	Excellent	Yes	37989265
5851	3408	5	5	4	2012	Kochi	Good	No	37164268
5852	1635	1	1	4	2021	Hyderabad	Very Good	Yes	24350908
5853	4320	6	5	1	2023	Mysore	Good	Yes	41332830
5854	2307	2	1	2	2026	Mysore	Very Good	No	22316523
5855	4680	6	5	4	2026	Delhi	Fair	Yes	83075335
5856	4583	6	5	4	2018	Hyderabad	Poor	No	49061926
5857	681	2	1	3	2023	Pune	Very Good	Yes	13535887
5858	1280	2	2	4	2012	Coimbatore	Good	No	12321334
5859	4049	6	5	4	1999	Chennai	Very Good	No	49279982
5860	3043	3	3	3	2022	Kochi	Fair	Yes	28605488
5861	646	1	1	3	2007	Ahmedabad	Poor	Yes	5920876
5862	2524	5	5	3	2016	Delhi	Poor	No	36856909
5863	4744	6	5	1	2019	Hyderabad	Good	No	56621812
5864	3095	4	4	2	2016	Ahmedabad	Very Good	No	37623900
5865	3757	6	5	2	2006	Chennai	Fair	No	44957085
5866	3537	5	5	1	1998	Chennai	Very Good	No	42570680
5867	4666	6	5	3	2001	Mumbai	Poor	Yes	79416278
5868	3814	4	4	4	2025	Delhi	Fair	No	67218394
5869	2455	4	4	4	2014	Pune	Good	No	34572403
5870	4781	6	5	2	2016	Mysore	Excellent	No	49647002
5871	2273	3	3	4	2025	Mysore	Excellent	No	27789055
5872	3298	4	4	2	1999	Jaipur	Excellent	No	33473449
5873	2674	4	4	2	2011	Mumbai	Poor	Yes	49370556
5874	2275	3	4	4	2006	Jaipur	Very Good	No	24456288
5875	1596	1	2	1	2004	Mumbai	Good	Yes	37041590
5876	2107	2	1	2	2024	Bangalore	Fair	No	33506656
5877	1636	2	1	4	2026	Hyderabad	Fair	Yes	20746489
5878	2610	3	3	1	2022	Kochi	Good	No	29338783
5879	4243	6	5	4	2016	Noida	Poor	No	51791634
5880	4859	6	5	1	2020	Mumbai	Very Good	No	134414104
5881	3859	6	5	3	2025	Bangalore	Good	No	70465200
5882	2514	4	4	1	2026	Pune	Good	Yes	41985423
5883	1234	3	4	2	2017	Bangalore	Very Good	No	24804971
5884	2145	3	3	3	2016	Mysore	Good	No	20209477
5885	4344	6	5	2	2024	Jaipur	Very Good	No	51373972
5886	1553	2	3	2	2002	Noida	Good	No	23730221
5887	4926	6	5	4	2004	Hyderabad	Excellent	Yes	73321192
5888	3169	5	4	4	2011	Kochi	Poor	No	26765229
5889	1372	2	3	1	2011	Noida	Good	Yes	23529998
5890	4332	6	5	3	2000	Kochi	Excellent	No	49967610
5891	3285	5	5	2	2004	Hyderabad	Excellent	Yes	42845572
5892	4779	6	5	2	1999	Coimbatore	Fair	Yes	36261344
5893	2736	5	4	1	2012	Kochi	Good	Yes	30301062
5894	1019	1	1	3	2012	Noida	Very Good	Yes	18334837
5895	2332	3	2	1	2023	Delhi	Fair	Yes	41587111
5896	1974	3	3	4	2024	Hyderabad	Very Good	Yes	29188963
5897	768	2	3	4	2000	Ahmedabad	Very Good	Yes	9419381
5898	4558	6	5	4	2026	Pune	Good	No	71527795
5899	3330	6	5	4	2002	Pune	Excellent	Yes	54437373
5900	4613	6	5	1	2012	Noida	Good	No	66645395
5901	4230	5	4	1	2026	Coimbatore	Fair	No	36717372
5902	1229	2	1	3	2000	Jaipur	Good	Yes	11070620
5903	1323	2	2	1	2001	Mysore	Very Good	No	11370503
5904	4431	6	5	4	2002	Delhi	Excellent	No	87275710
5905	2328	2	3	1	2012	Hyderabad	Fair	No	26818780
5906	3653	5	4	1	2008	Coimbatore	Very Good	No	33706628
5907	2190	4	5	4	2007	Hyderabad	Good	Yes	27560282
5908	3093	3	3	4	2012	Chennai	Very Good	Yes	41590271
5909	2833	4	4	1	2015	Ahmedabad	Good	Yes	31704135
5910	1442	2	2	1	2004	Mumbai	Good	No	31609730
5911	2705	4	3	2	2024	Kochi	Good	Yes	29365650
5912	4293	6	5	4	2024	Noida	Good	Yes	71969423
5913	2110	2	1	1	2005	Jaipur	Good	Yes	20094464
5914	4851	6	5	4	2005	Mumbai	Good	No	108589442
5915	4633	6	5	2	2025	Chennai	Good	No	69531066
5916	4407	6	5	2	2021	Jaipur	Good	Yes	46138788
5917	2920	4	4	3	1998	Bangalore	Fair	No	42293680
5918	4194	6	5	3	2013	Delhi	Good	Yes	75045846
5919	3791	5	5	4	2009	Kochi	Good	Yes	40867609
5920	2321	3	3	1	2025	Hyderabad	Fair	No	25467570
5921	3226	4	4	4	2000	Bangalore	Excellent	Yes	63552679
5922	2453	5	5	3	2001	Jaipur	Very Good	Yes	23835835
5923	729	1	1	4	2004	Ahmedabad	Excellent	No	8838968
5924	3776	4	4	2	2000	Pune	Good	Yes	54097798
5925	4611	6	5	1	2008	Hyderabad	Fair	No	50527822
5926	3652	4	3	1	2006	Bangalore	Excellent	No	68087944
5927	1458	1	2	2	2005	Bangalore	Very Good	No	26536447
5928	4221	6	5	2	2017	Mysore	Good	No	36195481
5929	2659	4	3	4	2000	Coimbatore	Good	No	23969305
5930	992	1	1	3	2001	Chennai	Fair	Yes	10504415
5931	3197	4	3	1	2002	Chennai	Very Good	Yes	44754351
5932	1146	1	2	3	2021	Ahmedabad	Very Good	No	15017730
5933	996	1	2	4	2008	Bangalore	Very Good	Yes	17289921
5934	3280	6	5	1	2016	Mumbai	Good	No	81657707
5935	1771	4	4	3	2025	Hyderabad	Good	No	23078337
5936	4040	6	5	4	2024	Kochi	Excellent	Yes	50961978
5937	2961	5	4	1	2006	Chennai	Very Good	Yes	43872388
5938	651	1	1	1	2003	Coimbatore	Good	No	6237439
5939	4628	6	5	4	2020	Mysore	Good	Yes	44091853
5940	4318	6	5	2	2026	Noida	Fair	No	69497618
5941	953	1	1	4	2012	Bangalore	Very Good	No	18408415
5942	2870	4	4	1	2016	Pune	Good	Yes	43233562
5943	1296	2	1	4	2020	Pune	Excellent	Yes	25648775
5944	2791	5	4	3	2011	Noida	Good	Yes	41753430
5945	1214	2	3	1	2026	Noida	Very Good	Yes	24435610
5946	4624	6	5	2	2015	Kochi	Fair	No	45339303
5947	2547	4	4	1	2026	Mumbai	Fair	No	57550047
5948	2042	4	5	1	2007	Mumbai	Very Good	No	47311673
5949	4215	6	5	1	2018	Mumbai	Fair	No	85356963
5950	3573	6	5	4	2020	Hyderabad	Good	Yes	43670654
5951	1729	3	2	3	2013	Hyderabad	Excellent	Yes	25298300
5952	2564	3	3	1	2016	Chennai	Good	No	35604412
5953	2059	2	1	1	2006	Mysore	Excellent	No	21925570
5954	1576	1	1	1	2000	Mumbai	Very Good	Yes	35119971
5955	3708	4	3	1	2022	Jaipur	Fair	No	31800039
5956	1356	1	2	2	2006	Ahmedabad	Fair	Yes	12498316
5957	1057	2	1	3	2010	Pune	Very Good	No	17171703
5958	762	2	1	2	2019	Chennai	Poor	Yes	8489681
5959	3260	5	5	4	2017	Delhi	Very Good	Yes	68358872
5960	3884	5	5	1	2021	Hyderabad	Fair	No	46962239
5961	4372	6	5	2	2025	Jaipur	Very Good	Yes	51132879
5962	2897	3	4	3	2004	Delhi	Good	Yes	48348822
5963	539	1	1	1	2011	Jaipur	Good	Yes	6000008
5964	4899	6	5	2	2012	Coimbatore	Very Good	Yes	49567311
5965	1581	2	2	4	2023	Delhi	Very Good	Yes	33578841
5966	764	1	2	3	2017	Kochi	Very Good	Yes	10376263
5967	708	1	1	1	2006	Hyderabad	Very Good	Yes	9703822
5968	4226	6	5	3	2008	Jaipur	Good	No	40510974
5969	4863	6	5	4	2003	Noida	Good	Yes	75136477
5970	4727	6	5	1	2025	Jaipur	Good	Yes	50862312
5971	3164	6	5	2	1999	Chennai	Very Good	No	38820851
5972	752	1	2	3	2010	Kochi	Excellent	Yes	10004040
5973	2649	4	3	1	2024	Mumbai	Very Good	No	67337216
5974	554	1	1	4	2004	Noida	Fair	No	8601149
5975	1178	2	2	4	2024	Delhi	Good	Yes	26314047
5976	2933	5	5	3	2001	Mysore	Fair	No	22644838
5977	1476	2	1	2	2017	Noida	Fair	No	20997912
5978	2116	4	3	3	2015	Chennai	Good	No	28780097
5979	4336	6	5	4	2000	Bangalore	Excellent	Yes	77527671
5980	2374	3	3	2	2017	Pune	Very Good	No	38487804
5981	4155	6	5	4	2003	Mysore	Fair	No	32353154
5982	3361	5	5	3	1998	Bangalore	Excellent	Yes	62703149
5983	1898	2	2	4	2009	Pune	Good	No	25610424
5984	4189	5	5	2	2009	Bangalore	Excellent	No	78073617
5985	1929	4	5	1	2024	Noida	Good	Yes	35836779
5986	3214	5	5	1	2022	Coimbatore	Good	No	30900602
5987	2508	4	4	1	2011	Mumbai	Fair	No	49998894
5988	3184	5	5	2	2014	Mumbai	Good	No	69230814
5989	4146	6	5	1	2018	Chennai	Good	No	53421376
5990	3732	4	3	4	2001	Mumbai	Good	Yes	82900537
5991	2384	3	4	2	2018	Delhi	Very Good	No	53834323
5992	4650	6	5	4	2004	Mumbai	Good	No	98329081
5993	868	2	3	3	2010	Bangalore	Good	Yes	16039148
5994	4400	5	5	4	2015	Jaipur	Very Good	No	49750893
5995	691	1	1	1	2020	Chennai	Fair	Yes	8712523
5996	692	2	1	2	2008	Pune	Good	No	10421667
5997	1374	1	1	4	2014	Hyderabad	Excellent	No	21768367
5998	4370	6	5	3	2011	Delhi	Good	No	81375676
5999	1427	2	3	2	2008	Mysore	Very Good	No	14062569
6000	4547	6	5	3	2026	Chennai	Very Good	Yes	71042185
6001	943	1	1	3	2019	Kochi	Very Good	Yes	12440293
6002	3791	6	5	4	2010	Coimbatore	Good	No	35239500
6003	3555	5	4	1	2014	Coimbatore	Good	No	32482745
6004	1755	4	3	2	2004	Chennai	Very Good	Yes	26300771
6005	3311	5	4	2	2013	Pune	Excellent	No	59300119
6006	4787	6	5	2	2012	Noida	Good	No	77927203
6007	849	1	1	4	2003	Hyderabad	Good	No	9673306
6008	3196	5	4	3	2009	Chennai	Good	No	43259133
6009	2584	5	5	3	2020	Jaipur	Good	Yes	29015718
6010	1725	3	2	2	2009	Chennai	Very Good	Yes	25011985
6011	3568	6	5	3	1998	Mumbai	Good	Yes	73298529
6012	2098	3	3	4	2003	Jaipur	Good	No	18901515
6013	4463	6	5	1	2025	Jaipur	Good	No	42958707
6014	1095	2	2	1	2003	Hyderabad	Excellent	No	15231254
6015	3139	4	4	3	2017	Mumbai	Good	No	74705481
6016	3333	6	5	2	2011	Ahmedabad	Good	Yes	38161734
6017	3322	6	5	3	2001	Jaipur	Excellent	Yes	37573629
6018	3875	6	5	2	2004	Hyderabad	Very Good	Yes	48898578
6019	3935	5	5	1	2026	Noida	Good	No	65558278
6020	1348	2	2	4	2011	Mumbai	Good	Yes	33068205
6021	4456	6	5	1	2013	Jaipur	Good	No	39773320
6022	581	1	1	3	2010	Jaipur	Excellent	Yes	6973833
6023	1834	3	2	3	1998	Mysore	Good	Yes	16181981
6024	4675	6	5	4	2020	Noida	Excellent	Yes	96945375
6025	2249	3	4	4	2011	Pune	Good	Yes	32718421
6026	1567	1	1	2	2019	Ahmedabad	Very Good	No	17329593
6027	4899	6	5	2	2000	Ahmedabad	Good	Yes	45593968
6028	4918	6	5	1	2013	Coimbatore	Good	Yes	47355679
6029	2932	4	5	3	2016	Kochi	Fair	No	26711842
6030	4737	6	5	3	2004	Hyderabad	Good	No	55389601
6031	4442	5	5	3	2017	Chennai	Very Good	No	65842463
6032	4727	6	5	1	2009	Delhi	Very Good	No	94890306
6033	1200	3	2	4	2003	Delhi	Good	No	21679472
6034	2168	3	3	3	2009	Noida	Excellent	No	37796774
6035	3353	5	5	4	2016	Chennai	Good	No	43603737
6036	1580	2	3	3	2012	Noida	Excellent	Yes	31878483
6037	2813	4	5	4	1999	Delhi	Excellent	No	59656375
6038	4827	6	5	3	2013	Kochi	Good	Yes	51210405
6039	2874	3	2	2	2011	Noida	Very Good	Yes	52756460
6040	4424	6	5	1	2026	Chennai	Very Good	Yes	73076723
6041	3826	4	4	4	2003	Jaipur	Good	No	33693831
6042	2739	5	5	4	2015	Bangalore	Good	Yes	47458972
6043	2066	4	3	1	1999	Bangalore	Very Good	No	34937203
6044	1825	4	5	2	2018	Noida	Good	Yes	31381118
6045	1682	1	1	2	2002	Delhi	Very Good	Yes	30539659
6046	2841	4	4	3	2017	Coimbatore	Poor	Yes	24143084
6047	4398	6	5	4	2005	Kochi	Very Good	No	47162801
6048	3899	6	5	4	2011	Noida	Very Good	No	66899997
6049	609	1	1	3	2025	Chennai	Very Good	No	9921331
6050	3886	5	5	4	2010	Mysore	Very Good	No	39792284
6051	2784	3	2	2	2022	Noida	Good	Yes	46803814
6052	2498	4	3	3	2018	Jaipur	Good	No	25944683
6053	4392	5	5	2	2010	Jaipur	Fair	Yes	37909153
6054	3927	5	4	1	2003	Kochi	Good	No	35902666
6055	1588	3	4	3	2025	Mysore	Good	No	14964713
6056	765	2	1	2	2022	Mysore	Fair	No	6430404
6057	3755	6	5	2	2001	Coimbatore	Very Good	No	34741999
6058	3762	4	3	3	1998	Noida	Excellent	No	66787316
6059	2473	3	3	3	2010	Kochi	Excellent	No	30056904
6060	3124	4	4	1	2020	Ahmedabad	Very Good	No	38564903
6061	4397	6	5	1	2018	Jaipur	Poor	No	33556214
6062	4775	6	5	4	2005	Coimbatore	Excellent	No	49257097
6063	4767	6	5	2	2014	Delhi	Good	No	93332916
6064	1539	1	1	1	2013	Pune	Poor	Yes	18141088
6065	4622	6	5	2	2003	Mumbai	Fair	No	89988537
6066	1433	2	3	1	2024	Mumbai	Good	Yes	35055995
6067	4276	6	5	2	2014	Chennai	Poor	No	45804549
6068	3919	6	5	4	2003	Mumbai	Excellent	Yes	100862898
6069	2728	5	5	4	2025	Jaipur	Good	Yes	31436918
6070	1779	4	4	3	2026	Mumbai	Excellent	No	51273106
6071	3287	5	4	4	2009	Ahmedabad	Good	Yes	33207853
6072	2382	2	2	2	1998	Ahmedabad	Fair	Yes	19648684
6073	3446	5	5	3	2013	Coimbatore	Excellent	No	41342457
6074	573	1	1	3	2014	Noida	Poor	Yes	8204205
6075	712	1	2	2	2004	Noida	Good	No	10387619
6076	3926	6	5	2	2012	Hyderabad	Good	Yes	49087079
6077	2221	2	3	3	2016	Noida	Very Good	Yes	41898679
6078	3380	4	3	4	2008	Bangalore	Poor	Yes	46354648
6079	2588	3	2	1	2026	Ahmedabad	Good	No	29528584
6080	707	1	2	2	2006	Chennai	Good	No	9643440
6081	4784	6	5	3	2025	Bangalore	Good	Yes	89838666
6082	545	2	1	3	2010	Pune	Good	No	8592259
6083	1189	2	2	1	2003	Jaipur	Good	No	11349690
6084	2417	2	3	4	2023	Ahmedabad	Good	Yes	26770419
6085	3936	6	5	1	2024	Kochi	Good	Yes	45948510
6086	3300	6	5	3	2019	Ahmedabad	Good	No	36604441
6087	2205	2	1	2	2000	Mysore	Good	Yes	18391486
6088	3254	5	5	2	2015	Jaipur	Good	No	29647658
6089	3059	4	4	1	2014	Delhi	Good	No	59290966
6090	1875	3	2	1	2026	Mumbai	Very Good	Yes	50555063
6091	4293	6	5	4	1999	Ahmedabad	Poor	Yes	32840594
6092	3682	6	5	1	2013	Kochi	Good	No	37076337
6093	2217	2	3	3	2000	Mysore	Excellent	No	22937708
6094	2188	4	4	4	2017	Ahmedabad	Good	No	23924788
6095	2447	3	3	2	2021	Coimbatore	Very Good	Yes	26995607
6096	4561	6	5	2	2016	Ahmedabad	Good	No	45939445
6097	1463	1	2	4	2006	Kochi	Good	Yes	14540799
6098	4594	6	5	2	1999	Mumbai	Very Good	No	104874330
6099	2938	3	3	4	2022	Pune	Poor	No	34707791
6100	3802	5	5	1	2024	Delhi	Good	No	72251599
6101	4318	6	5	3	2025	Chennai	Very Good	Yes	62280723
6102	4961	6	5	2	2018	Jaipur	Fair	Yes	45339345
6103	4853	6	5	4	1999	Chennai	Good	Yes	59008467
6104	761	2	1	2	2026	Kochi	Poor	No	6844596
6105	2829	4	5	4	2011	Jaipur	Fair	Yes	23515138
6106	1033	1	1	2	2006	Kochi	Fair	No	9198084
6107	3505	5	5	4	1999	Kochi	Excellent	No	37660373
6108	1681	2	2	3	2003	Ahmedabad	Good	Yes	16522886
6109	4281	6	5	2	2010	Mysore	Very Good	Yes	43213829
6110	733	1	1	4	2023	Delhi	Fair	Yes	13448171
6111	1128	3	3	4	2024	Bangalore	Good	Yes	21334597
6112	2841	4	4	4	2014	Chennai	Good	Yes	35740708
6113	800	1	1	3	2001	Hyderabad	Poor	No	8060124
6114	1239	3	2	4	2005	Noida	Good	No	19688380
6115	1812	2	1	1	2006	Delhi	Very Good	No	37649958
6116	4898	6	5	4	1999	Chennai	Good	No	62002308
6117	3361	5	4	4	2025	Ahmedabad	Fair	No	36178561
6118	3347	6	5	4	2003	Delhi	Fair	Yes	50578270
6119	3588	5	5	2	2011	Bangalore	Very Good	Yes	62174622
6120	1817	4	4	3	2024	Mumbai	Very Good	Yes	53265157
6121	3177	5	4	2	2001	Coimbatore	Excellent	No	31884303
6122	2368	3	2	3	2023	Chennai	Excellent	No	40456285
6123	3567	4	4	2	1999	Delhi	Good	Yes	58948732
6124	2419	2	3	2	2000	Delhi	Very Good	Yes	48796471
6125	3237	5	5	3	2004	Coimbatore	Fair	No	26080349
6126	1328	1	1	1	2006	Jaipur	Excellent	Yes	15737935
6127	3897	5	5	4	2016	Noida	Good	Yes	60344485
6128	579	1	1	1	2023	Mumbai	Excellent	Yes	16303033
6129	4693	6	5	2	2006	Chennai	Excellent	Yes	67462475
6130	1340	2	2	2	2026	Coimbatore	Very Good	No	14508939
6131	3819	6	5	4	2007	Mumbai	Poor	Yes	66218025
6132	779	1	1	1	2026	Noida	Fair	No	13044218
6133	4258	5	5	4	2022	Kochi	Very Good	Yes	47039630
6134	1706	3	2	4	1999	Noida	Very Good	Yes	25853481
6135	1308	2	2	4	2011	Bangalore	Poor	Yes	17233357
6136	1512	2	3	1	2008	Jaipur	Good	No	13457150
6137	827	1	1	2	2011	Noida	Very Good	Yes	13661198
6138	3601	5	5	4	2016	Mysore	Good	No	32559490
6139	4595	6	5	3	2024	Chennai	Fair	No	55500847
6140	3792	4	4	3	2011	Ahmedabad	Good	No	40181345
6141	3708	5	4	2	2021	Jaipur	Fair	No	35534841
6142	3190	6	5	3	2006	Coimbatore	Good	No	31270092
6143	4122	6	5	2	2023	Jaipur	Fair	No	36206145
6144	1069	3	3	3	2025	Bangalore	Good	Yes	19000050
6145	2664	4	3	4	2019	Jaipur	Good	No	25000768
6146	1708	2	1	4	1999	Chennai	Very Good	No	24059661
6147	2241	4	4	2	2000	Noida	Fair	No	29642471
6148	1357	1	1	3	2001	Bangalore	Very Good	No	22401279
6149	1201	1	2	4	2012	Bangalore	Very Good	Yes	23741887
6150	2121	3	3	2	2021	Coimbatore	Poor	No	17218514
6151	922	1	1	1	2003	Mumbai	Very Good	Yes	21542685
6152	4494	6	5	1	1998	Delhi	Fair	Yes	68605053
6153	3689	6	5	1	2003	Hyderabad	Very Good	No	49671902
6154	1422	3	3	1	2006	Ahmedabad	Good	Yes	15237051
6155	3726	6	5	1	2018	Mumbai	Good	No	85498391
6156	2768	3	4	4	2026	Mumbai	Poor	Yes	51246916
6157	3166	5	5	3	2012	Noida	Fair	Yes	48998394
6158	4389	6	5	1	2000	Pune	Good	Yes	64770124
6159	3357	6	5	3	2003	Jaipur	Excellent	Yes	40407436
6160	4597	6	5	4	2000	Kochi	Very Good	Yes	49021049
6161	3206	6	5	1	2010	Kochi	Very Good	Yes	37333085
6162	4613	6	5	3	2016	Kochi	Very Good	Yes	54008376
6163	4732	6	5	1	2015	Mumbai	Good	Yes	102951754
6164	3414	5	5	4	2017	Jaipur	Fair	Yes	32446666
6165	1681	1	1	1	2025	Pune	Very Good	Yes	31666736
6166	2622	3	4	3	2008	Chennai	Very Good	No	34915772
6167	3438	6	5	3	2024	Ahmedabad	Very Good	Yes	47425173
6168	1571	2	3	1	2021	Jaipur	Good	Yes	16924670
6169	4665	6	5	2	2004	Jaipur	Good	Yes	39767362
6170	2662	4	5	4	2021	Delhi	Fair	Yes	45387250
6171	4102	6	5	2	2022	Coimbatore	Excellent	No	46044537
6172	2932	4	5	2	2001	Mysore	Very Good	No	28925541
6173	4513	5	4	3	2009	Jaipur	Very Good	Yes	45327385
6174	3928	6	5	1	1998	Hyderabad	Good	No	44819357
6175	874	2	1	3	2016	Kochi	Fair	Yes	9570417
6176	3313	5	5	1	2023	Ahmedabad	Very Good	Yes	44070439
6177	4483	6	5	1	2001	Noida	Fair	No	59550654
6178	1901	3	2	1	2013	Delhi	Good	No	33183370
6179	4599	6	5	3	2024	Noida	Good	Yes	72159812
6180	2540	5	5	4	1999	Kochi	Good	Yes	25052031
6181	4808	6	5	4	2007	Mumbai	Very Good	Yes	114974509
6182	1002	1	2	1	2006	Bangalore	Fair	Yes	13473142
6183	4905	6	5	2	2025	Kochi	Good	No	55102322
6184	1281	1	1	3	2009	Ahmedabad	Good	No	13378572
6185	2356	4	5	1	2007	Kochi	Fair	No	21515975
6186	2492	3	3	1	2019	Jaipur	Good	Yes	25655516
6187	740	2	3	4	2021	Noida	Very Good	Yes	14820210
6188	3525	5	5	1	1998	Coimbatore	Fair	Yes	27966596
6189	1001	1	1	4	2022	Chennai	Fair	No	12575407
6190	2019	2	1	1	2006	Coimbatore	Good	Yes	17623786
6191	1447	2	1	1	2009	Noida	Poor	No	18405368
6192	3512	6	5	4	2023	Kochi	Very Good	No	42404830
6193	1160	2	3	4	2012	Chennai	Excellent	Yes	20588811
6194	938	1	1	1	2008	Jaipur	Good	Yes	9655360
6195	2389	4	4	4	2020	Mumbai	Fair	Yes	49501837
6196	3910	6	5	3	2003	Mumbai	Good	Yes	79201697
6197	3562	4	4	3	2010	Coimbatore	Good	No	33223771
6198	1813	4	4	4	2015	Kochi	Fair	Yes	17270752
6199	1091	2	1	1	2006	Mysore	Good	Yes	10512673
6200	949	2	2	4	2013	Noida	Very Good	No	17929903
6201	4289	5	4	4	2022	Pune	Very Good	No	77679032
6202	1641	3	2	1	1999	Noida	Very Good	Yes	27011391
6203	2903	5	4	2	2026	Hyderabad	Good	Yes	35991215
6204	4601	6	5	2	2016	Mumbai	Good	No	103464800
6205	1163	2	2	3	2022	Delhi	Poor	No	18469520
6206	3544	5	5	1	2024	Chennai	Good	No	48686161
6207	4989	6	5	4	2007	Chennai	Good	Yes	66714968
6208	944	2	3	3	2002	Kochi	Excellent	No	12290727
6209	3355	5	5	1	2015	Ahmedabad	Good	No	35688532
6210	1952	3	3	2	2025	Bangalore	Fair	Yes	30485911
6211	1474	3	3	2	2020	Noida	Very Good	Yes	29483843
6212	2664	5	5	3	2016	Mysore	Good	No	23505774
6213	3325	5	5	2	2007	Chennai	Good	Yes	39217527
6214	1341	3	4	1	2016	Chennai	Fair	No	18028673
6215	3857	6	5	3	2026	Mysore	Good	No	39569779
6216	4169	6	5	3	2019	Mumbai	Fair	No	88431408
6217	4768	6	5	3	2021	Mysore	Excellent	Yes	50303730
6218	4082	6	5	2	2009	Mumbai	Good	No	87635764
6219	684	1	1	3	2015	Bangalore	Good	Yes	12072246
6220	3472	6	5	2	2003	Chennai	Good	No	43113701
6221	4529	5	5	3	2017	Pune	Good	No	72021122
6222	3787	5	5	3	2020	Coimbatore	Poor	No	30699532
6223	806	1	2	1	2009	Kochi	Good	No	8485224
6224	1688	3	2	3	2012	Bangalore	Good	No	29922673
6225	3375	4	4	2	2022	Jaipur	Good	Yes	35856495
6226	823	1	1	2	2009	Mumbai	Good	Yes	19599603
6227	730	1	1	1	2021	Jaipur	Excellent	Yes	9613050
6228	590	1	1	2	2019	Hyderabad	Excellent	No	9111184
6229	1018	2	2	2	2002	Hyderabad	Fair	No	11646288
6230	776	1	1	2	2016	Bangalore	Fair	Yes	12258906
6231	565	1	1	2	2004	Coimbatore	Very Good	Yes	6415665
6232	753	1	1	1	2012	Hyderabad	Poor	Yes	8156551
6233	2132	3	3	3	2012	Mumbai	Good	No	50705226
6234	2572	4	4	2	2023	Mysore	Good	No	23052018
6235	1297	2	2	3	1999	Bangalore	Good	No	20611109
6236	752	1	1	2	2017	Mysore	Very Good	Yes	7548486
6237	3218	6	5	4	1998	Bangalore	Good	No	49852750
6238	607	1	2	3	1999	Bangalore	Fair	No	8768565
6239	3437	6	5	3	2001	Chennai	Good	Yes	41498099
6240	2625	4	4	2	1998	Jaipur	Good	No	22624047
6241	2260	3	3	1	2024	Pune	Fair	No	33914578
6242	2942	4	5	2	2026	Delhi	Good	Yes	60637881
6243	3918	6	5	4	2026	Jaipur	Fair	No	34987553
6244	3761	4	5	3	2025	Jaipur	Poor	No	30925588
6245	5000	6	5	3	2013	Mumbai	Good	No	121436839
6246	3196	5	5	2	2006	Delhi	Fair	Yes	55389965
6247	3009	4	3	1	2000	Ahmedabad	Fair	No	28940669
6248	731	1	2	2	2015	Kochi	Very Good	Yes	9166241
6249	1206	2	2	1	2010	Ahmedabad	Very Good	Yes	15128044
6250	4707	6	5	2	2001	Coimbatore	Good	Yes	40885335
6251	3984	6	5	4	2010	Chennai	Good	Yes	49090970
6252	1727	3	3	3	1999	Hyderabad	Fair	Yes	18756118
6253	1234	3	2	3	2017	Mysore	Good	No	11046715
6254	4474	5	5	2	2018	Coimbatore	Good	No	40169380
6255	1150	1	1	4	2008	Kochi	Good	Yes	11935034
6256	1680	3	3	3	2000	Pune	Good	No	23695346
6257	3852	6	5	2	2010	Ahmedabad	Poor	Yes	34674778
6258	840	2	3	2	2009	Chennai	Fair	Yes	10965721
6259	3073	3	2	1	1999	Jaipur	Fair	Yes	26070002
6260	1488	2	2	4	2015	Chennai	Good	Yes	21090073
6261	1348	3	2	4	2008	Mysore	Fair	No	11186285
6262	2918	4	4	2	2000	Bangalore	Good	Yes	41408726
6263	3151	5	5	1	2007	Coimbatore	Good	No	27376498
6264	3986	6	5	4	2014	Noida	Poor	Yes	53562872
6265	624	1	2	3	2019	Jaipur	Very Good	No	7637660
6266	2939	5	5	4	2019	Mumbai	Excellent	No	81430918
6267	1799	4	3	1	2004	Coimbatore	Good	Yes	16465610
6268	2686	4	5	2	1998	Hyderabad	Good	Yes	32498979
6269	1364	2	2	3	2021	Coimbatore	Good	No	14234441
6270	3652	5	5	3	2022	Delhi	Good	Yes	71983530
6271	1939	3	4	1	2019	Noida	Excellent	No	40343192
6272	2170	4	4	3	2022	Jaipur	Very Good	Yes	27055978
6273	3371	5	5	2	2010	Pune	Very Good	Yes	55339916
6274	4791	6	5	2	2024	Jaipur	Fair	No	46597013
6275	4569	6	5	3	2015	Mysore	Excellent	No	50511673
6276	2727	4	4	3	2008	Chennai	Good	Yes	35178510
6277	3390	6	5	1	2008	Jaipur	Fair	No	31233923
6278	3037	5	5	2	2008	Ahmedabad	Very Good	Yes	34884513
6279	2287	4	4	2	2006	Ahmedabad	Very Good	No	24785753
6280	3056	4	5	3	2017	Bangalore	Good	Yes	54425876
6281	3997	5	4	3	2015	Delhi	Good	Yes	73631884
6282	2548	4	3	3	2024	Mumbai	Good	Yes	61037623
6283	524	2	3	4	2003	Noida	Very Good	No	9286483
6284	3897	5	4	2	2016	Coimbatore	Good	Yes	39807371
6285	1207	3	4	1	1998	Coimbatore	Excellent	Yes	12819336
6286	3853	5	5	4	2005	Chennai	Fair	Yes	47150721
6287	2583	5	5	4	2017	Delhi	Excellent	No	62542253
6288	2496	4	5	3	2009	Ahmedabad	Fair	Yes	25511052
6289	1537	3	3	2	2012	Pune	Good	No	21489288
6290	3278	6	5	2	2024	Chennai	Very Good	Yes	49865176
6291	4121	6	5	1	2017	Chennai	Good	Yes	56493353
6292	4017	6	5	3	2014	Hyderabad	Good	No	46539888
6293	4167	5	5	2	2003	Hyderabad	Fair	No	43232696
6294	1649	2	3	2	2019	Jaipur	Good	Yes	16102913
6295	668	1	1	1	2025	Ahmedabad	Good	Yes	8086453
6296	3083	4	5	3	2015	Chennai	Good	Yes	42299360
6297	3583	5	5	1	2005	Jaipur	Poor	No	24992572
6298	4021	6	5	2	2006	Mysore	Very Good	No	38376425
6299	4123	6	5	4	2004	Ahmedabad	Excellent	Yes	50093340
6300	3965	6	5	4	2007	Jaipur	Good	Yes	39954126
6301	2145	3	2	1	2012	Hyderabad	Very Good	No	30201501
6302	1295	2	1	1	2007	Kochi	Good	No	12523895
6303	635	1	1	2	2015	Pune	Good	Yes	10915674
6304	4915	6	5	1	2016	Noida	Good	No	79518682
6305	2127	3	2	4	2002	Mumbai	Excellent	No	58800128
6306	4310	6	5	3	2017	Pune	Poor	No	57115654
6307	3018	5	5	1	2019	Jaipur	Good	Yes	32504545
6308	715	2	3	4	2004	Ahmedabad	Very Good	No	8873958
6309	1299	2	2	1	2012	Mumbai	Good	Yes	31141859
6310	4176	6	5	2	2026	Delhi	Excellent	Yes	110238147
6311	4326	6	5	1	2017	Pune	Good	No	65532429
6312	631	1	1	1	2026	Delhi	Very Good	No	14676222
6313	4955	6	5	2	2006	Bangalore	Good	Yes	79611962
6314	4291	5	5	2	2025	Delhi	Fair	Yes	73277731
6315	3402	5	5	3	1998	Noida	Very Good	Yes	52681941
6316	3553	5	5	2	2013	Ahmedabad	Good	Yes	40263244
6317	2386	2	3	4	2023	Mysore	Very Good	Yes	26090812
6318	4356	6	5	1	2025	Mysore	Good	Yes	39769248
6319	4034	6	5	1	2015	Mysore	Fair	Yes	32387458
6320	1461	1	1	1	2018	Kochi	Very Good	No	17832273
6321	3917	6	5	2	2000	Mysore	Poor	No	26564700
6322	2752	3	2	1	2015	Kochi	Good	Yes	29590844
6323	1003	1	2	4	2015	Chennai	Very Good	Yes	14417560
6324	1865	4	4	3	2022	Mumbai	Very Good	Yes	52520125
6325	1114	2	1	1	2018	Noida	Excellent	No	22818156
6326	4278	5	5	4	2007	Ahmedabad	Good	No	44284528
6327	2804	3	3	2	2004	Ahmedabad	Good	No	26961229
6328	1607	1	2	1	2005	Noida	Good	No	22785188
6329	2288	2	2	3	2008	Coimbatore	Good	Yes	22013259
6330	1062	3	2	1	2010	Kochi	Very Good	Yes	12353012
6331	914	1	1	2	2012	Chennai	Good	Yes	12627192
6332	4130	6	5	4	2018	Kochi	Good	Yes	45066533
6333	2709	4	5	3	2011	Noida	Good	Yes	46378937
6334	2524	4	5	4	2003	Mumbai	Fair	No	51653397
6335	2338	2	3	3	2003	Bangalore	Very Good	Yes	36915189
6336	4815	6	5	3	2016	Ahmedabad	Good	No	54788697
6337	597	1	2	4	2026	Mumbai	Fair	No	15001847
6338	3182	5	4	4	2017	Pune	Good	Yes	49615713
6339	4012	6	5	3	2015	Jaipur	Poor	No	29991346
6340	1712	1	1	3	2017	Pune	Very Good	Yes	26983224
6341	902	2	1	2	2011	Ahmedabad	Fair	No	8563959
6342	3254	4	5	2	1998	Bangalore	Very Good	No	53024438
6343	4065	6	5	2	2019	Kochi	Very Good	Yes	47419398
6344	1655	2	2	4	2014	Chennai	Poor	No	17322299
6345	3837	5	5	1	2014	Mysore	Very Good	Yes	38866386
6346	1579	2	2	4	2019	Kochi	Good	Yes	17324396
6347	4566	6	5	3	2010	Ahmedabad	Very Good	No	55457231
6348	851	1	1	2	2019	Pune	Good	No	13908420
6349	782	1	1	1	2013	Mysore	Very Good	No	7363112
6350	2791	5	5	4	2024	Mumbai	Good	No	73340007
6351	2648	3	3	3	2000	Coimbatore	Fair	Yes	21353585
6352	4593	6	5	3	2017	Hyderabad	Fair	No	53688072
6353	1927	2	3	1	2026	Coimbatore	Excellent	No	22971244
6354	3059	5	5	1	2002	Ahmedabad	Very Good	No	33977325
6355	3602	6	5	3	2023	Bangalore	Good	No	61656480
6356	4849	6	5	1	2017	Coimbatore	Fair	Yes	41584225
6357	4797	6	5	3	1999	Ahmedabad	Very Good	Yes	50100297
6358	2470	5	4	2	2023	Jaipur	Good	No	27848518
6359	633	2	2	1	2015	Delhi	Very Good	No	13347287
6360	792	2	2	4	2018	Mysore	Very Good	No	9037350
6361	1736	2	2	3	2025	Delhi	Good	No	34296171
6362	4842	6	5	2	2026	Pune	Very Good	Yes	90538743
6363	2106	3	4	2	2002	Pune	Excellent	No	36254622
6364	1789	2	2	2	2003	Ahmedabad	Good	Yes	17637860
6365	3777	6	5	3	2013	Mumbai	Good	Yes	87847008
6366	3549	5	5	2	2009	Delhi	Good	No	68467488
6367	1115	2	1	3	2010	Noida	Very Good	Yes	20347784
6368	2049	2	2	4	2007	Coimbatore	Very Good	No	19908626
6369	2717	4	4	2	2016	Kochi	Fair	Yes	28545814
6370	1288	1	1	2	2019	Hyderabad	Good	No	16709787
6371	3695	4	4	4	2006	Ahmedabad	Very Good	Yes	43539916
6372	4655	6	5	1	1998	Ahmedabad	Fair	Yes	44062243
6373	4483	6	5	1	2011	Chennai	Good	Yes	54195286
6374	3491	6	5	4	2016	Delhi	Very Good	No	73697379
6375	4569	6	5	2	1999	Chennai	Excellent	No	64724809
6376	4258	6	5	1	2016	Pune	Very Good	Yes	70603713
6377	2371	3	3	2	2023	Delhi	Excellent	No	52764476
6378	1578	1	1	4	2000	Pune	Very Good	Yes	22306040
6379	2059	3	3	4	2002	Delhi	Very Good	No	37828574
6380	2656	5	5	1	2026	Delhi	Good	Yes	54430354
6381	2772	5	4	4	2025	Hyderabad	Excellent	No	47637222
6382	868	1	1	2	2005	Delhi	Very Good	No	15845366
6383	3932	6	5	2	2006	Delhi	Very Good	Yes	76363103
6384	1059	2	3	3	2017	Delhi	Good	No	20441069
6385	3756	5	4	4	2001	Mumbai	Good	Yes	85234575
6386	2459	5	5	3	2001	Delhi	Good	No	40038932
6387	2031	3	2	4	2000	Jaipur	Very Good	No	18945854
6388	2440	4	4	2	2003	Kochi	Very Good	Yes	28031418
6389	2044	4	5	2	1998	Mumbai	Very Good	Yes	47531449
6390	1861	2	2	4	2016	Ahmedabad	Poor	No	17671434
6391	1217	2	1	2	1999	Mumbai	Excellent	No	29676344
6392	4748	6	5	4	2004	Delhi	Very Good	No	96881244
6393	3697	6	5	3	2024	Kochi	Very Good	Yes	46508857
6394	4284	6	5	3	2001	Pune	Fair	Yes	52145133
6395	3442	6	5	1	2019	Hyderabad	Fair	No	36828500
6396	1848	3	4	4	2023	Bangalore	Good	Yes	34980342
6397	4652	6	5	4	2013	Pune	Fair	Yes	66810874
6398	1723	2	2	2	2025	Noida	Good	No	31036867
6399	3346	4	4	3	2005	Delhi	Excellent	No	70937582
6400	3094	4	4	3	2003	Pune	Poor	Yes	37179931
6401	3057	4	4	3	2023	Bangalore	Good	No	51833980
6402	3399	6	5	4	2020	Chennai	Good	Yes	50482828
6403	4440	6	5	1	2005	Pune	Very Good	Yes	66905458
6404	4230	6	5	1	2010	Chennai	Good	Yes	51874591
6405	1745	2	3	2	2017	Mysore	Very Good	Yes	18540285
6406	4434	6	5	3	2006	Mysore	Very Good	Yes	40293442
6407	1293	1	1	3	2023	Delhi	Good	Yes	23918786
6408	3954	6	5	2	2019	Bangalore	Excellent	Yes	76044926
6409	2577	4	3	3	2010	Ahmedabad	Very Good	No	29293721
6410	1534	2	3	4	2016	Delhi	Very Good	Yes	31869093
6411	2862	4	4	2	2000	Jaipur	Good	Yes	27647610
6412	4579	6	5	2	2001	Ahmedabad	Excellent	Yes	54126952
6413	1102	2	2	3	1999	Jaipur	Good	No	10434196
6414	716	1	2	4	2018	Kochi	Very Good	No	8417442
6415	2698	5	5	1	2013	Delhi	Very Good	No	52260520
6416	1534	3	2	2	2008	Ahmedabad	Fair	No	15020705
6417	920	1	2	4	2005	Noida	Good	No	13570375
6418	3011	4	4	2	2001	Ahmedabad	Good	No	28482571
6419	4016	6	5	2	2005	Noida	Good	Yes	62242181
6420	4807	6	5	2	2012	Chennai	Fair	Yes	54512411
6421	3182	5	5	1	2005	Ahmedabad	Good	Yes	35818466
6422	2178	3	4	4	1999	Pune	Fair	Yes	28754788
6423	3771	4	3	2	2001	Mumbai	Very Good	Yes	84176100
6424	4101	6	5	3	2019	Jaipur	Fair	Yes	40333644
6425	957	1	1	4	2022	Hyderabad	Very Good	Yes	14560617
6426	4595	6	5	1	2000	Ahmedabad	Good	No	47532259
6427	946	1	1	1	2013	Ahmedabad	Very Good	No	11177376
6428	941	2	2	3	2025	Hyderabad	Good	No	11922502
6429	1012	1	1	2	2025	Ahmedabad	Fair	No	9972669
6430	3895	5	4	2	2003	Kochi	Good	Yes	37583598
6431	4816	6	5	1	2000	Coimbatore	Excellent	No	47615103
6432	4485	6	5	3	2003	Coimbatore	Very Good	Yes	40277538
6433	3651	5	5	3	2009	Pune	Good	Yes	52840481
6434	2257	3	3	2	2013	Coimbatore	Excellent	No	23627788
6435	4352	5	4	4	2023	Coimbatore	Fair	Yes	41798711
6436	956	1	1	4	2026	Mysore	Good	Yes	9862811
6437	1065	3	3	3	2002	Kochi	Very Good	Yes	12953003
6438	4749	6	5	2	2018	Mysore	Very Good	No	43975310
6439	3807	5	5	2	2009	Chennai	Very Good	No	54202856
6440	1506	3	3	3	2004	Chennai	Good	Yes	18193983
6441	1206	2	2	1	2026	Bangalore	Good	Yes	22306872
6442	3329	5	5	4	2018	Noida	Good	Yes	58090011
6443	1239	1	1	4	2003	Jaipur	Good	Yes	11426989
6444	4679	6	5	1	2002	Pune	Good	Yes	67918897
6445	1069	3	3	1	2002	Chennai	Good	No	13124179
6446	1657	3	3	3	1999	Hyderabad	Excellent	No	21820907
6447	2473	5	5	2	2024	Coimbatore	Good	No	24303049
6448	3036	4	4	2	2024	Coimbatore	Very Good	Yes	31412901
6449	4060	6	5	1	2024	Chennai	Very Good	Yes	62654885
6450	2428	4	3	4	2017	Mysore	Good	Yes	22110882
6451	2615	4	4	1	2013	Kochi	Very Good	No	29886561
6452	2714	3	3	2	2017	Noida	Good	Yes	40732593
6453	2696	5	5	3	2021	Jaipur	Excellent	No	33150652
6454	3563	5	5	4	2018	Pune	Good	No	53136072
6455	2194	3	4	4	2021	Mumbai	Fair	No	44818856
6456	978	1	2	2	2021	Ahmedabad	Very Good	No	12368128
6457	4903	6	5	3	2014	Ahmedabad	Very Good	No	58617602
6458	2966	4	3	2	2004	Mysore	Very Good	Yes	27707468
6459	3031	4	3	1	2025	Coimbatore	Very Good	Yes	34271441
6460	3991	5	5	3	2022	Hyderabad	Good	No	51890669
6461	3349	5	5	3	2003	Noida	Very Good	No	57670121
6462	1365	1	1	3	2009	Hyderabad	Good	No	16305229
6463	4579	6	5	2	2014	Jaipur	Fair	Yes	41109913
6464	3914	6	5	2	2010	Kochi	Very Good	Yes	43937397
6465	3375	5	4	2	2011	Coimbatore	Very Good	Yes	34512923
6466	3729	5	5	4	2014	Jaipur	Excellent	No	46560103
6467	4167	6	5	4	2009	Kochi	Good	No	42172579
6468	1202	3	3	3	2019	Mumbai	Poor	Yes	22801493
6469	2271	2	2	3	2018	Bangalore	Very Good	No	42032257
6470	1796	2	3	3	2021	Kochi	Good	No	20881553
6471	580	2	2	3	2006	Mumbai	Very Good	Yes	14342969
6472	2202	2	3	3	2016	Pune	Good	Yes	34256005
6473	1159	3	3	1	2024	Coimbatore	Very Good	Yes	13396793
6474	4505	6	5	1	2022	Ahmedabad	Good	No	49385668
6475	790	2	1	2	2015	Mumbai	Good	No	19257504
6476	3162	6	5	3	2013	Noida	Excellent	Yes	61424266
6477	928	1	2	2	2012	Mumbai	Very Good	Yes	25299000
6478	4209	6	5	4	2018	Jaipur	Good	Yes	44296423
6479	4314	5	5	2	2021	Kochi	Good	No	49562000
6480	3411	5	5	3	2007	Hyderabad	Fair	No	35565752
6481	3483	5	5	1	2008	Noida	Good	Yes	58168147
6482	2210	2	2	2	2023	Pune	Excellent	No	39207592
6483	3943	6	5	2	1998	Chennai	Excellent	Yes	58986639
6484	4829	6	5	4	2012	Mysore	Excellent	No	49825389
6485	4264	6	5	2	2022	Delhi	Fair	No	77639993
6486	3704	4	3	1	1999	Pune	Poor	Yes	42303022
6487	2390	2	1	3	2017	Bangalore	Excellent	No	48392504
6488	863	1	1	3	2003	Pune	Fair	No	10682697
6489	1195	3	4	2	2005	Mysore	Good	Yes	11216215
6490	3959	6	5	3	2009	Noida	Good	No	64279278
6491	4493	6	5	4	2013	Coimbatore	Good	No	41106713
6492	3440	5	5	1	1998	Jaipur	Good	No	28541890
6493	3847	5	5	3	2004	Mumbai	Poor	No	61719491
6494	3859	6	5	4	2022	Mysore	Excellent	Yes	45435540
6495	2347	4	4	3	2013	Coimbatore	Very Good	No	23048379
6496	3909	6	5	2	2008	Coimbatore	Very Good	No	38942686
6497	2815	5	5	4	2011	Delhi	Very Good	No	59621114
6498	2610	4	5	4	2017	Noida	Good	Yes	45270421
6499	1694	2	1	4	2026	Delhi	Poor	No	29360067
6500	918	1	1	3	2000	Mumbai	Excellent	Yes	23511216
6501	555	2	2	2	2016	Delhi	Good	Yes	12327255
6502	705	1	1	1	2012	Mysore	Excellent	No	8228166
6503	971	1	1	2	2008	Pune	Good	Yes	14210086
6504	2352	3	4	4	1999	Chennai	Good	No	30489649
6505	1935	3	3	4	2005	Chennai	Very Good	No	25054164
6506	3272	6	5	4	2014	Pune	Good	Yes	50333248
6507	1808	3	3	4	2004	Noida	Good	Yes	26755875
6508	3398	5	5	2	2021	Jaipur	Excellent	No	41557117
6509	3349	4	4	4	2019	Jaipur	Fair	Yes	29520582
6510	2021	2	2	2	1998	Bangalore	Very Good	Yes	33336097
6511	4015	6	5	2	2012	Mumbai	Very Good	Yes	106174251
6512	2709	4	4	2	2009	Coimbatore	Excellent	Yes	31753703
6513	4341	6	5	3	2006	Ahmedabad	Good	Yes	42646148
6514	3162	4	5	1	2022	Hyderabad	Excellent	No	52281326
6515	3066	4	5	1	2006	Bangalore	Good	No	48251575
6516	4525	6	5	1	2010	Mumbai	Very Good	No	112614635
6517	4132	6	5	2	1999	Noida	Good	No	55146013
6518	900	1	1	4	2011	Kochi	Very Good	Yes	10761893
6519	1688	1	1	4	2014	Kochi	Excellent	Yes	19691210
6520	1754	3	3	1	2020	Mysore	Good	Yes	15872598
6521	2639	4	4	4	2020	Hyderabad	Very Good	No	39283589
6522	1456	2	2	3	2019	Ahmedabad	Good	No	15296060
6523	3212	5	5	1	2014	Kochi	Excellent	Yes	41315065
6524	4505	6	5	1	2006	Ahmedabad	Poor	No	38677575
6525	4471	6	5	2	2022	Coimbatore	Good	Yes	43711499
6526	3390	6	5	2	2001	Noida	Fair	Yes	45320471
6527	588	1	1	2	2023	Chennai	Fair	No	8101948
6528	3836	5	4	1	2025	Mumbai	Poor	Yes	70163158
6529	1303	2	1	1	2010	Coimbatore	Good	No	11172990
6530	3817	4	3	2	2004	Pune	Excellent	Yes	66753243
6531	1813	4	4	2	2024	Pune	Very Good	No	31340623
6532	2906	4	3	4	2007	Coimbatore	Poor	Yes	22324057
6533	1320	1	2	4	2020	Bangalore	Good	Yes	22406323
6534	4570	6	5	4	2020	Hyderabad	Good	Yes	58826487
6535	3692	5	5	1	2017	Mysore	Fair	No	29360245
6536	1736	3	3	1	2016	Mysore	Very Good	Yes	17670379
6537	1048	1	1	1	2025	Bangalore	Very Good	No	21518010
6538	2455	5	5	3	2000	Mumbai	Very Good	No	57322837
6539	4042	6	5	2	2013	Bangalore	Good	Yes	70282241
6540	2161	3	3	4	2013	Hyderabad	Fair	Yes	24919207
6541	3526	4	4	3	2025	Ahmedabad	Good	Yes	37877971
6542	2551	5	5	3	2014	Noida	Good	No	40377249
6543	681	1	1	3	2025	Pune	Good	No	11037828
6544	1231	2	2	3	2017	Ahmedabad	Good	Yes	14715754
6545	2395	3	3	3	1999	Bangalore	Very Good	Yes	42244808
6546	2245	3	3	2	1999	Bangalore	Good	No	32318182
6547	3610	5	4	4	2026	Hyderabad	Very Good	No	52252855
6548	3590	4	4	3	2012	Mumbai	Good	No	87464337
6549	2183	4	5	4	2001	Bangalore	Good	Yes	32097021
6550	3667	5	5	2	2011	Delhi	Fair	No	64098344
6551	1707	2	3	3	2025	Coimbatore	Good	No	16335694
6552	3715	5	5	4	2021	Pune	Poor	No	47163695
6553	3572	5	5	4	2007	Mysore	Good	No	30149004
6554	4014	6	5	1	1998	Noida	Very Good	No	58313194
6555	927	2	1	3	2022	Pune	Very Good	No	16142396
6556	1960	3	2	2	2017	Mumbai	Good	Yes	46371460
6557	1287	1	1	1	2019	Noida	Very Good	Yes	22601023
6558	2174	3	2	2	2025	Delhi	Fair	No	36367372
6559	1918	4	5	1	2008	Ahmedabad	Very Good	Yes	23422191
6560	3975	5	5	3	2025	Bangalore	Good	Yes	64491537
6561	1341	3	2	2	2011	Kochi	Good	Yes	15325311
6562	3032	5	4	2	2020	Ahmedabad	Good	No	33309553
6563	4150	6	5	2	2010	Noida	Very Good	Yes	65788920
6564	2936	5	4	2	2015	Coimbatore	Good	Yes	28807089
6565	2167	3	3	2	2001	Mumbai	Very Good	No	51980316
6566	3425	5	5	1	2008	Noida	Good	No	48865286
6567	4578	6	5	4	2020	Mumbai	Very Good	No	121900204
6568	4129	6	5	1	2012	Jaipur	Very Good	Yes	41696460
6569	4292	6	5	4	2026	Chennai	Excellent	No	76885295
6570	2628	4	3	4	2022	Pune	Excellent	Yes	53825823
6571	2277	4	3	1	2005	Delhi	Good	No	40112126
6572	651	1	1	4	1998	Hyderabad	Excellent	No	9173182
6573	1296	2	2	1	2003	Kochi	Poor	Yes	10034913
6574	2780	4	5	4	2012	Noida	Poor	No	37616488
6575	4711	6	5	1	2012	Mumbai	Excellent	Yes	137697865
6576	870	1	1	1	2024	Coimbatore	Good	Yes	8680333
6577	2238	3	3	1	2013	Hyderabad	Very Good	No	31553302
6578	2045	3	4	1	2024	Hyderabad	Very Good	Yes	32001620
6579	4728	6	5	4	2005	Ahmedabad	Very Good	Yes	51484028
6580	2145	3	3	2	1999	Coimbatore	Very Good	No	19657630
6581	2949	4	3	2	2007	Kochi	Very Good	No	31979425
6582	4394	6	5	3	2019	Hyderabad	Excellent	No	66255030
6583	3139	5	4	3	2006	Coimbatore	Good	Yes	28370057
6584	4751	6	5	3	1998	Mysore	Good	No	36915517
6585	3544	5	5	4	2017	Kochi	Good	Yes	37374664
6586	1644	2	2	4	2021	Jaipur	Good	Yes	15938010
6587	3068	4	4	1	2023	Pune	Very Good	Yes	49845704
6588	4695	6	5	1	2017	Bangalore	Good	Yes	77478722
6589	3480	6	5	1	2005	Hyderabad	Very Good	Yes	44996946
6590	1196	2	3	1	2014	Noida	Very Good	Yes	20882041
6591	1152	1	1	3	2010	Noida	Good	Yes	18633097
6592	4787	6	5	1	2009	Ahmedabad	Excellent	Yes	64582462
6593	3582	5	5	1	2007	Bangalore	Good	No	58483669
6594	1777	3	3	1	2013	Kochi	Good	Yes	17624939
6595	3909	6	5	2	2006	Pune	Very Good	Yes	63431895
6596	4755	6	5	1	2015	Kochi	Very Good	No	56929102
6597	4024	5	5	3	2013	Pune	Fair	No	50208854
6598	4188	6	5	2	1998	Kochi	Very Good	Yes	43411370
6599	3367	5	5	4	2022	Noida	Good	Yes	60048743
6600	1325	2	2	1	2022	Mysore	Very Good	No	13213392
6601	2314	3	4	3	2010	Ahmedabad	Fair	Yes	21890173
6602	649	1	1	2	2005	Bangalore	Excellent	Yes	11949210
6603	2707	5	5	4	2025	Coimbatore	Good	Yes	29215889
6604	3222	6	5	4	2003	Mysore	Good	No	30014099
6605	2505	4	4	3	2021	Coimbatore	Very Good	No	28376618
6606	551	2	2	2	2006	Jaipur	Very Good	No	6275057
6607	4509	6	5	2	2009	Hyderabad	Fair	Yes	49386742
6608	2480	4	4	4	1999	Mumbai	Very Good	No	61604862
6609	3488	5	5	4	2008	Mumbai	Good	No	76484757
6610	2868	5	5	4	2013	Ahmedabad	Good	No	32411089
6611	4275	6	5	3	2020	Ahmedabad	Poor	No	37656271
6612	4130	5	5	2	2016	Ahmedabad	Poor	Yes	38045660
6613	2865	5	5	2	2006	Delhi	Good	No	48741044
6614	4620	6	5	4	1998	Jaipur	Fair	Yes	39866245
6615	950	1	1	4	2008	Delhi	Good	No	18573899
6616	4494	6	5	3	2025	Coimbatore	Good	No	42785369
6617	2004	3	4	3	2001	Ahmedabad	Very Good	Yes	21563816
6618	3694	5	5	4	2021	Mumbai	Good	No	91423925
6619	1472	2	2	2	2023	Hyderabad	Excellent	No	23546209
6620	2984	4	4	2	2010	Noida	Good	No	44463240
6621	3626	5	5	3	1999	Jaipur	Good	No	34261265
6622	4145	6	5	4	1998	Mysore	Fair	Yes	29056587
6623	3438	4	4	3	2019	Chennai	Very Good	No	50564053
6624	1991	3	4	1	2006	Delhi	Excellent	No	42935609
6625	3794	5	5	3	1998	Coimbatore	Good	No	31701185
6626	4356	6	5	3	2013	Kochi	Very Good	Yes	53338257
6627	1821	4	3	2	2022	Ahmedabad	Excellent	Yes	26268080
6628	2446	3	3	3	2017	Hyderabad	Good	No	30491569
6629	3221	5	5	4	2012	Ahmedabad	Good	No	36384296
6630	3560	5	5	3	2017	Noida	Good	Yes	58138842
6631	1792	3	4	2	2008	Hyderabad	Very Good	No	24668164
6632	3034	4	5	1	2018	Pune	Very Good	No	49031890
6633	4859	6	5	4	2011	Kochi	Fair	Yes	46964279
6634	3019	5	4	2	2005	Bangalore	Excellent	Yes	54070911
6635	4168	6	5	1	2023	Ahmedabad	Fair	No	45109861
6636	1170	2	2	1	2001	Hyderabad	Very Good	Yes	15726533
6637	2027	3	3	2	2024	Chennai	Very Good	Yes	32356787
6638	1007	2	2	3	2011	Chennai	Very Good	Yes	14002720
6639	2867	4	5	4	2009	Jaipur	Good	Yes	27922334
6640	2304	3	3	2	2001	Mumbai	Very Good	No	54108632
6641	3250	5	4	4	2014	Delhi	Very Good	Yes	65467947
6642	1321	1	1	3	2018	Ahmedabad	Excellent	No	16387812
6643	2975	5	4	2	2013	Jaipur	Poor	Yes	24549022
6644	4861	6	5	4	1999	Bangalore	Excellent	Yes	93050952
6645	693	1	1	3	2019	Jaipur	Poor	Yes	6503601
6646	1289	2	1	3	2006	Coimbatore	Good	Yes	11645466
6647	4084	6	5	1	2004	Coimbatore	Good	Yes	36298718
6648	3933	6	5	1	2018	Bangalore	Very Good	No	71257755
6649	1991	4	4	2	2011	Jaipur	Fair	No	17794838
6650	2391	3	4	2	2022	Noida	Very Good	No	44346071
6651	2312	4	3	1	2019	Kochi	Fair	Yes	23122295
6652	3311	6	5	2	2003	Delhi	Poor	Yes	47644053
6653	4145	5	5	1	2004	Kochi	Very Good	No	42347638
6654	1397	1	1	3	2015	Kochi	Excellent	Yes	18602730
6655	1895	3	3	3	2019	Noida	Fair	No	28216484
6656	3283	6	5	4	2015	Bangalore	Good	Yes	57000752
6657	4600	6	5	3	2023	Chennai	Excellent	No	72415345
6658	3771	4	4	1	2002	Chennai	Good	No	45613834
6659	2875	5	5	2	2019	Bangalore	Good	Yes	48447380
6660	2866	4	3	1	2002	Bangalore	Good	No	42867081
6661	584	1	1	4	2009	Mysore	Excellent	No	7144357
6662	1527	3	3	2	2000	Mysore	Good	No	13036936
6663	4543	6	5	3	2005	Mumbai	Good	Yes	106243371
6664	4552	6	5	2	2025	Chennai	Fair	Yes	53966325
6665	845	2	2	4	2024	Noida	Good	No	14243550
6666	636	2	2	2	2002	Mysore	Good	No	6194459
6667	2386	3	3	4	2005	Jaipur	Excellent	Yes	26091222
6668	1934	3	4	1	2005	Jaipur	Good	No	16917181
6669	4489	6	5	3	2016	Mysore	Very Good	Yes	44017065
6670	3289	5	5	3	2019	Bangalore	Good	No	56037251
6671	1005	1	1	4	2009	Coimbatore	Good	Yes	10520140
6672	1084	2	2	1	2014	Ahmedabad	Very Good	No	12351701
6673	3401	4	4	2	2000	Mumbai	Fair	Yes	60815035
6674	1438	2	3	4	2011	Delhi	Very Good	No	29405265
6675	2703	5	5	1	2013	Hyderabad	Very Good	No	39012284
6676	2135	3	4	4	2020	Mysore	Good	Yes	20448105
6677	615	1	2	3	2005	Mysore	Fair	No	5417169
6678	808	1	2	4	2004	Bangalore	Good	Yes	14384919
6679	3400	6	5	3	2003	Delhi	Good	No	55222254
6680	500	2	2	4	2007	Noida	Good	No	8329720
6681	2297	3	2	2	2024	Pune	Good	Yes	38550075
6682	1530	3	3	4	2014	Chennai	Very Good	Yes	22345236
6683	1971	2	2	2	2010	Coimbatore	Good	No	17134276
6684	1122	2	2	4	2025	Jaipur	Fair	Yes	12265567
6685	2519	4	5	3	2024	Ahmedabad	Fair	No	26534497
6686	888	1	1	1	2023	Chennai	Good	Yes	13128052
6687	2629	3	2	1	2011	Chennai	Very Good	No	34117809
6688	1197	3	3	2	2017	Mumbai	Good	Yes	31221517
6689	1439	2	2	4	2018	Noida	Good	No	24456687
6690	3246	4	5	1	2023	Delhi	Good	No	63864014
6691	2621	4	4	1	2025	Hyderabad	Good	Yes	34083776
6692	3288	5	5	2	2010	Kochi	Good	Yes	36169730
6693	850	1	2	2	1999	Noida	Fair	No	12041424
6694	2368	3	3	4	2017	Coimbatore	Poor	Yes	18827624
6695	3575	4	3	3	2016	Kochi	Good	No	39410170
6696	2579	4	5	4	2011	Delhi	Fair	No	44168862
6697	1949	2	1	2	2024	Noida	Very Good	Yes	38757683
6698	4167	6	5	4	2006	Coimbatore	Good	No	35170515
6699	3892	6	5	1	2017	Jaipur	Fair	No	34601074
6700	1593	3	2	3	1998	Chennai	Good	No	19971878
6701	3279	6	5	4	2024	Mumbai	Very Good	No	93239510
6702	3724	4	5	3	2009	Bangalore	Excellent	Yes	66400244
6703	961	1	1	2	2011	Chennai	Good	No	13247395
6704	3774	4	4	3	2010	Chennai	Fair	No	42946293
6705	3654	5	4	4	2002	Bangalore	Good	No	58297925
6706	2883	4	5	3	2010	Kochi	Good	No	27518642
6707	1078	1	1	2	2013	Kochi	Good	No	11384854
6708	2080	2	1	2	2014	Delhi	Good	No	35541804
6709	906	1	1	2	2016	Mysore	Good	No	7918270
6710	745	1	1	1	2007	Mumbai	Good	No	15609570
6711	1135	2	1	2	2025	Coimbatore	Very Good	Yes	13573078
6712	2564	4	3	3	2017	Delhi	Good	No	48990360
6713	4511	6	5	1	2023	Jaipur	Good	No	45378887
6714	4352	5	5	1	2016	Kochi	Good	Yes	48193340
6715	1395	2	3	1	2022	Ahmedabad	Fair	Yes	14855170
6716	4965	6	5	2	2026	Delhi	Good	No	94623778
6717	2356	3	3	2	2026	Mumbai	Very Good	No	68549655
6718	3872	6	5	1	2000	Mysore	Good	Yes	33080792
6719	2825	3	3	3	2013	Kochi	Very Good	No	30149084
6720	857	1	2	1	1998	Ahmedabad	Poor	Yes	7219095
6721	2266	3	3	1	2011	Kochi	Good	No	23084703
6722	3373	5	5	2	2001	Delhi	Very Good	No	63557163
6723	3687	5	5	2	2026	Coimbatore	Good	Yes	38031780
6724	4684	6	5	3	2013	Mumbai	Good	No	98403725
6725	4641	6	5	3	2025	Chennai	Excellent	No	76185870
6726	4859	6	5	2	2000	Chennai	Fair	No	49613984
6727	4504	6	5	1	1998	Ahmedabad	Very Good	No	46994457
6728	938	2	2	3	2007	Kochi	Very Good	Yes	11117756
6729	1252	3	3	3	2014	Mumbai	Fair	Yes	28750340
6730	1390	1	1	1	2025	Bangalore	Excellent	Yes	28960836
6731	2471	4	5	1	1998	Ahmedabad	Very Good	No	25290283
6732	3415	5	4	3	2019	Bangalore	Very Good	Yes	62041559
6733	3789	4	4	2	2017	Delhi	Good	No	66881172
6734	980	1	2	1	2011	Coimbatore	Excellent	No	10625946
6735	3419	4	5	2	2018	Coimbatore	Very Good	No	37348625
6736	680	1	1	3	2016	Mumbai	Good	Yes	16770959
6737	3222	5	4	2	2008	Chennai	Good	No	38961442
6738	2413	2	2	2	2003	Delhi	Good	Yes	38788969
6739	1365	1	1	4	2011	Kochi	Very Good	Yes	15184528
6740	1693	2	2	2	2005	Coimbatore	Very Good	Yes	16243129
6741	1195	3	3	2	2013	Ahmedabad	Good	Yes	13394195
6742	3316	6	5	4	2004	Hyderabad	Very Good	No	42471516
6743	2045	2	3	2	2005	Noida	Excellent	No	39571205
6744	2366	4	4	2	2018	Mysore	Very Good	Yes	23491474
6745	1097	2	2	2	2006	Kochi	Good	No	10616721
6746	3754	6	5	3	1999	Mumbai	Excellent	Yes	101964106
6747	4289	6	5	1	2008	Chennai	Very Good	No	58876197
6748	4269	6	5	4	2016	Chennai	Fair	No	48993027
6749	4880	6	5	1	2015	Bangalore	Excellent	Yes	103372589
6750	4080	6	5	3	2019	Mumbai	Excellent	No	112425255
6751	3497	4	3	3	2023	Chennai	Excellent	Yes	56344104
6752	615	1	1	2	2018	Ahmedabad	Good	Yes	7873847
6753	1359	2	2	2	2016	Chennai	Good	No	16901277
6754	1112	2	2	3	1999	Kochi	Good	Yes	12148111
6755	2306	2	2	2	1998	Chennai	Fair	No	23970278
6756	2840	5	5	3	2020	Bangalore	Very Good	Yes	50242413
6757	3572	4	3	4	2014	Chennai	Very Good	Yes	48465866
6758	4195	6	5	2	2020	Chennai	Very Good	No	64274532
6759	1599	2	1	2	1999	Kochi	Very Good	No	16894616
6760	4615	6	5	2	2014	Ahmedabad	Very Good	Yes	57280353
6761	4671	6	5	2	2007	Bangalore	Very Good	Yes	77075179
6762	2875	3	2	2	2003	Mysore	Good	Yes	23786998
6763	1874	4	4	2	2014	Jaipur	Good	No	17963867
6764	2291	3	2	4	2009	Coimbatore	Excellent	No	23562532
6765	1174	2	3	1	1998	Mysore	Fair	No	9578077
6766	2106	3	4	4	2002	Delhi	Excellent	Yes	44192878
6767	1506	2	3	3	2018	Delhi	Good	Yes	28470013
6768	4744	6	5	4	2026	Coimbatore	Very Good	No	55804281
6769	1417	1	1	3	2017	Mumbai	Good	Yes	33978511
6770	3327	4	5	1	2009	Mysore	Fair	No	27829834
6771	2483	3	2	4	2008	Kochi	Very Good	Yes	27852967
6772	1630	3	4	2	2025	Kochi	Good	Yes	20066003
6773	2737	3	3	4	2022	Coimbatore	Good	No	25158023
6774	1207	1	1	4	2013	Coimbatore	Good	No	12174091
6775	762	1	1	2	2008	Mumbai	Poor	Yes	13369732
6776	1956	3	3	2	2011	Hyderabad	Very Good	No	27082535
6777	4401	6	5	1	2001	Coimbatore	Excellent	Yes	45771443
6778	1892	3	2	4	2005	Jaipur	Very Good	No	18491452
6779	1905	3	3	4	2022	Bangalore	Very Good	No	37515702
6780	1109	2	2	4	2005	Noida	Very Good	No	19479309
6781	1345	2	3	1	2010	Ahmedabad	Poor	No	12195385
6782	2660	4	4	4	2000	Chennai	Very Good	Yes	35328885
6783	1014	1	2	2	2024	Ahmedabad	Very Good	No	11962621
6784	3651	6	5	2	2007	Pune	Good	Yes	53555037
6785	590	2	1	3	2006	Pune	Fair	No	8873312
6786	1604	2	3	4	2004	Jaipur	Good	No	14107337
6787	1476	1	1	2	1999	Hyderabad	Very Good	No	16563549
6788	1739	2	1	1	2008	Delhi	Fair	No	29786365
6789	3454	5	5	3	2020	Mysore	Poor	No	28291693
6790	1155	3	2	3	2007	Coimbatore	Excellent	No	13617119
6791	4838	6	5	2	1998	Mumbai	Good	No	106167791
6792	4796	6	5	2	2004	Chennai	Excellent	No	67134318
6793	3041	4	4	1	2017	Coimbatore	Good	Yes	27324334
6794	3624	4	5	3	2012	Jaipur	Poor	No	27310383
6795	3494	6	5	3	2005	Bangalore	Good	No	54991233
6796	2798	5	5	2	2019	Hyderabad	Good	Yes	35466590
6797	2382	4	4	3	2011	Pune	Good	Yes	34026977
6798	4034	6	5	3	1998	Mumbai	Good	Yes	83065272
6799	1657	1	1	2	2011	Kochi	Good	No	16866383
6800	1638	2	1	1	1999	Bangalore	Fair	No	23152296
6801	1420	2	2	2	1999	Chennai	Good	Yes	17108075
6802	1278	3	3	2	1998	Hyderabad	Fair	Yes	12903322
6803	3426	4	4	4	2026	Delhi	Good	No	71042307
6804	2693	5	5	4	2014	Pune	Good	No	39176833
6805	4342	6	5	3	2004	Chennai	Fair	No	48458103
6806	3936	6	5	3	2002	Bangalore	Excellent	Yes	75377157
6807	2911	4	5	3	2005	Mumbai	Good	No	61073747
6808	4576	6	5	2	2005	Mumbai	Fair	Yes	85478826
6809	986	1	1	4	2009	Coimbatore	Very Good	Yes	11031128
6810	1935	3	2	1	1998	Jaipur	Excellent	No	18907343
6811	1861	3	3	4	2004	Mysore	Very Good	Yes	18781356
6812	2443	3	2	4	2003	Jaipur	Very Good	No	23055927
6813	1602	3	2	2	2003	Pune	Very Good	No	26376290
6814	1524	1	1	1	2014	Chennai	Good	No	19783441
6815	4926	6	5	2	2023	Mumbai	Good	No	127742311
6816	3066	4	4	3	2006	Mumbai	Very Good	Yes	73689167
6817	1087	2	2	1	2013	Delhi	Good	No	20922738
6818	3486	6	5	1	2024	Noida	Good	Yes	61078377
6819	2847	5	5	4	2001	Mysore	Good	Yes	23606688
6820	1098	2	2	3	2001	Kochi	Fair	Yes	10788318
6821	2703	4	3	1	2010	Noida	Very Good	Yes	44811325
6822	1862	3	4	2	2018	Chennai	Fair	No	22291013
6823	2573	4	4	4	2017	Kochi	Good	Yes	26544195
6824	4532	6	5	4	2006	Hyderabad	Very Good	Yes	61446052
6825	2670	4	5	1	1999	Kochi	Good	No	26543225
6826	609	1	1	4	2010	Noida	Poor	Yes	8067342
6827	4305	5	4	4	2004	Bangalore	Fair	No	55343178
6828	1241	2	2	3	2002	Noida	Good	Yes	20015605
6829	4304	5	5	4	1998	Delhi	Fair	No	61311026
6830	2891	4	4	3	2024	Pune	Fair	No	45190083
6831	3751	5	5	1	2005	Mumbai	Fair	No	76572664
6832	3936	5	5	2	2010	Pune	Poor	No	45878589
6833	2384	2	3	1	2015	Ahmedabad	Excellent	Yes	32726466
6834	4986	6	5	2	2023	Kochi	Good	No	52560498
6835	971	1	1	3	2006	Pune	Very Good	No	14686582
6836	3534	5	4	2	2016	Mysore	Good	No	34462969
6837	1025	2	3	3	2006	Kochi	Excellent	No	13696004
6838	1041	1	1	4	2024	Bangalore	Excellent	No	23280009
6839	2232	4	3	3	2002	Mumbai	Very Good	No	50608816
6840	1452	2	2	4	2023	Kochi	Very Good	Yes	19258150
6841	3292	5	5	1	2003	Coimbatore	Very Good	No	30242603
6842	2377	2	2	3	2013	Hyderabad	Poor	No	22719623
6843	887	1	1	2	1998	Mysore	Excellent	Yes	9728827
6844	3742	4	4	1	2004	Delhi	Good	Yes	66351930
6845	3052	5	5	2	2001	Mumbai	Good	Yes	61301670
6846	3968	6	5	1	2012	Kochi	Very Good	No	43897384
6847	2148	3	3	3	2020	Mumbai	Good	No	48622340
6848	1542	3	3	1	1998	Pune	Good	No	20298300
6849	4508	6	5	4	2009	Coimbatore	Very Good	No	47027421
6850	556	1	1	2	2022	Kochi	Good	No	6751640
6851	2205	3	3	3	2025	Hyderabad	Very Good	Yes	30483911
6852	2568	4	5	1	2014	Chennai	Good	Yes	35568863
6853	2342	3	3	3	2008	Ahmedabad	Fair	No	24037226
6854	2791	5	4	2	1999	Chennai	Poor	Yes	29823679
6855	2864	3	2	4	2021	Noida	Very Good	No	51650207
6856	892	1	1	1	2005	Mumbai	Fair	No	17405431
6857	2853	5	5	1	2016	Jaipur	Very Good	Yes	31169344
6858	4188	6	5	2	2005	Pune	Very Good	Yes	68692047
6859	4013	6	5	1	2014	Chennai	Fair	No	47547001
6860	2954	5	5	1	2015	Mysore	Good	Yes	25328540
6861	2082	2	2	4	2006	Ahmedabad	Very Good	Yes	22392986
6862	1472	3	3	3	2026	Kochi	Fair	No	15575625
6863	1690	3	3	1	2016	Delhi	Good	Yes	35254376
6864	2617	3	4	2	2000	Hyderabad	Very Good	No	30408910
6865	1423	2	1	3	2017	Mysore	Good	Yes	14325988
6866	873	1	2	1	2020	Ahmedabad	Good	Yes	10096952
6867	2309	4	4	4	2020	Mysore	Excellent	No	27302122
6868	4384	6	5	2	2023	Coimbatore	Good	Yes	41635446
6869	4928	6	5	1	2021	Chennai	Good	No	61864870
6870	3748	5	5	4	2025	Mysore	Very Good	Yes	37978829
6871	4537	5	4	2	2001	Mumbai	Good	No	100094705
6872	2525	5	5	4	2008	Chennai	Very Good	No	37673657
6873	1614	3	2	4	2017	Kochi	Very Good	No	20253816
6874	708	1	2	4	2017	Mumbai	Good	No	16411879
6875	4589	6	5	3	2009	Bangalore	Very Good	Yes	74214560
6876	3781	4	5	1	2022	Ahmedabad	Good	No	44165765
6877	2491	3	3	3	2016	Ahmedabad	Poor	No	21035477
6878	1167	3	4	4	2001	Noida	Good	Yes	18218063
6879	1340	3	2	2	2023	Coimbatore	Very Good	No	15612042
6880	4208	6	5	2	2026	Kochi	Good	Yes	50699255
6881	3884	6	5	2	2010	Ahmedabad	Very Good	Yes	41915777
6882	4082	5	5	1	2026	Mumbai	Good	Yes	105365711
6883	2708	5	5	4	2007	Chennai	Good	Yes	33042606
6884	2722	4	5	2	2007	Hyderabad	Fair	No	26943435
6885	2404	4	5	3	2000	Pune	Good	No	36403969
6886	4388	6	5	3	2017	Kochi	Very Good	No	47205619
6887	3985	6	5	4	2000	Mysore	Fair	Yes	28067304
6888	2195	2	2	4	2005	Chennai	Fair	Yes	24910335
6889	3660	4	4	1	2023	Mysore	Very Good	No	35784963
6890	4319	5	5	2	2017	Hyderabad	Good	No	50999780
6891	4510	6	5	1	1998	Chennai	Fair	Yes	47446003
6892	2906	3	2	3	2003	Mysore	Very Good	Yes	25959595
6893	3588	4	4	4	2016	Mumbai	Very Good	No	88285489
6894	1181	2	2	4	2012	Bangalore	Good	No	20407829
6895	2509	5	5	2	2016	Jaipur	Very Good	No	26990211
6896	1550	3	2	2	1998	Bangalore	Good	Yes	24650308
6897	2928	3	2	3	2020	Ahmedabad	Good	Yes	32671872
6898	4463	6	5	2	2014	Ahmedabad	Good	Yes	46382988
6899	549	1	2	4	2017	Mumbai	Good	No	13324500
6900	3059	4	4	1	2001	Jaipur	Very Good	Yes	29208111
6901	3016	4	4	2	2006	Bangalore	Fair	Yes	41537262
6902	2675	4	3	2	2005	Noida	Excellent	No	46133329
6903	1516	3	3	4	2020	Jaipur	Good	Yes	16992646
6904	1498	2	1	1	2006	Chennai	Very Good	No	18843165
6905	4922	6	5	1	2024	Coimbatore	Good	Yes	49858140
6906	585	2	3	4	2017	Coimbatore	Good	Yes	6953063
6907	4955	6	5	3	2006	Mysore	Good	No	40769793
6908	3302	4	5	4	2008	Mumbai	Good	Yes	71245348
6909	3109	5	5	3	2002	Bangalore	Poor	No	40974354
6910	1731	2	2	4	2022	Jaipur	Excellent	Yes	20202306
6911	4422	6	5	4	2016	Coimbatore	Good	Yes	41339969
6912	561	1	1	3	2005	Mumbai	Very Good	Yes	13745535
6913	3408	4	5	1	2026	Coimbatore	Good	No	33101178
6914	4563	6	5	3	2001	Coimbatore	Very Good	Yes	44646233
6915	3648	6	5	2	2019	Kochi	Excellent	No	48294222
6916	2062	3	4	2	2026	Ahmedabad	Very Good	Yes	26700099
6917	1718	2	2	4	2008	Mumbai	Poor	No	30204175
6918	4398	5	5	2	2008	Pune	Fair	No	60372636
6919	2277	4	5	2	2001	Noida	Good	No	36232427
6920	1680	2	3	2	2005	Hyderabad	Fair	Yes	17996955
6921	4770	6	5	3	2025	Mysore	Very Good	Yes	46091916
6922	4096	5	5	1	1999	Mysore	Good	No	30782515
6923	2880	3	4	4	2014	Jaipur	Very Good	No	28456898
6924	3180	5	5	2	2018	Bangalore	Very Good	No	59663538
6925	3517	5	5	2	2011	Delhi	Good	No	62288241
6926	2779	4	5	1	2022	Hyderabad	Fair	No	35131216
6927	3422	5	5	3	2006	Mumbai	Very Good	Yes	85787056
6928	4970	6	5	1	2001	Bangalore	Good	Yes	72250983
6929	1809	4	4	4	2005	Coimbatore	Very Good	No	19231019
6930	918	2	2	4	2016	Mysore	Good	Yes	10033834
6931	2909	3	3	1	2000	Pune	Good	No	38413119
6932	4611	6	5	3	2011	Pune	Good	Yes	64303539
6933	2460	4	4	4	2002	Delhi	Good	No	39919963
6934	2488	3	3	2	2021	Kochi	Good	No	28846814
6935	1042	1	2	1	2012	Pune	Excellent	No	20028920
6936	2334	2	2	2	2009	Mysore	Good	No	19220263
6937	3371	6	5	3	2023	Chennai	Good	No	46203566
6938	4578	6	5	1	2018	Hyderabad	Very Good	No	59855995
6939	4748	6	5	1	2000	Mumbai	Excellent	Yes	110637318
6940	2333	3	3	4	2025	Pune	Good	No	37543682
6941	4372	6	5	3	1998	Coimbatore	Very Good	No	41914818
6942	959	2	2	1	2004	Bangalore	Good	Yes	14644645
6943	2951	4	4	4	2005	Pune	Excellent	Yes	55059546
6944	904	1	1	4	2001	Noida	Good	Yes	14362532
6945	559	1	1	4	2001	Chennai	Very Good	No	7411661
6946	3719	4	5	3	2012	Chennai	Good	Yes	49094639
6947	3773	4	4	2	2005	Kochi	Good	Yes	37472232
6948	1015	2	2	4	2011	Chennai	Good	No	13164570
6949	2427	3	2	2	2023	Delhi	Very Good	Yes	54210099
6950	3323	6	5	3	2012	Ahmedabad	Very Good	Yes	37198180
6951	1144	3	3	1	2024	Mysore	Very Good	No	12146395
6952	663	1	2	3	2026	Noida	Fair	Yes	11829539
6953	2371	3	4	3	2021	Ahmedabad	Fair	Yes	25001734
6954	4283	6	5	3	2016	Hyderabad	Good	Yes	51830383
6955	2147	2	1	4	2015	Pune	Very Good	Yes	37576757
6956	3406	6	5	2	1998	Noida	Good	No	46774921
6957	984	1	1	4	2024	Chennai	Good	No	13342287
6958	1998	4	3	2	2019	Pune	Good	No	30325496
6959	2606	3	3	1	2022	Delhi	Good	Yes	50294345
6960	3177	5	5	2	2003	Chennai	Excellent	Yes	45592253
6961	4509	5	4	4	2019	Kochi	Very Good	Yes	49431846
6962	1875	3	3	4	2017	Coimbatore	Fair	No	15814624
6963	2324	3	3	2	2003	Kochi	Excellent	Yes	28572689
6964	1290	2	3	1	1998	Jaipur	Fair	No	10339085
6965	2989	3	4	1	2005	Ahmedabad	Excellent	Yes	39806046
6966	4054	5	5	3	2008	Kochi	Very Good	Yes	44970050
6967	2932	3	3	1	2020	Hyderabad	Fair	No	32664730
6968	4763	6	5	4	2023	Chennai	Fair	No	57278334
6969	2582	3	3	1	2012	Bangalore	Good	Yes	41547540
6970	1313	2	2	2	2012	Mysore	Good	No	12007763
6971	4618	6	5	1	2007	Mumbai	Very Good	No	115875194
6972	1262	2	1	4	2009	Pune	Good	Yes	19630865
6973	4222	6	5	1	2006	Bangalore	Very Good	Yes	75077271
6974	2159	3	2	4	2016	Jaipur	Good	No	20251094
6975	2396	3	3	2	2014	Mysore	Very Good	Yes	22263506
6976	4302	6	5	4	2022	Mysore	Good	Yes	41331504
6977	3276	6	5	4	2006	Mysore	Very Good	No	33818966
6978	1765	3	3	1	2023	Delhi	Excellent	Yes	40860345
6979	4628	6	5	2	2004	Delhi	Poor	Yes	64666416
6980	3743	6	5	4	2005	Noida	Very Good	No	64753789
6981	885	1	1	4	2012	Delhi	Excellent	Yes	21401760
6982	1618	2	1	1	1998	Jaipur	Good	No	14275508
6983	1589	2	1	4	2002	Mysore	Very Good	No	14207655
6984	4155	5	4	1	2019	Bangalore	Good	No	71280659
6985	1448	1	1	3	2026	Hyderabad	Good	Yes	19843499
6986	2562	4	4	3	2010	Mysore	Poor	Yes	19063339
6987	509	1	2	4	2026	Ahmedabad	Very Good	Yes	8078489
6988	4215	6	5	1	2024	Noida	Good	No	67322034
6989	1853	4	3	2	2005	Mumbai	Excellent	Yes	51181143
6990	868	1	1	3	2016	Coimbatore	Poor	No	6667021
6991	3770	5	5	4	1998	Kochi	Excellent	No	46201725
6992	2903	4	5	4	1999	Chennai	Fair	Yes	34857472
6993	2726	3	3	4	2015	Kochi	Fair	No	25830790
6994	3864	6	5	4	2012	Bangalore	Good	Yes	59463083
6995	4382	6	5	3	2012	Pune	Good	Yes	63848989
6996	3790	5	5	4	2013	Ahmedabad	Good	Yes	39529971
6997	1375	2	1	2	2003	Ahmedabad	Poor	No	11403008
6998	4410	5	4	3	2025	Chennai	Very Good	Yes	65682116
6999	1389	2	2	2	2006	Mumbai	Very Good	Yes	32306348
7000	1683	2	3	1	2022	Ahmedabad	Very Good	Yes	22995627
7001	800	1	1	2	1998	Kochi	Good	No	7130779
7002	2263	3	3	4	2017	Hyderabad	Very Good	No	31557847
7003	4597	6	5	1	2000	Pune	Good	No	66353649
7004	4585	6	5	2	2018	Bangalore	Poor	Yes	65673844
7005	4960	6	5	4	2026	Kochi	Very Good	No	61833336
7006	2024	3	2	4	2000	Mysore	Good	No	17236024
7007	2757	3	3	3	2026	Ahmedabad	Poor	No	26982892
7008	914	1	1	2	2020	Coimbatore	Good	Yes	8854774
7009	2435	2	2	4	2001	Kochi	Excellent	Yes	28043518
7010	1515	2	3	2	2016	Bangalore	Good	No	25396340
7011	839	1	1	2	2023	Kochi	Fair	No	7878800
7012	2955	4	4	4	2025	Hyderabad	Fair	Yes	34957846
7013	2398	2	1	4	2000	Pune	Good	Yes	30274946
7014	4474	6	5	2	2020	Hyderabad	Very Good	No	63063280
7015	787	1	1	3	2005	Mumbai	Very Good	No	20020957
7016	1873	3	4	2	2005	Noida	Good	Yes	30544036
7017	2431	3	2	2	2015	Jaipur	Fair	No	21158562
7018	544	2	2	1	2009	Mumbai	Good	Yes	14007925
7019	523	1	1	3	2021	Delhi	Excellent	No	12352788
7020	4682	6	5	2	2013	Chennai	Fair	No	52883648
7021	3861	6	5	2	2004	Chennai	Good	No	44578356
7022	4675	6	5	2	2002	Mumbai	Very Good	No	114686171
7023	4503	5	5	1	2026	Jaipur	Good	No	44863463
7024	4873	6	5	3	2009	Jaipur	Very Good	No	52937241
7025	1458	1	2	2	2023	Pune	Good	Yes	24896168
7026	2742	3	3	1	2007	Coimbatore	Very Good	Yes	25478379
7027	3599	5	5	4	2012	Kochi	Very Good	No	39242213
7028	3708	5	5	2	2000	Mysore	Good	No	31014349
7029	3176	6	5	2	2009	Noida	Very Good	Yes	54774539
7030	2437	3	3	4	2011	Hyderabad	Very Good	No	30007986
7031	937	1	1	2	2021	Chennai	Very Good	Yes	13550787
7032	1633	2	1	4	2006	Delhi	Good	Yes	30311626
7033	1393	2	1	4	2017	Jaipur	Very Good	Yes	14928753
7034	4670	6	5	2	2025	Jaipur	Fair	Yes	41970875
7035	1130	2	1	3	2008	Mumbai	Excellent	No	28154954
7036	4004	6	5	1	2005	Mysore	Good	Yes	33833132
7037	4791	6	5	4	2023	Chennai	Very Good	Yes	73837115
7038	1278	1	1	3	2000	Bangalore	Very Good	No	20496195
7039	3841	4	5	2	2013	Ahmedabad	Very Good	Yes	48033974
7040	4863	6	5	4	1998	Bangalore	Poor	No	59317649
7041	3469	4	4	4	2007	Chennai	Very Good	No	46458523
7042	2948	5	5	3	2016	Kochi	Good	Yes	29779356
7043	3348	5	5	2	2006	Mumbai	Good	No	71752804
7044	2867	4	4	4	2022	Kochi	Good	Yes	30911111
7045	2093	3	3	2	2002	Bangalore	Fair	No	28185172
7046	3392	5	4	2	2012	Bangalore	Good	Yes	52097547
7047	2725	5	4	3	1999	Ahmedabad	Good	Yes	27336329
7048	2852	3	2	4	2015	Chennai	Poor	No	28578729
7049	3444	6	5	3	2008	Pune	Very Good	Yes	53285898
7050	1531	1	1	2	2014	Noida	Good	Yes	24367855
7051	610	1	2	4	2005	Bangalore	Excellent	Yes	11722186
7052	3091	4	3	3	2001	Jaipur	Fair	Yes	23778305
7053	3172	5	5	1	1998	Mysore	Excellent	Yes	31825691
7054	2807	5	4	2	2014	Kochi	Very Good	Yes	31503892
7055	791	1	1	4	2001	Kochi	Excellent	Yes	9528098
7056	1718	2	2	1	2003	Coimbatore	Very Good	No	16202590
7057	3369	5	5	1	2001	Hyderabad	Very Good	No	44230319
7058	2926	5	5	3	1998	Pune	Fair	No	36911432
7059	4570	6	5	3	2002	Delhi	Good	No	81539724
7060	683	1	2	4	2024	Delhi	Very Good	No	16040881
7061	805	2	3	1	2009	Delhi	Good	Yes	14639593
7062	1202	3	4	1	2006	Delhi	Good	No	21339818
7063	3323	5	5	1	2024	Chennai	Excellent	No	60167266
7064	2390	3	2	2	2004	Jaipur	Excellent	No	26763491
7065	1916	2	3	3	2018	Hyderabad	Good	No	26093200
7066	2198	2	3	3	2006	Delhi	Excellent	Yes	49034966
7067	1642	2	1	1	1998	Delhi	Excellent	No	35581602
7068	1663	1	1	1	2015	Mumbai	Good	Yes	35565590
7069	3631	5	5	2	2009	Bangalore	Excellent	Yes	67537154
7070	942	1	1	1	2003	Bangalore	Fair	No	12738457
7071	2200	3	3	3	2013	Kochi	Very Good	Yes	27418721
7072	921	1	1	3	2015	Jaipur	Very Good	Yes	11209530
7073	2251	3	4	2	1998	Bangalore	Excellent	Yes	39262977
7074	4378	6	5	2	2008	Mumbai	Good	Yes	101216979
7075	2120	3	4	4	2012	Ahmedabad	Poor	No	17709795
7076	4295	6	5	2	2024	Mumbai	Excellent	No	122072459
7077	4937	6	5	4	1999	Coimbatore	Very Good	No	44858447
7078	4625	6	5	3	2001	Hyderabad	Poor	Yes	45579534
7079	4875	6	5	3	2024	Bangalore	Very Good	Yes	100579135
7080	1032	1	1	3	2019	Mysore	Good	No	10418149
7081	2477	3	3	3	2009	Hyderabad	Fair	Yes	27713469
7082	3400	6	5	3	2006	Bangalore	Fair	Yes	47812255
7083	1734	2	3	1	2026	Coimbatore	Very Good	No	17920557
7084	2277	3	3	3	1998	Chennai	Very Good	Yes	30926968
7085	4543	6	5	1	2003	Chennai	Very Good	Yes	60095565
7086	4817	6	5	2	2011	Delhi	Good	No	83698267
7087	1169	3	4	3	2006	Bangalore	Good	No	18077761
7088	2893	3	3	1	2019	Ahmedabad	Very Good	Yes	36735484
7089	1377	2	2	2	2002	Mumbai	Excellent	No	33221437
7090	3291	5	5	2	1998	Ahmedabad	Good	No	30875684
7091	2688	4	4	4	2014	Mumbai	Fair	Yes	56810376
7092	909	1	1	1	2013	Hyderabad	Good	Yes	11515878
7093	2430	4	4	3	2016	Pune	Good	Yes	40763738
7094	3176	5	5	4	2021	Noida	Good	No	53988153
7095	535	1	1	2	2004	Hyderabad	Fair	Yes	5849628
7096	1626	2	2	3	1998	Coimbatore	Very Good	No	15082926
7097	3437	5	5	3	2017	Coimbatore	Fair	No	31087463
7098	681	2	2	4	1998	Chennai	Poor	No	7350503
7099	1981	2	1	2	2022	Kochi	Excellent	No	25155027
7100	1075	3	3	3	2022	Jaipur	Good	Yes	11516224
7101	2061	4	4	1	1998	Mysore	Excellent	No	21248017
7102	4758	6	5	3	2008	Chennai	Good	No	64182043
7103	4158	6	5	2	2003	Jaipur	Good	No	38025439
7104	4190	6	5	1	2017	Mumbai	Good	No	92118890
7105	3749	5	5	1	2015	Pune	Very Good	Yes	58743778
7106	1645	1	1	1	2010	Chennai	Very Good	Yes	22499071
7107	1225	1	1	3	2021	Chennai	Good	Yes	18215299
7108	1176	2	1	2	2023	Mysore	Fair	No	9850503
7109	4714	6	5	4	2019	Mysore	Good	Yes	45741964
7110	3370	4	3	1	2012	Chennai	Good	No	41958177
7111	3337	6	5	4	2008	Pune	Very Good	Yes	52310772
7112	753	1	1	4	2007	Hyderabad	Good	Yes	10076062
7113	957	1	1	3	2006	Kochi	Good	No	9339401
7114	1306	2	2	2	2006	Ahmedabad	Good	No	14222332
7115	3067	5	5	4	2022	Kochi	Excellent	No	43868765
7116	1577	2	1	1	2002	Noida	Good	Yes	25002527
7117	629	1	1	1	2016	Chennai	Good	Yes	8734346
7118	3107	4	5	2	2014	Mumbai	Fair	Yes	65379137
7119	1222	1	1	4	2022	Bangalore	Good	Yes	22848255
7120	3278	5	5	2	2017	Jaipur	Very Good	No	36341213
7121	2281	3	4	4	2007	Kochi	Very Good	No	23484449
7122	4325	6	5	1	2003	Kochi	Good	Yes	42522872
7123	4065	6	5	2	2002	Delhi	Fair	No	60029845
7124	1225	2	2	2	2015	Chennai	Very Good	No	17760755
7125	4395	6	5	1	2006	Mysore	Poor	Yes	28527855
7126	4185	6	5	1	2001	Noida	Poor	No	50044055
7127	2346	3	3	3	2003	Noida	Good	Yes	33391072
7128	1738	2	3	4	2002	Kochi	Good	Yes	18436702
7129	3623	4	3	4	2010	Hyderabad	Good	Yes	40282570
7130	648	1	1	3	2009	Jaipur	Very Good	No	7119665
7131	1612	2	1	2	2016	Mumbai	Very Good	Yes	40659558
7132	2879	4	5	4	2002	Noida	Fair	No	41186626
7133	3890	5	5	1	2024	Bangalore	Fair	No	57222583
7134	3020	4	4	1	2012	Hyderabad	Good	Yes	36291707
7135	4501	6	5	2	2007	Pune	Good	No	68927118
7136	4238	6	5	3	2025	Coimbatore	Good	Yes	42989432
7137	2684	5	5	4	2024	Pune	Excellent	Yes	49797239
7138	3127	3	4	4	2017	Ahmedabad	Good	No	36263980
7139	4070	6	5	3	2000	Jaipur	Good	No	35183002
7140	1366	1	1	1	2016	Noida	Excellent	No	27194089
7141	3031	5	4	3	2003	Jaipur	Excellent	No	35367624
7142	1059	3	4	3	2007	Jaipur	Very Good	Yes	12828013
7143	1254	1	1	4	2001	Delhi	Fair	No	18982970
7144	4250	6	5	1	2009	Coimbatore	Very Good	No	40994415
7145	692	2	1	2	2015	Coimbatore	Very Good	Yes	7774265
7146	1097	1	1	1	2026	Noida	Poor	No	14784295
7147	1271	3	3	4	2006	Delhi	Good	No	25042975
7148	4716	6	5	2	2021	Pune	Good	Yes	72393218
7149	4589	6	5	3	2026	Bangalore	Very Good	Yes	85425882
7150	4962	6	5	1	2007	Ahmedabad	Poor	No	42786809
7151	4969	6	5	3	2005	Hyderabad	Good	Yes	53418169
7152	3431	5	5	3	2005	Coimbatore	Poor	No	25735137
7153	2154	4	5	1	2018	Mumbai	Fair	No	43809880
7154	2135	3	4	1	2006	Mumbai	Fair	No	40493504
7155	818	1	1	3	2024	Coimbatore	Fair	Yes	7834053
7156	4554	6	5	1	2017	Chennai	Excellent	Yes	74177762
7157	4956	6	5	1	1998	Hyderabad	Good	Yes	58513973
7158	1711	3	3	1	1999	Mumbai	Very Good	Yes	37783891
7159	759	2	3	3	2010	Chennai	Fair	No	9098166
7160	3375	5	5	2	2021	Pune	Good	No	49850661
7161	4801	6	5	2	2009	Jaipur	Good	Yes	42865922
7162	1488	2	2	4	2018	Ahmedabad	Good	No	15803851
7163	2278	2	1	1	2022	Bangalore	Good	No	38071764
7164	1981	2	3	4	2000	Kochi	Excellent	No	24461787
7165	1455	1	2	2	2011	Coimbatore	Good	Yes	14051265
7166	3373	5	5	4	2009	Pune	Good	Yes	49423769
7167	2121	3	4	2	2022	Jaipur	Good	No	21704244
7168	4505	6	5	3	1998	Delhi	Excellent	No	92691597
7169	1813	3	3	1	2022	Kochi	Good	Yes	19657821
7170	1333	2	3	4	2020	Coimbatore	Very Good	No	15840599
7171	3474	4	4	1	2023	Kochi	Good	Yes	40705154
7172	2664	3	2	1	2025	Chennai	Fair	Yes	31689260
7173	890	1	2	2	2017	Pune	Good	Yes	15120271
7174	1283	2	2	3	2011	Mumbai	Good	Yes	28483426
7175	2843	3	3	1	2010	Kochi	Excellent	No	36557120
7176	4597	6	5	2	2009	Mumbai	Very Good	No	103605177
7177	929	2	2	2	2011	Bangalore	Excellent	No	19538584
7178	2589	3	2	2	2007	Chennai	Good	No	32660730
7179	3666	5	5	3	2003	Delhi	Very Good	Yes	76273426
7180	1840	3	3	2	2022	Mysore	Very Good	Yes	18529999
7181	4988	6	5	3	2024	Jaipur	Good	No	50381801
7182	3501	6	5	2	2018	Mysore	Fair	No	30669399
7183	1840	4	4	4	2009	Mumbai	Very Good	Yes	49035170
7184	2745	4	3	2	2013	Coimbatore	Good	No	24083486
7185	4997	6	5	3	2021	Jaipur	Good	No	54053176
7186	3942	6	5	4	2024	Chennai	Excellent	No	62734317
7187	3705	5	5	4	2020	Mysore	Very Good	Yes	40467551
7188	2969	4	5	1	2015	Pune	Fair	No	38692948
7189	1029	2	3	3	2024	Mumbai	Fair	Yes	25376266
7190	4897	6	5	2	2003	Delhi	Very Good	No	99373920
7191	526	1	1	2	2025	Mysore	Poor	No	4595090
7192	911	1	1	4	2024	Ahmedabad	Fair	Yes	9410454
7193	3396	6	5	2	2012	Kochi	Fair	Yes	33799843
7194	2611	4	4	4	2007	Ahmedabad	Very Good	No	31091829
7195	1728	2	2	1	2006	Pune	Very Good	No	28977960
7196	2958	3	4	2	2020	Bangalore	Good	Yes	46511772
7197	4772	6	5	2	2026	Mysore	Very Good	No	49164140
7198	3855	6	5	1	2004	Noida	Very Good	Yes	62972991
7199	2189	2	2	3	2020	Bangalore	Good	No	34889819
7200	860	1	2	1	1998	Pune	Good	No	11908457
7201	3368	6	5	4	2002	Mysore	Good	No	28396026
7202	4117	6	5	2	2020	Kochi	Good	Yes	44013871
7203	1737	2	2	3	2007	Bangalore	Good	No	28474894
7204	2172	3	3	3	2008	Hyderabad	Good	Yes	27949984
7205	3832	5	5	1	2001	Pune	Good	No	49031149
7206	4338	6	5	2	2017	Jaipur	Good	No	40953495
7207	4662	6	5	1	2003	Bangalore	Good	No	68106236
7208	1003	1	2	2	2023	Mumbai	Fair	No	23238550
7209	2703	4	5	4	2003	Noida	Very Good	Yes	42079145
7210	1289	1	1	4	2010	Chennai	Good	No	16330735
7211	2392	3	4	3	2017	Coimbatore	Good	Yes	22732699
7212	3656	4	3	4	2014	Noida	Good	No	56535326
7213	2148	2	2	1	2010	Bangalore	Very Good	Yes	38181536
7214	2429	2	2	2	2003	Mumbai	Very Good	Yes	57405943
7215	1921	2	3	2	2025	Coimbatore	Fair	No	17340974
7216	1630	2	2	2	2021	Ahmedabad	Good	No	19071216
7217	3467	5	5	4	2009	Chennai	Fair	Yes	42052561
7218	1649	2	2	2	2017	Delhi	Good	No	32437005
7219	2754	4	3	2	2016	Mysore	Fair	Yes	21982414
7220	3906	6	5	3	2008	Jaipur	Good	Yes	39788669
7221	2919	5	4	2	2012	Mysore	Very Good	Yes	29297677
7222	4562	6	5	3	2021	Bangalore	Good	No	81888618
7223	809	2	3	2	2020	Jaipur	Good	No	8668002
7224	1170	3	4	1	2002	Mumbai	Good	Yes	26727116
7225	2714	4	4	1	2017	Kochi	Good	Yes	31165009
7226	4883	6	5	4	2022	Mumbai	Very Good	Yes	134339308
7227	3791	5	5	2	2026	Bangalore	Fair	Yes	61618141
7228	551	2	2	3	2023	Chennai	Very Good	No	9272494
7229	2763	4	5	3	2012	Delhi	Very Good	Yes	57317187
7230	4599	6	5	2	2011	Mysore	Very Good	Yes	42905631
7231	4199	6	5	3	2011	Coimbatore	Good	Yes	40265454
7232	2854	3	2	1	2004	Ahmedabad	Fair	Yes	26857648
7233	2403	4	4	4	2013	Hyderabad	Good	Yes	32047969
7234	2604	4	5	3	2026	Noida	Good	No	48620738
7235	3566	5	5	1	2002	Chennai	Good	No	43542723
7236	1784	4	5	3	2019	Coimbatore	Good	No	19431765
7237	1485	2	1	1	1998	Noida	Good	Yes	19859358
7238	2041	3	3	3	2019	Ahmedabad	Excellent	No	29336669
7239	3060	5	4	1	2006	Kochi	Poor	No	23891499
7240	2623	4	4	3	2016	Mysore	Very Good	No	27611709
7241	724	1	2	3	1998	Jaipur	Good	Yes	7398794
7242	4014	6	5	4	2006	Delhi	Fair	No	67978201
7243	4095	5	5	1	2014	Coimbatore	Very Good	Yes	39879542
7244	3699	5	5	1	2017	Bangalore	Good	Yes	62993894
7245	744	2	1	2	2004	Mumbai	Very Good	No	18842925
7246	4294	6	5	3	2007	Delhi	Excellent	No	88729140
7247	2478	5	5	2	1998	Hyderabad	Poor	No	22123988
7248	4904	6	5	2	1998	Chennai	Very Good	Yes	64633465
7249	1640	3	2	1	2021	Delhi	Fair	No	30406665
7250	1111	2	2	4	2006	Mysore	Excellent	Yes	12148907
7251	2732	5	5	1	2007	Ahmedabad	Very Good	Yes	32973261
7252	970	1	2	1	2019	Bangalore	Excellent	Yes	19994830
7253	1595	1	1	3	2001	Pune	Very Good	No	25648425
7254	2538	5	5	1	2008	Coimbatore	Very Good	Yes	28379364
7255	1097	1	2	3	2018	Mysore	Good	Yes	10317501
7256	4596	6	5	2	2010	Noida	Excellent	Yes	93180967
7257	3134	5	5	4	2007	Kochi	Good	No	30703230
7258	1413	1	1	2	2023	Coimbatore	Very Good	Yes	14703124
7259	2011	4	3	3	2002	Mumbai	Good	Yes	43167584
7260	4200	6	5	4	2017	Hyderabad	Good	No	52347113
7261	4008	6	5	3	2025	Ahmedabad	Good	Yes	49755548
7262	4982	6	5	1	2017	Mysore	Good	Yes	43573697
7263	3640	5	5	1	2005	Mumbai	Poor	No	60030660
7264	3139	4	4	1	2002	Pune	Very Good	No	50388437
7265	2022	2	2	2	2012	Coimbatore	Very Good	No	19102941
7266	2361	2	2	3	2022	Chennai	Good	No	34533112
7267	4697	6	5	2	2004	Mumbai	Good	Yes	99397474
7268	1887	3	3	1	2023	Chennai	Excellent	No	29391998
7269	4894	6	5	4	2013	Bangalore	Fair	No	69233811
7270	1926	2	1	1	2003	Jaipur	Fair	Yes	15799478
7271	1162	2	2	2	2017	Bangalore	Very Good	No	23172711
7272	1458	3	4	3	2001	Noida	Poor	Yes	17106909
7273	3192	5	5	2	2003	Ahmedabad	Very Good	Yes	35160045
7274	921	1	1	2	2018	Pune	Good	Yes	15507355
7275	4149	6	5	2	2020	Jaipur	Good	Yes	42102292
7276	2244	3	3	4	2024	Kochi	Excellent	No	28359291
7277	2673	3	4	1	2021	Ahmedabad	Excellent	Yes	36906381
7278	3327	6	5	3	2010	Noida	Very Good	No	57767792
7279	3735	5	5	4	1999	Mumbai	Poor	Yes	58127274
7280	3912	5	5	1	2017	Coimbatore	Excellent	No	46933501
7281	2611	4	4	3	2016	Mumbai	Good	No	60571604
7282	3436	4	4	3	1998	Mysore	Good	Yes	27993737
7283	3439	6	5	3	2002	Mumbai	Very Good	No	81903228
7284	2593	4	3	2	2024	Ahmedabad	Good	Yes	30155420
7285	3162	4	3	4	2024	Delhi	Very Good	No	72216149
7286	1471	3	3	1	2001	Jaipur	Good	Yes	13637087
7287	2549	5	5	1	2020	Mumbai	Good	Yes	62813890
7288	3641	5	4	2	2005	Delhi	Good	No	67151553
7289	4199	6	5	1	2016	Noida	Good	No	66307509
7290	4429	6	5	2	2022	Kochi	Excellent	Yes	55267009
7291	2303	2	2	4	2008	Bangalore	Very Good	No	41602005
7292	3254	5	5	2	2024	Mumbai	Good	No	77588252
7293	4058	5	5	4	2012	Ahmedabad	Good	No	41174873
7294	3240	5	4	4	2011	Pune	Good	Yes	52032213
7295	4210	6	5	4	1999	Noida	Excellent	Yes	71223460
7296	2566	4	5	4	2020	Kochi	Poor	No	23131563
7297	1911	4	5	4	2025	Coimbatore	Poor	No	15644920
7298	967	1	1	1	2015	Jaipur	Fair	No	8586460
7299	2746	4	5	2	2023	Hyderabad	Very Good	No	38415016
7300	1764	3	3	1	2014	Mysore	Very Good	No	16214139
7301	1807	2	3	4	2001	Kochi	Excellent	No	21463276
7302	3494	5	4	2	2020	Pune	Good	No	50303405
7303	2468	5	4	4	2015	Noida	Very Good	Yes	45665114
7304	1532	1	1	3	2004	Noida	Excellent	No	29396691
7305	3452	6	5	2	2002	Kochi	Very Good	Yes	37789465
7306	1028	2	2	1	2008	Hyderabad	Poor	Yes	9971774
7307	2429	3	2	2	2003	Pune	Good	No	32167535
7308	2297	4	5	3	2012	Coimbatore	Excellent	Yes	25468909
7309	3255	4	3	1	2009	Bangalore	Very Good	No	59350228
7310	1816	3	2	2	1999	Noida	Good	No	27991463
7311	4438	6	5	1	2025	Hyderabad	Very Good	No	61733377
7312	2089	2	2	2	2021	Noida	Excellent	Yes	42098053
7313	3232	6	5	3	1998	Mumbai	Excellent	Yes	85743766
7314	1758	4	5	1	2010	Ahmedabad	Good	Yes	19170227
7315	2240	4	4	3	2019	Coimbatore	Very Good	No	25700915
7316	804	1	1	4	2005	Mysore	Good	Yes	7600415
7317	2642	4	5	2	2017	Noida	Fair	Yes	38786060
7318	3403	5	5	2	2026	Coimbatore	Good	Yes	37606790
7319	3756	5	5	3	2014	Jaipur	Good	No	37527316
7320	4181	5	5	3	2010	Noida	Good	No	60515482
7321	1439	2	2	3	2025	Bangalore	Very Good	Yes	28298947
7322	4616	6	5	4	2007	Jaipur	Good	Yes	44042965
7323	2787	4	4	1	2013	Noida	Good	No	42016935
7324	3925	6	5	1	2001	Chennai	Good	No	47961988
7325	2531	4	5	3	2000	Jaipur	Good	Yes	24133444
7326	2677	4	5	1	2011	Kochi	Very Good	No	30917069
7327	703	1	1	2	1999	Hyderabad	Fair	Yes	8019025
7328	4035	6	5	1	2021	Kochi	Good	Yes	41707422
7329	688	2	2	3	2019	Pune	Very Good	No	13068670
7330	2549	3	4	4	2003	Ahmedabad	Good	Yes	25439274
7331	4923	6	5	2	2024	Ahmedabad	Fair	No	51751474
7332	902	1	1	2	2002	Mysore	Good	Yes	7526841
7333	2981	5	5	4	2006	Kochi	Excellent	Yes	33668388
7334	3581	5	5	3	2004	Noida	Very Good	No	63291611
7335	2522	3	4	2	2011	Ahmedabad	Good	No	26616260
7336	4852	6	5	3	2002	Pune	Good	No	69357489
7337	3127	4	3	4	2007	Pune	Good	No	47568103
7338	4885	6	5	3	2007	Jaipur	Very Good	No	52333103
7339	1587	2	2	2	2003	Chennai	Very Good	Yes	20097555
7340	4638	6	5	1	2016	Bangalore	Poor	No	64041821
7341	3177	5	5	1	2018	Ahmedabad	Very Good	Yes	37454250
7342	2889	5	5	4	2024	Mysore	Good	No	26210941
7343	3940	6	5	1	2004	Pune	Very Good	No	63290758
7344	1822	3	3	4	2000	Coimbatore	Very Good	No	16759687
7345	3123	4	3	2	2010	Pune	Poor	Yes	34714378
7346	3630	5	5	4	2014	Chennai	Very Good	No	52549110
7347	3743	5	5	2	2019	Mumbai	Very Good	Yes	101473366
7348	3824	5	5	3	2019	Delhi	Good	No	74823339
7349	1224	2	3	3	2010	Jaipur	Very Good	Yes	12796479
7350	2029	4	3	3	2019	Delhi	Good	Yes	41623333
7351	1747	2	2	3	2021	Ahmedabad	Good	Yes	21117139
7352	1944	3	4	1	2004	Noida	Good	No	29633648
7353	2401	4	4	4	2002	Hyderabad	Very Good	Yes	31781123
7354	974	1	1	4	2022	Kochi	Excellent	No	12369400
7355	2446	4	4	3	2001	Coimbatore	Very Good	Yes	22766510
7356	4132	6	5	2	2018	Coimbatore	Good	No	39437281
7357	4073	6	5	1	2022	Pune	Good	Yes	62255844
7358	2818	5	4	1	2012	Coimbatore	Very Good	Yes	29984145
7359	2423	4	3	3	2015	Noida	Good	No	40097594
7360	3606	4	4	4	2023	Noida	Good	Yes	58701647
7361	2280	4	4	3	2016	Noida	Fair	Yes	32692343
7362	4814	6	5	2	2021	Delhi	Fair	Yes	88765986
7363	4996	6	5	4	2004	Mysore	Fair	No	35748263
7364	2179	2	3	2	2007	Noida	Good	Yes	32049518
7365	2600	4	3	1	2011	Bangalore	Good	No	41659782
7366	2986	3	3	1	2023	Delhi	Very Good	Yes	63740511
7367	3203	6	5	1	2007	Pune	Very Good	Yes	49222822
7368	1694	2	2	4	2013	Noida	Good	No	27643040
7369	937	1	2	3	2007	Mumbai	Good	Yes	20783846
7370	1772	2	1	1	2003	Hyderabad	Good	Yes	19161970
7371	4894	6	5	2	2015	Mysore	Excellent	Yes	51724265
7372	3913	6	5	3	2017	Kochi	Good	Yes	38640589
7373	1714	3	4	2	2006	Pune	Good	Yes	26366327
7374	2875	4	5	2	2018	Bangalore	Very Good	No	51276806
7375	1706	1	2	4	2016	Noida	Excellent	No	33827367
7376	1078	1	1	2	2016	Ahmedabad	Poor	Yes	10714573
7377	4213	6	5	1	2008	Bangalore	Good	Yes	69183646
7378	3998	6	5	1	2022	Jaipur	Very Good	No	41711113
7379	899	1	1	2	2008	Delhi	Excellent	Yes	20193471
7380	3356	5	4	3	2006	Kochi	Good	No	35030333
7381	3333	5	5	3	2018	Pune	Good	Yes	53501109
7382	1791	3	3	3	2006	Chennai	Good	Yes	22808257
7383	578	1	1	3	2003	Bangalore	Good	No	8600007
7384	1536	2	1	2	2021	Ahmedabad	Excellent	No	22583701
7385	4467	5	4	1	2005	Bangalore	Good	No	63120188
7386	3512	5	4	2	2015	Noida	Very Good	No	58008729
7387	4576	6	5	2	2023	Bangalore	Good	No	79499188
7388	2687	5	5	4	2024	Bangalore	Good	No	51344162
7389	1088	2	3	2	2006	Noida	Fair	No	16196906
7390	3129	3	4	3	2000	Delhi	Very Good	No	62090389
7391	1915	2	3	4	2007	Ahmedabad	Poor	Yes	16314571
7392	4505	5	5	3	2009	Coimbatore	Very Good	No	45696140
7393	3336	4	3	3	2022	Mumbai	Good	Yes	78043355
7394	3788	4	4	3	2018	Bangalore	Poor	No	48386437
7395	1326	3	4	1	2011	Delhi	Very Good	Yes	26850973
7396	3404	5	5	4	2002	Delhi	Very Good	Yes	67660072
7397	1242	1	1	2	2023	Coimbatore	Very Good	No	12646048
7398	3924	6	5	1	2020	Mumbai	Good	No	90217626
7399	3926	6	5	3	2012	Mysore	Excellent	Yes	45026166
7400	2691	3	4	4	2010	Pune	Very Good	Yes	41901240
7401	3345	5	5	1	2019	Mysore	Good	Yes	30466031
7402	2277	2	2	2	2022	Ahmedabad	Excellent	No	31757337
7403	3805	4	4	2	2022	Noida	Very Good	Yes	67036016
7404	4975	6	5	1	2009	Mysore	Good	Yes	45287979
7405	857	1	1	4	2009	Bangalore	Very Good	Yes	14961559
7406	3795	4	4	4	2023	Noida	Good	No	66577671
7407	2607	4	4	3	2025	Ahmedabad	Very Good	No	32163419
7408	3791	4	5	3	2010	Mumbai	Good	No	86549166
7409	995	1	1	1	2007	Mumbai	Good	No	21711119
7410	1616	2	3	3	2020	Mumbai	Good	No	36048648
7411	4993	6	5	2	1998	Chennai	Excellent	Yes	66648314
7412	4060	6	5	2	2025	Kochi	Poor	No	38307836
7413	1062	2	2	4	2026	Chennai	Very Good	Yes	17677987
7414	4330	6	5	4	2001	Mysore	Fair	Yes	34271079
7415	1542	1	2	3	1998	Ahmedabad	Excellent	No	18978258
7416	1418	2	2	2	2021	Mumbai	Fair	Yes	31115383
7417	4890	6	5	2	2022	Mumbai	Good	No	113380572
7418	2474	5	5	1	2018	Mumbai	Poor	Yes	49381864
7419	2970	3	2	1	1999	Hyderabad	Good	No	31345510
7420	3830	5	5	2	2000	Ahmedabad	Good	No	39731427
7421	1055	3	4	2	2006	Jaipur	Good	No	11079637
7422	3506	6	5	3	2016	Jaipur	Excellent	Yes	44300959
7423	4043	6	5	1	2010	Jaipur	Fair	No	34029900
7424	1675	3	4	2	2017	Chennai	Fair	Yes	20846553
7425	762	2	3	4	2010	Delhi	Good	No	14129270
7426	2571	4	4	4	2005	Kochi	Very Good	Yes	26780833
7427	528	1	2	1	2012	Mysore	Good	Yes	5725131
7428	1150	2	2	4	2019	Pune	Good	No	16989267
7429	3674	4	4	4	2024	Mysore	Very Good	No	36009496
7430	3135	3	2	1	2002	Coimbatore	Very Good	No	27367298
7431	3479	4	4	4	2006	Jaipur	Excellent	No	40931281
7432	3767	5	4	3	2014	Ahmedabad	Fair	No	35994321
7433	2097	3	3	3	2016	Delhi	Fair	No	35328043
7434	4865	6	5	4	2008	Delhi	Excellent	No	99718913
7435	3000	5	5	4	2017	Delhi	Fair	Yes	51367273
7436	1834	2	2	4	2021	Chennai	Excellent	Yes	33246465
7437	1386	1	2	1	2020	Hyderabad	Good	Yes	16435780
7438	4530	6	5	3	2012	Kochi	Very Good	No	53097158
7439	1950	3	3	1	2015	Jaipur	Good	Yes	19916656
7440	2453	4	5	1	2018	Hyderabad	Good	No	32269206
7441	2303	3	3	1	1998	Chennai	Fair	No	26372683
7442	4364	6	5	1	2003	Hyderabad	Very Good	No	57528473
7443	4089	6	5	1	1999	Noida	Good	Yes	61558596
7444	1700	2	2	2	2004	Ahmedabad	Good	No	16575926
7445	3614	6	5	2	2022	Ahmedabad	Very Good	Yes	46488375
7446	4857	6	5	4	2005	Noida	Very Good	No	77517746
7447	3455	6	5	4	2008	Mumbai	Excellent	No	100283060
7448	3517	5	5	1	2012	Mumbai	Fair	No	68494415
7449	3157	5	5	2	2013	Kochi	Excellent	No	38054187
7450	1598	2	3	1	2026	Ahmedabad	Very Good	Yes	20496957
7451	4253	6	5	2	2012	Mumbai	Good	No	93968060
7452	4435	6	5	4	2005	Pune	Very Good	Yes	73912389
7453	852	1	1	1	2018	Pune	Poor	No	10948963
7454	3289	4	4	1	2005	Jaipur	Good	No	29426078
7455	2681	3	3	3	2019	Ahmedabad	Good	Yes	32478344
7456	3986	5	5	3	2000	Hyderabad	Good	No	45476802
7457	4643	6	5	1	2009	Mysore	Good	No	43104883
7458	3040	3	4	1	2010	Ahmedabad	Very Good	Yes	35126873
7459	1987	4	4	2	2012	Mumbai	Very Good	Yes	51984990
7460	2618	3	2	2	2025	Jaipur	Very Good	Yes	30141934
7461	3582	4	4	1	2012	Noida	Good	No	53490629
7462	4576	6	5	4	2000	Delhi	Good	No	78130219
7463	4305	6	5	2	2019	Ahmedabad	Poor	No	37319729
7464	4204	5	4	1	2021	Ahmedabad	Fair	No	44834099
7465	850	1	1	3	2006	Ahmedabad	Fair	Yes	7995927
7466	2405	4	4	2	2021	Pune	Fair	Yes	33878749
7467	1841	3	3	3	2005	Kochi	Good	No	19106102
7468	4310	6	5	2	2004	Ahmedabad	Good	No	40330289
7469	3684	5	5	3	2004	Pune	Excellent	No	66913500
7470	3725	5	5	4	2001	Delhi	Very Good	No	67788394
7471	4732	6	5	1	2012	Ahmedabad	Good	Yes	47422047
7472	4595	6	5	4	1998	Coimbatore	Very Good	No	40103979
7473	536	2	2	4	2013	Pune	Very Good	Yes	10405237
7474	2701	4	5	4	2013	Coimbatore	Poor	Yes	22687720
7475	3760	6	5	2	2014	Noida	Good	No	59681037
7476	2501	4	5	1	2016	Chennai	Good	Yes	32160049
7477	3795	5	5	4	2013	Ahmedabad	Good	Yes	40017116
7478	3829	5	5	3	2002	Jaipur	Excellent	Yes	44582461
7479	2300	3	4	1	2003	Coimbatore	Very Good	No	21424701
7480	3491	5	4	1	2013	Mysore	Good	No	29530971
7481	1650	1	1	1	2008	Hyderabad	Excellent	No	21346676
7482	4829	6	5	4	2000	Hyderabad	Fair	Yes	49347601
7483	2293	2	1	4	2002	Jaipur	Poor	Yes	15950423
7484	3715	6	5	2	2017	Ahmedabad	Good	No	43537338
7485	4321	6	5	3	2019	Chennai	Good	Yes	55267896
7486	4313	6	5	1	2025	Mysore	Very Good	Yes	44412445
7487	1059	2	2	1	2011	Jaipur	Good	No	9839290
7488	3449	4	4	3	1999	Jaipur	Fair	No	27641092
7489	4254	6	5	4	2018	Mysore	Fair	Yes	38450360
7490	2658	4	4	3	2020	Bangalore	Very Good	Yes	48091367
7491	4714	6	5	4	2015	Delhi	Excellent	No	113588209
7492	2250	3	2	3	1998	Mumbai	Good	Yes	47529587
7493	4682	6	5	3	2013	Pune	Fair	Yes	65039534
7494	2329	4	5	4	2012	Mumbai	Fair	No	45572800
7495	2590	5	5	4	2013	Hyderabad	Fair	No	27213877
7496	1573	3	3	2	2021	Ahmedabad	Poor	Yes	15202138
7497	2607	3	4	1	2005	Kochi	Fair	No	22710174
7498	4092	6	5	1	2011	Mumbai	Good	No	92450983
7499	2041	3	2	2	2022	Pune	Excellent	Yes	37348447
7500	2457	5	5	4	2006	Coimbatore	Good	No	22451359
7501	3282	4	5	4	2011	Kochi	Good	Yes	33532173
7502	1358	2	2	4	2007	Delhi	Good	No	23128716
7503	1385	3	3	1	2014	Noida	Good	No	23591382
7504	3861	6	5	3	2014	Jaipur	Excellent	No	43026144
7505	4030	5	5	4	2007	Ahmedabad	Good	Yes	39034300
7506	2310	2	3	1	2002	Ahmedabad	Excellent	Yes	30057095
7507	3678	5	5	4	2017	Kochi	Very Good	Yes	40372032
7508	1242	3	2	3	2002	Bangalore	Good	No	20291253
7509	4436	6	5	1	2021	Mumbai	Very Good	No	116718820
7510	4474	6	5	4	2011	Mumbai	Good	No	107156652
7511	3923	6	5	3	2026	Hyderabad	Good	Yes	49630370
7512	4997	6	5	1	2005	Delhi	Good	No	89442963
7513	543	1	1	4	2026	Delhi	Good	Yes	12789041
7514	3633	6	5	3	2012	Mysore	Good	No	30912662
7515	3926	5	5	4	2012	Bangalore	Very Good	Yes	71396447
7516	4335	6	5	3	2022	Mumbai	Very Good	Yes	108470201
7517	3545	6	5	2	2014	Pune	Very Good	Yes	61221247
7518	3072	3	3	2	2018	Jaipur	Good	Yes	30193216
7519	2130	4	3	1	2008	Bangalore	Good	No	32945993
7520	2503	5	5	1	2005	Noida	Good	No	39369975
7521	4070	6	5	4	2007	Bangalore	Fair	Yes	57074790
7522	1589	2	1	3	2021	Pune	Good	No	22939065
7523	2267	4	4	3	2026	Delhi	Very Good	Yes	50824880
7524	4820	6	5	1	2008	Ahmedabad	Good	No	53330211
7525	1476	3	4	4	2013	Mumbai	Very Good	Yes	36232519
7526	635	2	2	3	2024	Kochi	Fair	Yes	7634570
7527	4522	6	5	3	2006	Jaipur	Fair	Yes	38240968
7528	1145	2	2	1	2017	Coimbatore	Very Good	Yes	11982184
7529	4570	6	5	2	2024	Coimbatore	Very Good	No	46147990
7530	1626	2	1	2	2008	Kochi	Excellent	No	18143864
7531	4664	6	5	3	1999	Kochi	Good	No	43099846
7532	3295	5	5	2	2017	Kochi	Good	No	37677511
7533	4630	6	5	3	2008	Noida	Very Good	Yes	75469754
7534	4972	6	5	2	2006	Pune	Very Good	No	79876113
7535	4409	6	5	3	2010	Chennai	Excellent	No	71194187
7536	4602	6	5	2	2025	Coimbatore	Fair	Yes	42223444
7537	1953	2	2	3	2021	Bangalore	Very Good	No	34192728
7538	1413	2	2	3	2025	Chennai	Very Good	No	21748034
7539	4851	6	5	1	2020	Delhi	Good	No	90853919
7540	2530	4	4	1	2025	Hyderabad	Very Good	Yes	35087165
7541	3324	6	5	3	2012	Kochi	Poor	No	27042397
7542	1791	4	4	1	2012	Mumbai	Good	No	44341799
7543	4102	6	5	2	2014	Chennai	Very Good	No	63853917
7544	1477	1	2	2	2005	Mysore	Good	No	13283390
7545	4384	5	4	2	2009	Noida	Excellent	Yes	86400898
7546	4010	6	5	2	1998	Noida	Good	Yes	59960570
7547	4436	5	5	2	2016	Pune	Excellent	Yes	87490778
7548	2087	4	3	2	2011	Coimbatore	Very Good	Yes	23262032
7549	3988	6	5	3	2024	Jaipur	Good	Yes	43667183
7550	3486	5	5	3	2013	Delhi	Good	No	61968970
7551	4816	6	5	1	2003	Mysore	Good	Yes	39935810
7552	675	2	1	2	2010	Bangalore	Very Good	No	12986066
7553	2046	2	2	4	2019	Kochi	Good	No	21995958
7554	3753	5	5	3	2018	Coimbatore	Good	No	33924305
7555	2262	3	3	1	2017	Delhi	Fair	No	40492833
7556	3656	4	4	1	2019	Mysore	Good	No	31367721
7557	1881	3	3	3	2007	Ahmedabad	Good	No	19144245
7558	3510	5	5	1	2013	Jaipur	Good	Yes	35263206
7559	3982	5	4	1	2015	Delhi	Poor	Yes	59862542
7560	891	1	1	2	2005	Chennai	Good	Yes	11344085
7561	2876	5	5	2	2026	Bangalore	Good	Yes	52146079
7562	1801	4	4	4	2026	Kochi	Very Good	Yes	24819143
7563	2772	3	2	1	2006	Coimbatore	Fair	No	23112490
7564	1335	2	3	4	2009	Mumbai	Excellent	Yes	38966445
7565	1769	3	3	1	2025	Noida	Good	No	31250041
7566	4380	6	5	2	1998	Mumbai	Very Good	Yes	93414591
7567	3051	4	4	2	2001	Bangalore	Good	Yes	43603479
7568	4008	6	5	4	2005	Coimbatore	Good	No	38428113
7569	4406	6	5	2	2004	Jaipur	Very Good	Yes	47432236
7570	2872	3	3	4	2005	Ahmedabad	Good	Yes	27937574
7571	3721	6	5	3	2022	Bangalore	Fair	Yes	58010239
7572	3447	5	4	1	2017	Coimbatore	Excellent	Yes	41047716
7573	607	1	1	3	2025	Hyderabad	Poor	No	7311292
7574	4011	5	5	3	2007	Noida	Very Good	Yes	70473682
7575	2837	3	4	4	2019	Hyderabad	Very Good	No	38426967
7576	2353	2	2	4	2003	Chennai	Excellent	No	35080547
7577	3459	4	4	3	2025	Delhi	Very Good	No	74017301
7578	597	2	3	2	2019	Mumbai	Fair	Yes	13826667
7579	1582	2	1	2	2022	Delhi	Good	Yes	31055292
7580	2473	3	4	4	2022	Ahmedabad	Good	No	28984448
7581	1001	1	1	1	2014	Noida	Good	Yes	15054847
7582	1347	1	1	4	2020	Mysore	Fair	No	11591131
7583	3074	4	4	1	2008	Coimbatore	Very Good	No	31827482
7584	1424	3	2	1	2022	Mysore	Very Good	No	15594614
7585	4299	6	5	1	2019	Jaipur	Very Good	Yes	47359579
7586	4906	6	5	2	2009	Pune	Fair	Yes	69197824
7587	3879	6	5	1	2026	Bangalore	Good	No	68254236
7588	1219	2	1	1	2002	Noida	Very Good	Yes	20741077
7589	1383	2	3	4	2008	Hyderabad	Good	Yes	17156466
7590	2990	3	3	1	2001	Pune	Fair	No	34834858
7591	2375	3	3	4	2014	Ahmedabad	Good	Yes	28059268
7592	1702	1	1	2	2008	Delhi	Fair	Yes	28802757
7593	2768	4	4	4	2015	Mumbai	Very Good	No	72161433
7594	547	1	1	1	2019	Ahmedabad	Excellent	Yes	8237084
7595	4759	6	5	1	2011	Noida	Very Good	No	79120990
7596	2609	4	5	2	2000	Noida	Good	No	36279786
7597	4838	6	5	4	2000	Chennai	Good	No	61101476
7598	4606	6	5	3	2015	Kochi	Good	Yes	49954703
7599	3485	5	5	1	2002	Hyderabad	Good	No	39161912
7600	3321	6	5	3	2004	Mumbai	Fair	Yes	65756277
7601	3784	5	5	4	2017	Ahmedabad	Fair	No	38492463
7602	715	2	2	1	1998	Ahmedabad	Good	Yes	8117339
7603	502	1	2	2	2024	Coimbatore	Very Good	No	6111829
7604	3812	5	4	1	2000	Delhi	Excellent	Yes	73179060
7605	4788	6	5	2	2015	Mumbai	Very Good	Yes	127478593
7606	3699	5	4	2	2025	Noida	Very Good	No	66270504
7607	3038	3	2	4	2018	Coimbatore	Very Good	Yes	29810126
7608	3714	5	5	4	2023	Coimbatore	Good	No	36740663
7609	2524	5	5	1	2010	Delhi	Very Good	Yes	53091812
7610	760	1	1	4	2006	Mumbai	Good	Yes	17679043
7611	1467	1	1	2	2015	Noida	Good	No	23290551
7612	4465	5	5	4	1998	Ahmedabad	Good	Yes	43849638
7613	1591	3	3	4	2019	Hyderabad	Poor	Yes	16021273
7614	3762	5	5	3	2019	Hyderabad	Good	No	47737516
7615	3409	5	5	2	2019	Jaipur	Excellent	No	43080833
7616	4621	6	5	4	2026	Delhi	Very Good	No	96711896
7617	3224	6	5	1	2009	Chennai	Poor	No	34758636
7618	731	1	1	3	2000	Pune	Very Good	No	11861141
7619	3609	4	3	3	2016	Chennai	Good	Yes	45978506
7620	4042	5	5	3	2014	Mumbai	Very Good	Yes	102933853
7621	4427	6	5	2	2005	Noida	Good	No	68845162
7622	3291	5	5	2	2014	Hyderabad	Very Good	Yes	41926652
7623	3381	5	4	3	1999	Coimbatore	Good	No	27680811
7624	2603	4	4	1	2000	Jaipur	Good	Yes	22674726
7625	819	1	2	2	2022	Coimbatore	Very Good	Yes	9997613
7626	535	1	2	2	2020	Coimbatore	Excellent	Yes	7192404
7627	3444	6	5	2	2013	Jaipur	Very Good	Yes	37967259
7628	3261	5	5	1	2014	Kochi	Very Good	No	38771594
7629	644	1	1	4	2022	Kochi	Good	No	8084244
7630	1475	2	2	2	2002	Jaipur	Good	No	13486344
7631	565	1	1	1	2026	Mysore	Very Good	Yes	6114646
7632	2508	4	4	2	2018	Kochi	Fair	No	23801204
7633	2152	2	2	1	2006	Bangalore	Very Good	No	36594607
7634	4354	6	5	3	2013	Pune	Good	Yes	65795360
7635	3038	4	3	4	2010	Delhi	Good	No	55739954
7636	1811	4	4	1	2013	Jaipur	Very Good	No	20341082
7637	1984	3	2	4	2017	Ahmedabad	Fair	No	20504582
7638	2498	3	3	3	1998	Delhi	Poor	No	31362621
7639	1281	1	1	2	2026	Delhi	Good	No	26467188
7640	761	1	1	3	1998	Ahmedabad	Very Good	Yes	9117554
7641	3754	4	5	1	2007	Chennai	Fair	Yes	43762145
7642	3652	5	5	4	2026	Kochi	Fair	Yes	37927374
7643	2551	4	4	1	2005	Bangalore	Good	No	42906275
7644	4786	6	5	3	2013	Chennai	Fair	No	52914598
7645	1742	3	2	3	2007	Ahmedabad	Good	No	19439982
7646	4135	5	5	3	2005	Kochi	Excellent	Yes	47718991
7647	4165	6	5	1	2003	Coimbatore	Good	Yes	35133165
7648	4136	6	5	4	2017	Mumbai	Very Good	Yes	108032125
7649	4030	6	5	4	2014	Pune	Good	Yes	58084692
7650	748	1	1	1	2014	Bangalore	Good	Yes	12985871
7651	3597	5	5	1	2011	Coimbatore	Excellent	No	40448484
7652	4338	6	5	4	2005	Bangalore	Good	No	66375313
7653	1985	2	1	1	2006	Delhi	Very Good	No	41299351
7654	1647	3	3	3	2000	Jaipur	Excellent	Yes	17140751
7655	2860	5	4	2	2005	Coimbatore	Very Good	Yes	30609210
7656	3860	6	5	2	2019	Bangalore	Very Good	No	74844961
7657	4954	6	5	4	1998	Kochi	Excellent	Yes	53776179
7658	1686	1	1	3	2004	Pune	Good	Yes	25393451
7659	1939	3	3	2	2017	Kochi	Fair	Yes	19533408
7660	3572	5	5	1	2018	Pune	Good	Yes	59215404
7661	3846	4	3	2	2004	Coimbatore	Excellent	No	40655155
7662	3260	4	4	2	2024	Coimbatore	Very Good	Yes	37808021
7663	1592	2	2	1	1999	Kochi	Fair	Yes	14983466
7664	3238	5	5	3	2010	Delhi	Very Good	No	69904633
7665	2859	4	3	3	2025	Kochi	Good	Yes	33952927
7666	4824	6	5	4	2001	Mysore	Good	Yes	40588857
7667	3672	4	4	3	2010	Mumbai	Very Good	Yes	93674015
7668	1538	2	2	4	2007	Chennai	Very Good	Yes	22718650
7669	589	1	1	4	2000	Ahmedabad	Very Good	No	6777994
7670	4685	6	5	1	2021	Bangalore	Very Good	Yes	94478270
7671	1461	2	2	3	2017	Kochi	Very Good	No	17456019
7672	1800	3	3	3	2019	Delhi	Good	Yes	33316835
7673	3358	5	4	3	2012	Noida	Good	No	49702155
7674	1053	3	3	1	2023	Kochi	Good	Yes	12062321
7675	3530	6	5	2	2022	Noida	Good	No	55961228
7676	3870	6	5	2	2011	Jaipur	Poor	No	31312443
7677	3286	5	5	2	2024	Pune	Good	No	55323144
7678	4978	6	5	3	2025	Noida	Good	No	89026706
7679	3536	5	5	1	2005	Chennai	Very Good	No	46970980
7680	3396	5	5	2	2024	Coimbatore	Poor	Yes	29721410
7681	3275	4	5	2	2012	Hyderabad	Good	Yes	41176313
7682	3152	6	5	4	2006	Ahmedabad	Excellent	No	38077675
7683	1563	3	4	2	2000	Kochi	Good	Yes	16274495
7684	602	2	3	2	2011	Pune	Fair	Yes	8754709
7685	4782	6	5	2	2006	Pune	Good	No	71006573
7686	2596	3	2	1	2023	Hyderabad	Very Good	No	36441696
7687	2334	3	3	2	2005	Hyderabad	Fair	No	23636152
7688	2252	4	4	2	1998	Jaipur	Poor	Yes	16235718
7689	3881	6	5	3	2018	Noida	Very Good	No	65873761
7690	3249	5	5	1	2014	Jaipur	Very Good	No	34470556
7691	3146	5	5	4	2001	Mumbai	Fair	Yes	56840961
7692	1802	3	4	4	2017	Pune	Excellent	No	32961924
7693	3474	5	5	3	2002	Bangalore	Fair	No	49055116
7694	4033	6	5	1	2015	Jaipur	Fair	Yes	33298004
7695	4050	6	5	4	2024	Delhi	Good	Yes	84290054
7696	4544	5	5	1	2006	Delhi	Good	No	84067264
7697	1786	3	2	3	2003	Noida	Excellent	No	34789305
7698	3769	4	5	3	1999	Delhi	Very Good	Yes	69897192
7699	934	2	2	4	2015	Coimbatore	Very Good	Yes	10626043
7700	607	1	1	1	2018	Mumbai	Very Good	Yes	16697251
7701	1798	3	3	1	2008	Coimbatore	Good	Yes	17431416
7702	1272	2	1	1	2002	Mumbai	Fair	No	24360598
7703	2127	2	2	1	2017	Chennai	Fair	No	26643555
7704	3470	5	5	2	2022	Ahmedabad	Excellent	Yes	48882671
7705	1429	2	2	2	2003	Mysore	Good	Yes	13036199
7706	4255	6	5	3	2012	Kochi	Very Good	No	48673880
7707	1907	3	2	3	2003	Chennai	Good	No	22539856
7708	4384	6	5	1	2003	Bangalore	Good	No	63860429
7709	3955	6	5	3	2005	Delhi	Fair	Yes	59407530
7710	3855	6	5	4	2020	Mumbai	Very Good	No	96557394
7711	616	1	1	2	1998	Ahmedabad	Very Good	No	6509534
7712	614	2	1	2	1998	Chennai	Good	Yes	7795660
7713	3327	5	4	4	2009	Kochi	Good	No	31130803
7714	659	1	2	1	2001	Pune	Very Good	No	10995497
7715	2206	2	2	3	2025	Noida	Good	Yes	39586552
7716	3417	6	5	2	2026	Jaipur	Good	Yes	36993271
7717	4966	6	5	2	2022	Hyderabad	Very Good	Yes	69700399
7718	3836	5	5	4	2000	Coimbatore	Good	No	33167250
7719	3242	4	4	1	2021	Kochi	Good	Yes	37622242
7720	2131	4	5	1	2022	Mysore	Fair	No	19027375
7721	2492	4	5	4	2025	Mumbai	Good	No	62886214
7722	3432	6	5	4	2010	Bangalore	Very Good	Yes	58377074
7723	2535	5	4	2	2016	Hyderabad	Fair	No	30077880
7724	605	1	1	3	2024	Delhi	Very Good	Yes	13628385
7725	1896	3	2	3	2021	Hyderabad	Good	Yes	24105775
7726	684	1	1	3	1999	Coimbatore	Very Good	No	6871694
7727	1064	1	1	2	2015	Pune	Good	Yes	17267788
7728	4679	6	5	2	2018	Mysore	Excellent	Yes	50852448
7729	1396	1	1	2	2017	Hyderabad	Good	No	16583871
7730	1307	1	2	2	2016	Ahmedabad	Excellent	No	17680494
7731	2458	3	2	4	2017	Coimbatore	Very Good	Yes	26185613
7732	3521	5	5	4	2021	Ahmedabad	Very Good	Yes	43722978
7733	1101	2	3	4	2017	Jaipur	Very Good	Yes	13359590
7734	1650	2	3	2	2002	Mysore	Good	Yes	15126780
7735	2828	4	4	1	2019	Hyderabad	Excellent	Yes	44520147
7736	4853	6	5	1	2021	Chennai	Very Good	No	74375938
7737	2868	5	4	2	1999	Hyderabad	Very Good	No	32690688
7738	1894	4	3	1	2007	Kochi	Poor	Yes	15057996
7739	2058	4	3	1	2013	Mysore	Fair	Yes	16827499
7740	4141	5	4	3	2004	Hyderabad	Good	Yes	47516163
7741	1470	2	3	4	1999	Jaipur	Very Good	No	14121506
7742	2417	3	3	2	2020	Ahmedabad	Good	No	26568607
7743	2636	4	4	2	2022	Hyderabad	Good	Yes	33736084
7744	1679	2	1	4	2016	Pune	Fair	Yes	22151240
7745	4672	6	5	1	1999	Delhi	Very Good	Yes	91570236
7746	2330	3	4	1	2009	Mumbai	Good	No	49643450
7747	1357	2	1	1	2014	Noida	Very Good	No	22917357
7748	559	1	1	4	2001	Jaipur	Poor	No	4432915
7749	3506	5	4	3	2018	Bangalore	Good	No	57502736
7750	3746	5	5	1	2005	Mysore	Fair	Yes	30006794
7751	4268	5	5	4	2001	Noida	Good	Yes	63875075
7752	1653	1	1	1	2011	Mumbai	Good	Yes	38078343
7753	4071	6	5	4	2017	Coimbatore	Good	Yes	41772755
7754	4244	5	5	1	2018	Mumbai	Excellent	Yes	127060451
7755	1933	3	4	4	2003	Mysore	Very Good	Yes	18646682
7756	1282	1	1	1	2000	Noida	Good	No	18395013
7757	4371	6	5	4	2010	Mysore	Good	No	39294254
7758	892	1	1	2	2019	Jaipur	Very Good	Yes	9421142
7759	2150	3	2	1	2021	Coimbatore	Good	No	22355311
7760	4505	6	5	2	2008	Coimbatore	Fair	Yes	37336860
7761	4089	5	4	2	2012	Jaipur	Good	Yes	36797972
7762	4135	5	4	4	2000	Coimbatore	Good	Yes	37532579
7763	2246	3	3	3	2020	Coimbatore	Good	Yes	23632326
7764	2803	4	5	2	2006	Hyderabad	Good	Yes	35520176
7765	2593	5	5	4	2025	Mysore	Fair	No	23306860
7766	4145	6	5	3	2009	Noida	Good	Yes	66651349
7767	1626	3	2	1	2007	Pune	Good	No	24435854
7768	2299	3	4	4	2005	Mysore	Fair	No	17160878
7769	593	1	1	2	2000	Ahmedabad	Very Good	No	6622699
7770	3166	5	5	2	2015	Chennai	Fair	Yes	36391033
7771	955	2	3	4	2014	Chennai	Good	Yes	14415344
7772	547	1	2	4	2026	Kochi	Fair	Yes	6834586
7773	2221	4	4	4	2015	Mumbai	Very Good	Yes	56242824
7774	3534	5	5	1	2014	Jaipur	Good	Yes	34230053
7775	3752	6	5	2	2010	Chennai	Very Good	No	56437121
7776	3943	5	4	4	1999	Hyderabad	Very Good	Yes	50525158
7777	2438	3	2	2	2008	Hyderabad	Very Good	Yes	31099355
7778	4479	6	5	4	2003	Chennai	Poor	No	46696084
7779	2838	4	4	3	2000	Chennai	Very Good	No	38064198
7780	1925	3	3	1	2024	Delhi	Very Good	No	42556931
7781	3468	6	5	2	2004	Jaipur	Good	Yes	33390707
7782	1902	4	5	2	1998	Mumbai	Good	No	38833556
7783	4318	6	5	3	2024	Pune	Excellent	Yes	86503797
7784	2995	3	3	4	2004	Bangalore	Very Good	Yes	54665869
7785	2044	3	3	1	2005	Bangalore	Very Good	Yes	37315257
7786	4817	6	5	2	2008	Noida	Good	Yes	71180662
7787	3260	4	4	4	2012	Pune	Good	Yes	51159467
7788	3798	4	4	4	2006	Kochi	Poor	No	30073391
7789	2650	3	3	3	2009	Hyderabad	Good	No	32978715
7790	1938	2	3	1	2015	Ahmedabad	Poor	Yes	18809520
7791	1240	2	2	1	2008	Jaipur	Very Good	No	13603098
7792	1895	3	3	1	1999	Noida	Good	No	28249025
7793	3112	5	5	3	2006	Hyderabad	Good	No	35121011
7794	2178	3	2	1	2019	Ahmedabad	Fair	No	20764881
7795	3835	5	4	1	2022	Hyderabad	Good	Yes	52634769
7796	1939	4	4	3	2014	Noida	Very Good	Yes	33396300
7797	4174	5	5	3	2015	Jaipur	Good	No	38680653
7798	2766	4	3	4	2017	Ahmedabad	Good	No	30164910
7799	4077	6	5	4	2018	Noida	Very Good	Yes	70029684
7800	1330	2	2	4	2021	Mysore	Very Good	Yes	13610469
7801	621	1	2	1	1999	Bangalore	Fair	Yes	9513184
7802	3277	4	3	4	2025	Bangalore	Very Good	Yes	62129503
7803	4745	6	5	3	2006	Kochi	Very Good	No	49549652
7804	1817	3	4	1	2004	Noida	Good	Yes	26058637
7805	1901	3	3	3	2024	Pune	Very Good	Yes	31605777
7806	4296	6	5	1	2018	Mumbai	Very Good	Yes	112761256
7807	1038	1	2	4	2009	Chennai	Good	Yes	13508294
7808	1977	3	2	3	1998	Mumbai	Good	Yes	39773254
7809	3156	5	5	4	2008	Coimbatore	Good	Yes	29634048
7810	4522	6	5	1	2000	Bangalore	Very Good	No	75373696
7811	2984	4	3	3	2019	Jaipur	Fair	Yes	26323141
7812	2693	4	4	2	2012	Delhi	Very Good	No	50833120
7813	3466	5	5	4	2022	Bangalore	Good	Yes	56570785
7814	982	1	1	3	2009	Pune	Good	Yes	15028953
7815	1292	2	2	4	2018	Pune	Good	Yes	20270759
7816	3108	5	5	2	1999	Noida	Excellent	No	56203620
7817	1192	1	1	1	2004	Noida	Fair	Yes	17027144
7818	4211	6	5	3	2025	Mysore	Good	No	37260677
7819	559	1	2	4	1998	Bangalore	Good	Yes	8691488
7820	958	1	1	1	2026	Kochi	Very Good	No	11513148
7821	2555	4	5	1	2018	Kochi	Very Good	No	32164460
7822	4606	6	5	4	2014	Mysore	Fair	No	35707060
7823	4010	5	5	4	2002	Mumbai	Good	Yes	91289327
7824	2011	2	3	4	2011	Hyderabad	Excellent	No	29517196
7825	1320	3	3	2	2000	Coimbatore	Very Good	Yes	12673948
7826	1577	2	2	1	2019	Bangalore	Very Good	No	28783236
7827	3617	6	5	4	2006	Mumbai	Very Good	Yes	89297592
7828	2545	5	5	4	2017	Mumbai	Very Good	Yes	66642466
7829	4551	6	5	1	2023	Jaipur	Good	Yes	48347919
7830	3054	5	5	3	2001	Mumbai	Very Good	Yes	73112679
7831	4909	6	5	4	2002	Bangalore	Excellent	No	96341158
7832	4636	6	5	2	2023	Mumbai	Excellent	Yes	136946019
7833	4603	6	5	2	1999	Mumbai	Very Good	No	109275774
7834	1843	2	2	3	2004	Jaipur	Good	Yes	15909159
7835	1893	3	2	4	2021	Pune	Excellent	No	34666638
7836	3695	6	5	3	2017	Bangalore	Fair	Yes	56387027
7837	4809	6	5	4	2003	Noida	Good	Yes	69575861
7838	3542	5	4	3	2019	Hyderabad	Good	Yes	47734970
7839	1501	2	1	3	1998	Ahmedabad	Good	No	14515910
7840	4203	6	5	2	2026	Hyderabad	Good	No	57443257
7841	1520	2	2	1	2019	Mysore	Good	No	13801578
7842	2309	2	1	1	2018	Coimbatore	Good	No	22247431
7843	2605	5	5	4	2009	Coimbatore	Excellent	Yes	32294741
7844	2729	4	4	1	2012	Chennai	Good	No	35956401
7845	1026	1	1	1	2006	Jaipur	Fair	No	8092642
7846	3358	5	4	4	1998	Hyderabad	Excellent	No	47804514
7847	1763	4	3	1	1998	Delhi	Good	Yes	32036620
7848	1807	4	5	3	2016	Mumbai	Good	Yes	42824093
7849	3494	4	5	4	2014	Jaipur	Very Good	No	39044474
7850	3179	5	5	4	2019	Coimbatore	Very Good	No	37009337
7851	941	1	1	3	2013	Hyderabad	Very Good	Yes	14070684
7852	2638	4	5	4	2002	Coimbatore	Fair	No	21934364
7853	4934	6	5	1	2015	Chennai	Very Good	Yes	72115751
7854	3106	4	4	4	2026	Mumbai	Good	No	74549139
7855	2062	2	2	4	2002	Chennai	Very Good	Yes	27827100
7856	2736	4	4	2	2013	Bangalore	Very Good	Yes	46237107
7857	3345	6	5	1	2015	Mysore	Fair	No	29022996
7858	4561	6	5	2	2010	Coimbatore	Good	Yes	39952138
7859	2672	4	3	3	2024	Jaipur	Fair	Yes	25975052
7860	1392	3	3	3	1999	Hyderabad	Fair	Yes	15588247
7861	4384	6	5	3	2025	Hyderabad	Good	Yes	57024589
7862	4173	6	5	3	2026	Ahmedabad	Good	Yes	51198667
7863	2565	4	3	3	2004	Delhi	Poor	Yes	35925240
7864	4016	6	5	4	2018	Mumbai	Excellent	Yes	109084898
7865	1527	2	2	3	2026	Noida	Good	Yes	26716889
7866	2273	3	3	3	2020	Jaipur	Good	Yes	24920126
7867	2367	3	4	3	1999	Ahmedabad	Poor	Yes	19440638
7868	3520	6	5	2	2021	Mumbai	Fair	No	71725875
7869	1025	1	2	4	1998	Hyderabad	Good	Yes	12533354
7870	2016	4	5	1	2010	Coimbatore	Very Good	Yes	20599927
7871	1835	4	3	4	2019	Pune	Good	No	30272673
7872	3341	5	5	2	2007	Jaipur	Good	Yes	29862393
7873	2835	3	2	3	2009	Ahmedabad	Good	Yes	31399779
7874	1621	3	2	2	2014	Delhi	Good	Yes	32572515
7875	2471	4	4	2	2021	Ahmedabad	Poor	Yes	24553727
7876	1023	1	2	1	1999	Mumbai	Good	Yes	22634212
7877	4460	5	5	1	2019	Ahmedabad	Good	Yes	51863275
7878	2727	4	4	2	2000	Mumbai	Good	No	58044312
7879	3060	3	2	1	2023	Mumbai	Fair	Yes	61628228
7880	4637	6	5	2	2007	Delhi	Excellent	Yes	94480246
7881	3513	6	5	2	2015	Kochi	Fair	Yes	35103466
7882	5000	6	5	1	2009	Mysore	Very Good	No	43944801
7883	3720	4	4	1	2013	Ahmedabad	Very Good	Yes	45314925
7884	2630	4	5	2	2016	Jaipur	Very Good	Yes	28265565
7885	3926	6	5	2	2017	Mysore	Fair	Yes	32094628
7886	1740	2	1	3	2004	Chennai	Very Good	Yes	24890250
7887	2054	2	3	2	2005	Noida	Poor	Yes	24804134
7888	2757	5	4	1	2007	Ahmedabad	Good	No	26862417
7889	800	1	1	2	2002	Pune	Fair	No	10585930
7890	1201	3	2	4	2014	Hyderabad	Excellent	Yes	19021573
7891	1193	2	2	1	2025	Mysore	Very Good	No	12848244
7892	1696	3	4	4	2023	Bangalore	Good	Yes	31848433
7893	1922	2	2	1	2017	Jaipur	Very Good	Yes	20855817
7894	2576	4	5	2	1999	Delhi	Poor	No	37799715
7895	3614	4	5	4	2003	Noida	Fair	Yes	52780267
7896	4143	6	5	2	2010	Noida	Fair	Yes	61794976
7897	3852	6	5	4	2010	Hyderabad	Excellent	Yes	54369331
7898	1809	3	4	3	1999	Ahmedabad	Very Good	No	18921044
7899	4989	6	5	2	2001	Ahmedabad	Good	Yes	50861514
7900	856	2	3	4	2022	Noida	Excellent	No	18801177
7901	4722	6	5	1	2025	Pune	Good	Yes	80734523
7902	772	1	1	3	2013	Mumbai	Good	Yes	19428773
7903	767	1	2	4	2014	Mumbai	Fair	Yes	17050762
7904	1127	1	2	3	2007	Mysore	Good	No	9935348
7905	849	2	1	1	2006	Kochi	Good	No	9086394
7906	3571	6	5	2	2014	Bangalore	Fair	No	49160195
7907	792	1	2	1	2024	Kochi	Very Good	No	9031779
7908	4600	6	5	4	2011	Pune	Good	Yes	64897936
7909	1361	2	2	3	2020	Delhi	Good	No	25475200
7910	1430	1	1	4	2025	Kochi	Very Good	No	18364446
7911	1858	2	2	1	2009	Bangalore	Excellent	No	35193216
7912	1078	1	1	3	2018	Kochi	Good	Yes	12090657
7913	1092	3	4	2	2006	Chennai	Fair	Yes	13490161
7914	4683	6	5	1	2014	Kochi	Very Good	Yes	54957231
7915	4190	6	5	4	2013	Noida	Poor	No	57414940
7916	4039	6	5	2	2020	Chennai	Good	No	56091953
7917	2140	2	2	1	2021	Mumbai	Very Good	No	58196139
7918	4471	6	5	1	2020	Ahmedabad	Fair	No	48762911
7919	4774	6	5	4	2022	Mysore	Good	Yes	42516117
7920	1840	3	4	4	2019	Ahmedabad	Good	No	21987091
7921	1213	1	2	1	1998	Delhi	Very Good	No	22536810
7922	4720	6	5	4	2012	Noida	Good	No	69864887
7923	1038	1	1	2	2019	Mumbai	Poor	Yes	20267385
7924	811	2	1	4	2001	Mysore	Good	Yes	7855191
7925	4055	5	5	1	2026	Mumbai	Excellent	No	115781080
7926	4646	6	5	3	2000	Chennai	Good	Yes	52385627
7927	818	2	1	4	2018	Bangalore	Very Good	No	16062350
7928	3785	5	5	1	2004	Coimbatore	Good	Yes	34381668
7929	4728	6	5	3	1999	Pune	Very Good	Yes	69190315
7930	2627	4	4	2	2009	Hyderabad	Very Good	No	33323450
7931	4981	6	5	4	2011	Pune	Very Good	No	80324222
7932	3397	6	5	3	2005	Chennai	Fair	No	36663344
7933	815	2	1	3	2018	Noida	Very Good	Yes	14353368
7934	2743	5	5	3	1998	Coimbatore	Good	Yes	22668468
7935	3438	5	5	2	2011	Noida	Poor	No	43270503
7936	1168	1	1	3	2023	Ahmedabad	Very Good	Yes	15151509
7937	2528	4	3	2	2019	Chennai	Good	No	35962617
7938	3740	6	5	2	2018	Delhi	Very Good	No	74127133
7939	2803	4	5	2	2001	Coimbatore	Good	Yes	23482859
7940	2305	4	4	3	1998	Jaipur	Excellent	Yes	24063409
7941	596	1	1	1	2007	Mumbai	Fair	Yes	12095464
7942	867	2	2	2	2004	Coimbatore	Excellent	Yes	10749241
7943	1241	3	2	3	1998	Bangalore	Good	Yes	17879576
7944	1778	2	1	2	2006	Delhi	Good	Yes	33412464
7945	4167	6	5	2	2014	Coimbatore	Good	Yes	37640726
7946	3787	5	5	1	2022	Hyderabad	Fair	Yes	45639585
7947	1221	3	3	4	2017	Pune	Excellent	Yes	22277915
7948	916	1	1	1	2015	Coimbatore	Good	No	8251445
7949	3199	6	5	4	2000	Hyderabad	Excellent	Yes	43245854
7950	4324	6	5	4	2012	Jaipur	Fair	No	35819855
7951	2807	5	5	1	2003	Hyderabad	Very Good	No	34778184
7952	1799	3	3	1	1999	Jaipur	Very Good	Yes	17218677
7953	717	1	1	1	2007	Mysore	Very Good	Yes	7504103
7954	4497	6	5	3	2009	Delhi	Good	No	80398306
7955	3192	5	4	4	2013	Coimbatore	Fair	Yes	29840125
7956	2588	4	4	2	2024	Chennai	Good	No	38217482
7957	1759	4	3	4	1999	Kochi	Good	No	16193043
7958	3633	5	4	3	2016	Noida	Very Good	No	61429687
7959	3134	4	4	4	2010	Ahmedabad	Very Good	Yes	34119486
7960	1210	1	2	2	2012	Jaipur	Very Good	No	13604931
7961	869	2	3	1	2020	Jaipur	Good	No	8862605
7962	4180	5	5	2	2006	Ahmedabad	Good	Yes	41739306
7963	2286	2	1	3	2020	Kochi	Excellent	Yes	30535028
7964	4820	6	5	1	2009	Mysore	Excellent	No	51405514
7965	2728	5	4	2	2003	Kochi	Very Good	No	29110493
7966	2065	3	4	4	1998	Hyderabad	Good	Yes	23185574
7967	4701	6	5	3	2017	Bangalore	Good	Yes	76305984
7968	4526	5	4	1	2018	Delhi	Good	No	79465589
7969	986	1	2	1	2025	Delhi	Good	No	19786887
7970	2913	3	4	3	2016	Mysore	Very Good	No	28231705
7971	3686	5	5	2	1999	Kochi	Good	Yes	36375988
7972	4099	6	5	1	2017	Mumbai	Very Good	No	96776278
7973	1212	2	2	1	2002	Coimbatore	Very Good	No	11502177
7974	1170	1	1	3	2005	Chennai	Good	No	13543275
7975	4428	6	5	4	2003	Coimbatore	Very Good	Yes	43338253
7976	886	1	1	4	2016	Chennai	Poor	No	9206522
7977	4669	6	5	4	2020	Mysore	Fair	No	38280753
7978	2058	3	2	2	2010	Noida	Fair	Yes	30611786
7979	4807	6	5	1	2012	Noida	Good	Yes	71909076
7980	2816	4	5	4	2009	Delhi	Poor	Yes	41848757
7981	509	1	1	2	2019	Ahmedabad	Very Good	Yes	6950047
7982	3385	4	3	2	2018	Coimbatore	Good	Yes	30311754
7983	3861	6	5	3	2021	Coimbatore	Good	No	39793696
7984	1223	1	1	2	2019	Chennai	Excellent	No	20837173
7985	3729	5	5	2	2021	Noida	Excellent	Yes	79302456
7986	3444	5	4	2	2024	Hyderabad	Good	Yes	42405048
7987	589	1	1	4	2019	Pune	Very Good	Yes	11565758
7988	2114	3	3	2	2022	Ahmedabad	Good	No	22652238
7989	2660	3	2	2	2009	Noida	Very Good	No	43949374
7990	2421	3	3	1	2003	Mysore	Excellent	No	24140048
7991	1128	2	2	3	2012	Jaipur	Good	Yes	11748376
7992	1126	3	4	1	2022	Mysore	Very Good	Yes	13734617
7993	2813	4	4	3	2017	Kochi	Good	Yes	28232045
7994	2337	4	4	2	2015	Kochi	Good	Yes	23981430
7995	1692	2	1	4	2006	Hyderabad	Poor	Yes	16890000
7996	1948	3	3	3	2008	Delhi	Very Good	Yes	37610828
7997	2479	4	3	4	1998	Noida	Very Good	Yes	42746714
7998	1071	1	1	3	2010	Kochi	Good	No	11480634
7999	3464	5	5	3	2013	Hyderabad	Very Good	No	43165206
8000	3384	6	5	4	2013	Bangalore	Excellent	Yes	69030448
8001	3909	6	5	1	2007	Ahmedabad	Good	No	38655052
8002	2524	3	4	4	2003	Delhi	Very Good	Yes	46069642
8003	4141	6	5	1	2007	Kochi	Good	Yes	44639437
8004	783	1	2	3	2013	Noida	Good	Yes	12267961
8005	2375	3	3	4	2007	Hyderabad	Excellent	No	36167189
8006	4354	6	5	4	2003	Bangalore	Excellent	Yes	79641080
8007	725	2	2	4	2008	Bangalore	Good	No	12154050
8008	1713	2	2	3	2011	Pune	Very Good	No	25640322
8009	1982	3	3	2	2001	Ahmedabad	Good	No	20321499
8010	2624	3	3	4	2008	Mumbai	Very Good	No	62650681
8011	2467	5	5	3	2020	Ahmedabad	Very Good	Yes	32710777
8012	2103	2	2	1	2004	Mysore	Fair	Yes	16408284
8013	622	1	1	3	2017	Kochi	Very Good	No	7463977
8014	4988	6	5	2	2020	Kochi	Very Good	No	61431906
8015	2087	4	4	2	2016	Delhi	Good	Yes	37393258
8016	4994	6	5	3	2025	Chennai	Good	No	69876419
8017	4403	6	5	1	2004	Noida	Excellent	No	77839557
8018	3299	4	3	4	2000	Ahmedabad	Very Good	Yes	38429093
8019	2609	4	4	3	2005	Chennai	Good	Yes	35048104
8020	3391	4	3	1	2016	Mysore	Fair	Yes	29720108
8021	4410	5	5	4	2021	Noida	Very Good	No	82825750
8022	1805	4	4	3	1999	Pune	Good	Yes	24071766
8023	908	1	1	3	1998	Mumbai	Good	Yes	20762822
8024	3013	4	4	4	2023	Noida	Good	Yes	47321431
8025	1728	1	1	2	2010	Bangalore	Good	No	25277700
8026	2241	2	2	3	2019	Coimbatore	Excellent	No	24972256
8027	4313	6	5	3	2024	Pune	Fair	No	59165575
8028	1064	2	2	3	2001	Coimbatore	Very Good	No	10670760
8029	3657	4	4	3	1999	Pune	Very Good	No	56942285
8030	4204	6	5	3	1999	Coimbatore	Good	No	35933440
8031	4336	5	5	2	2006	Chennai	Excellent	No	69953818
8032	3241	5	5	3	1998	Noida	Very Good	Yes	55699698
8033	2513	4	3	1	2012	Noida	Very Good	Yes	40869718
8034	1239	2	3	3	2021	Kochi	Excellent	Yes	17529317
8035	4647	6	5	3	2026	Chennai	Good	No	69198383
8036	4883	6	5	4	1998	Coimbatore	Excellent	No	51175428
8037	3840	6	5	1	2013	Jaipur	Excellent	No	48397536
8038	4223	5	5	4	2006	Pune	Very Good	Yes	61656990
8039	2141	2	2	1	2000	Pune	Good	Yes	28472184
8040	1629	1	1	1	2011	Ahmedabad	Good	Yes	16377607
8041	744	1	2	3	2006	Pune	Very Good	No	12325326
8042	3034	4	5	2	2016	Coimbatore	Very Good	Yes	31224134
8043	4783	6	5	3	2023	Noida	Excellent	Yes	91279015
8044	1390	2	1	2	2002	Delhi	Excellent	No	28523061
8045	1199	3	2	4	2021	Ahmedabad	Very Good	No	15518210
8046	1563	1	1	1	2015	Hyderabad	Very Good	Yes	20534282
8047	3684	6	5	2	2002	Jaipur	Good	No	32990920
8048	1730	2	1	4	2017	Chennai	Very Good	No	23580116
8049	3720	5	5	4	2025	Coimbatore	Fair	Yes	35160024
8050	716	1	1	1	2015	Mumbai	Good	Yes	17673854
8051	3659	4	4	2	2023	Noida	Good	Yes	62183494
8052	2292	4	5	2	2022	Bangalore	Very Good	Yes	41510937
8053	2348	3	3	2	2002	Coimbatore	Very Good	Yes	23077419
8054	4325	6	5	1	2019	Mumbai	Very Good	No	105359135
8055	1752	4	3	1	2024	Bangalore	Fair	No	30298664
8056	1886	4	5	4	1998	Bangalore	Good	No	29505200
8057	761	1	1	3	2006	Kochi	Very Good	Yes	8423871
8058	1726	2	2	3	1998	Mumbai	Very Good	No	38026852
8059	4976	6	5	4	2007	Pune	Excellent	No	84248405
8060	1534	1	1	2	2019	Ahmedabad	Poor	Yes	14621219
8061	4176	6	5	2	2017	Mumbai	Very Good	No	105444706
8062	3725	6	5	2	2024	Jaipur	Very Good	Yes	46055221
8063	3683	5	5	4	2001	Chennai	Good	No	47307753
8064	3703	6	5	4	2026	Mumbai	Good	No	98664358
8065	4649	6	5	1	1999	Noida	Fair	No	62353898
8066	3230	5	5	3	2000	Chennai	Very Good	No	42357088
8067	3559	4	4	4	2017	Kochi	Fair	Yes	35394799
8068	4385	6	5	3	2021	Mumbai	Fair	No	87177646
8069	4747	6	5	1	2006	Bangalore	Fair	Yes	70873944
8070	3035	5	4	3	2002	Ahmedabad	Good	No	29363103
8071	1875	3	4	1	2008	Ahmedabad	Very Good	Yes	22640434
8072	1996	2	2	1	2000	Noida	Very Good	Yes	33280357
8073	1874	2	2	3	2013	Delhi	Good	Yes	34420027
8074	4349	6	5	1	2004	Delhi	Excellent	No	95085581
8075	950	1	1	2	1998	Chennai	Very Good	Yes	12121807
8076	4858	6	5	2	2021	Hyderabad	Excellent	Yes	78287876
8077	3193	6	5	3	2006	Noida	Good	No	45587414
8078	4989	6	5	2	2015	Delhi	Good	No	94510103
8079	4945	6	5	2	2021	Pune	Very Good	No	81654978
8080	3342	4	5	1	2009	Hyderabad	Poor	No	32055592
8081	4247	6	5	1	2015	Hyderabad	Good	Yes	56200006
8082	1245	1	1	4	2004	Bangalore	Good	Yes	19149767
8083	3781	5	4	4	2026	Ahmedabad	Poor	No	35018505
8084	4947	6	5	1	2008	Jaipur	Good	Yes	49532871
8085	1692	3	2	3	2021	Hyderabad	Fair	No	19163404
8086	3134	3	2	2	2017	Pune	Fair	Yes	44911240
8087	4696	6	5	3	2018	Bangalore	Good	No	75453579
8088	2700	5	4	1	2004	Kochi	Good	Yes	28151673
8089	4342	6	5	2	2006	Chennai	Good	Yes	53008784
8090	1141	3	3	2	2020	Kochi	Good	No	13821109
8091	2563	5	5	3	2017	Bangalore	Fair	Yes	42610578
8092	3899	6	5	2	2011	Kochi	Good	Yes	39611890
8093	4189	6	5	2	2026	Hyderabad	Good	No	58189517
8094	3918	6	5	2	2023	Chennai	Good	Yes	53675316
8095	1704	2	2	4	2020	Hyderabad	Good	Yes	20690368
8096	4865	6	5	1	2000	Coimbatore	Good	No	41744464
8097	2473	5	5	3	2021	Bangalore	Poor	Yes	37843110
8098	4246	6	5	1	2012	Chennai	Excellent	No	67784484
8099	3894	6	5	4	2011	Bangalore	Good	No	67456909
8100	1452	2	2	3	2017	Coimbatore	Very Good	Yes	16793153
8101	1507	1	1	3	2013	Pune	Good	No	23365328
8102	1573	1	1	1	2011	Bangalore	Poor	No	21266197
8103	4489	6	5	2	2009	Mysore	Excellent	Yes	48847214
8104	3062	4	3	4	2004	Mumbai	Very Good	Yes	73804436
8105	1953	3	2	1	2006	Jaipur	Good	Yes	17086149
8106	2272	3	3	3	2023	Mumbai	Very Good	Yes	59918831
8107	2150	3	2	4	2003	Delhi	Good	No	35038095
8108	1201	2	2	3	2025	Pune	Excellent	No	22966604
8109	4268	5	4	4	2025	Delhi	Good	Yes	84213505
8110	832	1	1	2	2024	Kochi	Very Good	No	10243586
8111	2503	5	5	1	2003	Jaipur	Good	No	22493515
8112	1145	1	2	3	2025	Chennai	Poor	Yes	13496128
8113	2109	3	3	3	2024	Delhi	Good	No	42331520
8114	925	1	2	1	1999	Bangalore	Good	No	14099247
8115	1724	2	2	2	2004	Mysore	Good	Yes	14170201
8116	3616	5	5	1	2024	Pune	Excellent	Yes	67806370
8117	2902	4	4	4	2026	Kochi	Very Good	Yes	34993151
8118	808	1	2	3	2023	Jaipur	Very Good	Yes	10062326
8119	1421	1	1	1	2009	Noida	Very Good	Yes	22647431
8120	3051	4	3	4	2003	Jaipur	Excellent	No	35100366
8121	1726	1	1	4	2018	Delhi	Good	Yes	35623146
8122	1252	2	3	1	2014	Delhi	Good	No	25320486
8123	1836	4	3	1	2002	Pune	Excellent	No	32035678
8124	4633	6	5	3	2024	Coimbatore	Fair	Yes	42626082
8125	4087	6	5	1	2022	Delhi	Good	No	83885046
8126	3105	5	5	1	1998	Kochi	Good	Yes	31475506
8127	2105	4	3	2	2017	Pune	Poor	Yes	25570483
8128	858	1	1	1	2011	Coimbatore	Good	No	7486343
8129	848	1	2	4	2022	Jaipur	Poor	Yes	8023543
8130	2177	3	3	1	2003	Hyderabad	Good	No	23053786
8131	1580	2	1	2	2019	Pune	Poor	Yes	18898840
8132	3448	6	5	3	2013	Kochi	Good	No	37131570
8133	3779	5	5	3	2012	Noida	Very Good	No	68765353
8134	1661	2	2	2	2011	Noida	Excellent	No	30362537
8135	2829	3	3	3	2021	Ahmedabad	Good	Yes	33224322
8136	1115	3	3	4	2000	Coimbatore	Excellent	No	13492864
8137	2406	3	4	3	2024	Hyderabad	Good	No	29933042
8138	4428	5	5	4	2014	Noida	Very Good	Yes	83309431
8139	3576	4	4	4	2013	Noida	Very Good	Yes	66397598
8140	2007	4	3	2	2021	Pune	Very Good	No	35544692
8141	1839	2	2	3	2018	Chennai	Fair	No	21757661
8142	1027	1	2	4	2012	Mysore	Very Good	Yes	10466841
8143	3973	5	5	4	2019	Hyderabad	Very Good	Yes	58702114
8144	3297	5	5	1	2020	Pune	Good	Yes	49184511
8145	749	1	1	4	2026	Delhi	Good	Yes	16843827
8146	955	2	2	4	2009	Ahmedabad	Excellent	No	13223394
8147	2510	3	3	2	2006	Noida	Very Good	No	44303748
8148	3281	4	5	2	2017	Pune	Very Good	No	54317832
8149	3497	4	5	3	2015	Bangalore	Very Good	Yes	66698255
8150	1973	2	3	2	2009	Pune	Good	No	30681536
8151	2129	3	2	1	2002	Ahmedabad	Poor	Yes	17380926
8152	4703	6	5	1	2011	Kochi	Very Good	No	54184652
8153	1734	1	1	3	2013	Pune	Good	No	25941668
8154	3469	5	5	1	2018	Ahmedabad	Fair	Yes	33768520
8155	530	1	1	2	2000	Mysore	Fair	No	4521277
8156	3507	4	3	3	2011	Mumbai	Good	Yes	84060811
8157	4914	6	5	2	1999	Chennai	Good	Yes	54729074
8158	2164	4	3	3	2004	Coimbatore	Good	No	18536771
8159	947	1	1	4	2021	Mysore	Very Good	Yes	9594412
8160	2641	4	3	1	2010	Noida	Poor	Yes	34994051
8161	2092	3	2	1	2007	Bangalore	Good	Yes	31427655
8162	1156	2	2	4	2001	Mumbai	Good	Yes	24032931
8163	4750	6	5	1	2024	Delhi	Fair	Yes	88535096
8164	1397	2	2	1	2007	Mysore	Good	Yes	12905620
8165	1682	3	3	1	2025	Kochi	Fair	No	16697704
8166	4658	6	5	2	2006	Noida	Good	Yes	68832088
8167	2534	4	4	3	2012	Bangalore	Good	No	44751168
8168	725	2	2	1	2011	Coimbatore	Excellent	No	8025323
8169	1599	1	1	4	2022	Noida	Good	No	26558848
8170	3642	5	5	1	1998	Mumbai	Very Good	Yes	81838226
8171	3166	5	5	2	2024	Hyderabad	Very Good	Yes	42242463
8172	552	1	1	4	2017	Noida	Very Good	No	10812289
8173	4238	6	5	2	2021	Kochi	Very Good	No	49343014
8174	2272	3	2	2	2012	Noida	Very Good	No	39399736
8175	4963	6	5	1	2013	Mysore	Very Good	Yes	49946125
8176	892	1	1	1	2023	Bangalore	Very Good	Yes	17102014
8177	788	1	1	3	2025	Pune	Fair	Yes	12550487
8178	3589	6	5	4	2004	Jaipur	Very Good	Yes	35480325
8179	3301	4	5	4	2007	Delhi	Poor	No	47141111
8180	2205	3	2	2	2024	Coimbatore	Fair	No	18768780
8181	1272	2	2	3	2017	Noida	Fair	Yes	20457025
8182	2571	3	3	2	2006	Delhi	Excellent	Yes	52566093
8183	2252	4	5	1	2022	Ahmedabad	Poor	No	20605307
8184	4873	6	5	2	2014	Noida	Very Good	No	88516451
8185	1580	3	2	1	2020	Hyderabad	Good	Yes	19173310
8186	4886	6	5	2	2003	Chennai	Good	No	56002506
8187	3565	5	5	4	2015	Mysore	Good	No	35134566
8188	4027	6	5	4	2020	Noida	Very Good	No	73796711
8189	4922	6	5	3	2016	Delhi	Excellent	Yes	116289955
8190	3644	5	5	1	2004	Mysore	Good	Yes	29711546
8191	1064	1	1	1	2018	Jaipur	Good	Yes	10619127
8192	2775	4	4	2	2019	Ahmedabad	Very Good	Yes	35943087
8193	4152	6	5	2	2023	Pune	Good	No	68274812
8194	1065	1	1	2	2025	Chennai	Fair	Yes	13702843
8195	2196	3	4	3	2004	Chennai	Very Good	Yes	30731351
8196	4277	6	5	2	2010	Noida	Good	No	61242498
8197	4920	6	5	3	2001	Mysore	Good	Yes	42613632
8198	3011	4	4	4	2018	Coimbatore	Excellent	No	36604278
8199	4439	6	5	1	2012	Hyderabad	Good	No	51532371
8200	707	2	2	2	2026	Delhi	Very Good	No	15122281
8201	1687	2	3	1	2025	Hyderabad	Good	Yes	23492324
8202	2709	5	5	4	2008	Mysore	Excellent	Yes	28258576
8203	512	1	1	2	2007	Ahmedabad	Good	Yes	6437054
8204	1177	2	3	3	1999	Mysore	Good	Yes	11105768
8205	2974	4	4	3	2006	Hyderabad	Good	Yes	35629391
8206	2089	2	2	2	1999	Mumbai	Very Good	Yes	49373510
8207	2211	4	3	1	2018	Mumbai	Very Good	No	57909602
8208	3672	5	5	3	2019	Hyderabad	Excellent	Yes	59509287
8209	2638	4	3	4	2018	Jaipur	Poor	No	22022759
8210	4109	6	5	1	2024	Bangalore	Very Good	Yes	84090931
8211	983	1	1	1	2020	Hyderabad	Fair	Yes	12114136
8212	3420	5	5	3	2024	Hyderabad	Good	No	44868925
8213	3471	4	4	1	2015	Kochi	Very Good	Yes	42451894
8214	3893	6	5	4	2023	Mumbai	Good	No	101704250
8215	685	2	2	3	2012	Mysore	Good	No	7319965
8216	3314	4	5	2	2012	Mumbai	Good	Yes	74807729
8217	2729	4	5	3	2003	Pune	Good	Yes	36184993
8218	749	1	1	1	2021	Ahmedabad	Good	No	8928225
8219	4052	6	5	2	2025	Ahmedabad	Very Good	No	52494965
8220	3324	6	5	2	2024	Chennai	Good	No	43715475
8221	1869	3	4	1	2019	Chennai	Fair	Yes	23129768
8222	4158	6	5	4	2006	Hyderabad	Very Good	No	52310483
8223	877	2	2	3	2024	Bangalore	Very Good	No	18294409
8224	3449	5	4	3	1999	Coimbatore	Good	Yes	28646003
8225	1815	2	1	2	2019	Mumbai	Good	Yes	44240954
8226	1636	3	4	4	2015	Mysore	Good	Yes	14824346
8227	1764	3	3	2	2026	Coimbatore	Good	No	19368949
8228	3026	4	3	4	2009	Jaipur	Very Good	Yes	31189479
8229	3091	3	4	1	2026	Chennai	Good	Yes	43015051
8230	4611	6	5	3	2014	Delhi	Good	Yes	90893891
8231	700	1	2	2	2014	Chennai	Good	Yes	9593073
8232	592	1	1	1	2011	Ahmedabad	Excellent	No	7541012
8233	4490	5	5	2	1999	Noida	Excellent	No	74176744
8234	3848	6	5	1	1999	Pune	Good	No	50648564
8235	1290	2	1	2	2011	Mysore	Good	No	12217517
8236	1057	2	3	1	2018	Hyderabad	Poor	Yes	10776257
8237	765	1	1	3	2026	Pune	Poor	No	11028129
8238	2250	2	2	2	1999	Jaipur	Excellent	No	22665415
8239	1666	2	3	3	2010	Delhi	Very Good	Yes	33317035
8240	2491	3	4	3	1999	Jaipur	Excellent	Yes	28697960
8241	2061	3	3	3	2002	Mumbai	Fair	No	42900794
8242	4683	6	5	1	2025	Mumbai	Good	Yes	114070017
8243	3238	4	3	4	2020	Kochi	Good	No	32204800
8244	4378	6	5	4	2011	Hyderabad	Good	No	56152499
8245	4890	6	5	2	2016	Bangalore	Good	No	75624959
8246	3704	6	5	2	2013	Bangalore	Excellent	Yes	71141605
8247	3691	6	5	1	2001	Chennai	Very Good	No	51834710
8248	1415	3	2	4	2016	Noida	Very Good	Yes	25607464
8249	587	1	1	4	2022	Mysore	Very Good	No	7013584
8250	1320	2	2	3	1998	Kochi	Excellent	Yes	15851900
8251	1269	1	1	1	2018	Mysore	Good	No	11549311
8252	4126	5	5	1	2017	Hyderabad	Excellent	No	66033265
8253	1878	4	5	4	2010	Delhi	Poor	No	30259660
8254	2157	3	4	1	2021	Hyderabad	Excellent	No	33320538
8255	3662	5	5	4	2015	Coimbatore	Good	Yes	33456692
8256	1245	2	1	3	2003	Ahmedabad	Good	Yes	13021637
8257	1371	3	3	4	2011	Delhi	Fair	No	21902637
8258	4737	6	5	4	2025	Mumbai	Good	Yes	111412085
8259	4930	6	5	3	2017	Mumbai	Good	No	121371836
8260	2494	5	5	2	2017	Jaipur	Fair	Yes	25388623
8261	4306	6	5	3	2006	Bangalore	Good	No	65965763
8262	1957	3	3	4	2025	Delhi	Good	No	37299456
8263	1599	2	2	2	1998	Pune	Fair	No	18349239
8264	3647	6	5	1	2016	Coimbatore	Very Good	Yes	38189655
8265	751	1	1	4	2013	Ahmedabad	Good	Yes	8488425
8266	3075	4	5	3	2010	Jaipur	Good	Yes	28717313
8267	538	1	1	1	2021	Coimbatore	Fair	No	5163119
8268	4353	6	5	1	2009	Coimbatore	Poor	Yes	34032644
8269	2794	5	5	3	2002	Delhi	Excellent	Yes	62941046
8270	3590	6	5	1	2025	Delhi	Very Good	No	77417151
8271	3407	5	5	1	2020	Hyderabad	Excellent	Yes	50169835
8272	2934	3	4	2	2016	Delhi	Good	Yes	58687908
8273	4371	5	5	4	2014	Bangalore	Good	No	76377247
8274	1040	2	2	4	2020	Ahmedabad	Good	Yes	12162504
8275	2725	5	5	1	2016	Coimbatore	Good	Yes	25615386
8276	4371	6	5	1	2020	Ahmedabad	Good	Yes	50579330
8277	703	1	2	3	2004	Delhi	Very Good	No	14525395
8278	884	1	1	2	2019	Delhi	Fair	No	15627577
8279	582	1	1	1	2023	Jaipur	Poor	No	5101505
8280	4322	6	5	3	2002	Chennai	Good	No	56246592
8281	3829	4	4	1	1998	Jaipur	Good	No	31120751
8282	2428	3	2	1	2011	Bangalore	Good	No	41006009
8283	3564	5	5	4	2020	Bangalore	Very Good	Yes	64971378
8284	502	1	1	2	2025	Pune	Excellent	No	10907145
8285	4416	6	5	2	2023	Kochi	Good	No	47727362
8286	3175	5	5	3	2009	Kochi	Good	Yes	32341720
8287	809	1	1	2	2012	Ahmedabad	Very Good	No	10319074
8288	700	1	1	2	2007	Noida	Good	Yes	10789579
8289	3498	6	5	4	2025	Mumbai	Good	Yes	81328126
8290	1797	3	3	3	2017	Bangalore	Fair	Yes	29676531
8291	4292	6	5	4	2026	Jaipur	Fair	Yes	42244894
8292	4887	6	5	3	2004	Chennai	Good	Yes	58892705
8293	2565	4	5	3	2012	Chennai	Very Good	Yes	39568576
8294	2752	4	3	4	2003	Kochi	Fair	No	25718883
8295	2966	4	4	1	2014	Bangalore	Good	No	48514805
8296	1410	3	3	2	2026	Noida	Good	No	23017111
8297	3758	5	5	4	2011	Kochi	Excellent	No	47123964
8298	4473	6	5	2	2006	Noida	Very Good	Yes	79708487
8299	4437	6	5	2	2025	Mysore	Excellent	Yes	51798029
8300	635	1	1	4	2001	Coimbatore	Excellent	Yes	7638041
8301	1463	2	2	4	2019	Hyderabad	Good	No	19690309
8302	2723	4	3	3	2006	Mysore	Good	No	23927352
8303	3702	5	5	3	2008	Kochi	Good	No	39865395
8304	2149	2	3	2	2016	Mumbai	Good	Yes	51624657
8305	2502	5	5	4	2018	Kochi	Very Good	No	29488948
8306	3503	5	4	1	2009	Hyderabad	Fair	No	38257790
8307	1423	1	1	2	2020	Chennai	Fair	Yes	18495493
8308	4040	6	5	3	2001	Chennai	Good	No	46945472
8309	3184	6	5	4	2013	Mysore	Good	No	31164604
8310	3727	6	5	1	2011	Chennai	Good	No	50792015
8311	1816	4	4	1	2022	Noida	Excellent	No	39936640
8312	1277	1	1	4	1999	Noida	Good	Yes	18983734
8313	3233	4	5	4	2018	Kochi	Good	Yes	37314806
8314	1156	1	1	2	2011	Ahmedabad	Good	Yes	12431774
8315	610	1	2	3	2019	Delhi	Very Good	No	13068578
8316	1176	3	3	3	2000	Pune	Very Good	No	18483786
8317	4370	6	5	4	1999	Coimbatore	Good	No	38763240
8318	3373	6	5	1	2018	Chennai	Good	No	46244427
8319	1557	2	2	3	2014	Bangalore	Very Good	Yes	27991098
8320	4848	6	5	2	2011	Chennai	Excellent	No	78859237
8321	1309	3	3	1	2012	Delhi	Good	No	26297596
8322	2245	3	4	1	2018	Chennai	Excellent	Yes	37240776
8323	3441	4	4	4	2001	Mumbai	Good	No	77510149
8324	883	1	1	3	2016	Chennai	Very Good	No	12331177
8325	3612	4	3	1	2024	Mumbai	Good	No	91974051
8326	2979	5	5	3	2026	Chennai	Good	No	45155254
8327	3114	4	4	2	2011	Delhi	Good	No	61168177
8328	3311	5	5	3	2008	Delhi	Fair	No	56522058
8329	3579	5	5	3	2013	Delhi	Good	Yes	70039426
8330	518	1	2	3	2021	Noida	Good	No	9363450
8331	1663	3	2	3	2003	Ahmedabad	Fair	No	16532576
8332	3434	4	4	2	2004	Mumbai	Good	No	78414765
8333	1397	3	3	4	2016	Jaipur	Good	Yes	16102628
8334	1475	1	1	2	2016	Pune	Very Good	Yes	25842716
8335	2856	3	3	4	2010	Kochi	Good	Yes	29265310
8336	591	1	1	4	2002	Coimbatore	Fair	No	5345763
8337	4155	5	4	1	2025	Jaipur	Very Good	No	49570038
8338	3318	5	5	1	2011	Ahmedabad	Good	No	32656682
8339	742	1	1	2	2024	Kochi	Good	No	8553731
8340	3537	5	5	2	2012	Jaipur	Excellent	No	41759218
8341	1425	2	1	1	1999	Mysore	Excellent	Yes	13537510
8342	3762	5	5	1	2012	Hyderabad	Very Good	No	46737993
8343	3395	4	3	1	2015	Jaipur	Good	No	30592911
8344	1274	2	2	1	2023	Coimbatore	Very Good	No	15071614
8345	2311	3	2	1	2010	Mumbai	Good	No	50709261
8346	3507	5	5	3	2008	Bangalore	Good	Yes	57796122
8347	2037	4	4	2	2007	Kochi	Good	No	19831540
8348	1629	2	2	2	2001	Pune	Good	Yes	24501808
8349	2236	3	3	2	1998	Delhi	Fair	No	36276825
8350	3462	5	4	4	2021	Ahmedabad	Good	Yes	40998469
8351	3408	5	4	2	2012	Chennai	Very Good	Yes	45256383
8352	4731	6	5	3	1998	Mysore	Poor	No	31347928
8353	1815	4	4	1	2006	Chennai	Good	No	24159788
8354	3821	5	5	2	1998	Jaipur	Very Good	No	35317522
8355	4983	6	5	4	2018	Ahmedabad	Excellent	No	62571762
8356	3463	6	5	3	2002	Noida	Fair	No	47798035
8357	1416	3	2	1	2021	Coimbatore	Good	No	14447751
8358	2121	3	4	3	1999	Jaipur	Poor	Yes	14834228
8359	4222	6	5	4	1999	Kochi	Good	No	39119379
8360	1739	2	2	4	1998	Bangalore	Very Good	Yes	30053271
8361	1288	3	3	1	2005	Coimbatore	Very Good	No	12707978
8362	2279	2	1	3	2014	Mumbai	Very Good	Yes	59874413
8363	828	1	2	3	2017	Bangalore	Poor	Yes	11939462
8364	863	1	1	1	2014	Delhi	Good	No	16716591
8365	3352	5	5	2	2000	Delhi	Good	No	58598036
8366	2674	4	5	2	2006	Bangalore	Good	Yes	42162785
8367	4780	6	5	3	2010	Noida	Fair	Yes	64839382
8368	4582	6	5	1	2023	Ahmedabad	Poor	Yes	44685549
8369	2281	3	3	2	2015	Coimbatore	Excellent	No	28179390
8370	2247	3	2	1	2023	Mysore	Excellent	No	25943683
8371	3282	6	5	1	2005	Noida	Very Good	Yes	55745108
8372	1240	2	2	4	1998	Ahmedabad	Very Good	No	13163423
8373	1012	2	3	4	2014	Mumbai	Good	No	25601777
8374	1669	3	3	3	2016	Pune	Excellent	No	31835915
8375	4936	6	5	2	2025	Delhi	Very Good	Yes	115178628
8376	3021	3	3	2	2011	Noida	Excellent	Yes	53379781
8377	4695	6	5	3	2004	Jaipur	Good	No	40415113
8378	1960	4	3	1	2012	Mumbai	Good	Yes	45787897
8379	1442	2	2	3	1998	Noida	Very Good	No	22339831
8380	4491	6	5	4	2010	Delhi	Very Good	No	85304596
8381	1194	2	3	2	2021	Mysore	Good	Yes	12386050
8382	1192	1	1	3	2024	Mumbai	Very Good	No	32616009
8383	2564	4	4	4	2024	Kochi	Very Good	No	30038525
8384	906	1	1	2	2023	Ahmedabad	Good	Yes	11209339
8385	3052	4	4	4	2001	Jaipur	Very Good	No	29424969
8386	4072	5	4	2	2013	Bangalore	Poor	Yes	52686963
8387	3688	6	5	3	2026	Pune	Good	Yes	59295126
8388	3632	4	5	4	2011	Pune	Excellent	No	64925448
8389	862	1	1	4	2009	Delhi	Very Good	No	17267790
8390	2852	4	4	1	2002	Mumbai	Very Good	No	69037969
8391	2250	3	4	1	2022	Delhi	Good	Yes	41492142
8392	876	1	2	1	2023	Chennai	Very Good	No	12552175
8393	1634	2	1	4	2011	Jaipur	Very Good	Yes	18371972
8394	3238	6	5	1	2004	Hyderabad	Fair	Yes	33246981
8395	3208	5	5	1	2011	Ahmedabad	Excellent	No	41534577
8396	4629	6	5	1	2025	Bangalore	Good	Yes	82962715
8397	2342	4	4	4	2007	Delhi	Very Good	No	44370239
8398	4791	6	5	2	2003	Coimbatore	Good	Yes	41790485
8399	3833	4	4	2	2025	Delhi	Good	Yes	73728383
8400	1068	1	2	2	2018	Pune	Good	Yes	15749931
8401	2504	5	5	4	2011	Pune	Good	Yes	40394514
8402	3585	4	3	4	2013	Bangalore	Good	No	60512694
8403	2228	2	2	2	2008	Delhi	Good	No	41061572
8404	2089	2	2	1	2021	Mysore	Good	No	17820539
8405	1830	3	3	3	2024	Mysore	Good	Yes	19615340
8406	2027	4	5	2	2008	Pune	Good	No	31976833
8407	4253	6	5	4	2004	Mysore	Good	No	33418625
8408	4320	6	5	2	2002	Pune	Very Good	No	62442272
8409	4739	6	5	2	2007	Noida	Excellent	No	81866613
8410	3765	6	5	3	2011	Noida	Very Good	Yes	63716549
8411	3797	6	5	3	2005	Mysore	Very Good	Yes	33723051
8412	4658	6	5	3	2005	Noida	Poor	No	56637337
8413	4986	6	5	1	2006	Jaipur	Good	Yes	46225371
8414	3736	6	5	1	2023	Ahmedabad	Good	Yes	41364557
8415	1918	4	5	1	2019	Jaipur	Poor	No	16097149
8416	4232	6	5	3	2000	Ahmedabad	Good	No	41098487
8417	3219	5	5	1	2008	Noida	Good	No	52391267
8418	1122	2	1	4	2007	Delhi	Good	No	19725599
8419	4011	6	5	3	2002	Delhi	Very Good	Yes	80962525
8420	2493	3	3	3	2016	Pune	Good	Yes	38988564
8421	3592	6	5	4	2008	Jaipur	Poor	No	27048130
8422	3606	4	5	2	2018	Delhi	Poor	No	54752519
8423	1629	1	2	4	2012	Delhi	Good	Yes	31081005
8424	2532	4	5	3	2016	Bangalore	Good	No	45595787
8425	3451	4	5	3	2020	Pune	Very Good	No	58288487
8426	3775	5	5	3	2004	Coimbatore	Very Good	Yes	37432415
8427	3865	6	5	4	2020	Noida	Poor	Yes	55086082
8428	904	2	3	3	2005	Noida	Good	Yes	15903139
8429	3033	5	5	4	2001	Pune	Good	Yes	46291401
8430	2691	5	4	1	1998	Jaipur	Very Good	No	27800823
8431	1093	1	1	2	2010	Delhi	Excellent	Yes	25026935
8432	1982	2	2	4	2024	Pune	Poor	Yes	25371230
8433	4875	6	5	4	2003	Noida	Excellent	No	82416516
8434	506	1	2	3	2021	Kochi	Excellent	Yes	7162640
8435	1996	4	5	3	2025	Delhi	Fair	Yes	34633638
8436	3066	3	2	1	2015	Coimbatore	Very Good	No	30145117
8437	3099	4	5	2	2004	Kochi	Fair	Yes	29592667
8438	1233	1	1	3	2019	Chennai	Good	No	17530356
8439	3233	4	5	4	2011	Delhi	Fair	Yes	54170352
8440	4031	6	5	2	2014	Delhi	Fair	Yes	66586514
8441	3832	6	5	3	2014	Ahmedabad	Very Good	Yes	46785478
8442	3885	6	5	1	2026	Ahmedabad	Excellent	No	51518851
8443	1817	3	4	3	2019	Chennai	Excellent	No	31511945
8444	4784	6	5	2	2011	Mysore	Good	Yes	42885466
8445	618	2	2	1	2018	Jaipur	Good	Yes	6999445
8446	4802	6	5	1	2007	Ahmedabad	Fair	No	45830531
8447	4623	6	5	4	2020	Mysore	Excellent	No	53889792
8448	4400	6	5	2	2008	Pune	Very Good	No	65568700
8449	759	1	1	4	2017	Pune	Good	No	12472499
8450	4141	6	5	2	2012	Coimbatore	Excellent	No	49063333
8451	3682	4	3	1	2014	Jaipur	Good	No	36680857
8452	3457	5	4	2	2011	Bangalore	Very Good	No	59975891
8453	3504	4	3	4	2003	Jaipur	Excellent	No	37949541
8454	2106	2	2	4	2010	Bangalore	Very Good	No	36415487
8455	3974	6	5	2	2009	Chennai	Good	Yes	51820745
8456	3227	5	5	3	2026	Ahmedabad	Very Good	Yes	42300586
8457	4082	6	5	1	2007	Hyderabad	Very Good	No	54632627
8458	2369	2	3	2	2005	Jaipur	Excellent	No	27928623
8459	1413	2	1	1	2005	Hyderabad	Good	Yes	17083880
8460	2039	3	2	2	1998	Ahmedabad	Excellent	No	25561494
8461	1221	3	4	2	2021	Pune	Very Good	No	20421350
8462	3005	4	5	2	2026	Kochi	Very Good	No	34092571
8463	4117	6	5	1	2010	Pune	Very Good	Yes	67830147
8464	3089	4	5	4	2012	Noida	Good	No	51369615
8465	3820	5	5	4	2005	Ahmedabad	Excellent	No	48165085
8466	2802	5	5	1	2017	Delhi	Good	No	56848413
8467	2821	3	3	2	2021	Coimbatore	Good	No	26948756
8468	1872	4	4	3	2000	Bangalore	Very Good	Yes	34140118
8469	1636	2	2	2	2009	Delhi	Excellent	Yes	38847389
8470	4315	5	4	2	2014	Jaipur	Poor	Yes	34971093
8471	979	1	1	1	2021	Chennai	Good	Yes	14496436
8472	4163	6	5	3	2001	Pune	Very Good	No	64605073
8473	1200	1	1	1	2005	Delhi	Very Good	Yes	24310994
8474	2187	2	3	4	2005	Bangalore	Fair	No	29572184
8475	2236	2	2	1	2026	Noida	Fair	No	35822022
8476	2087	4	4	3	2017	Delhi	Good	No	41090525
8477	1946	4	3	1	2020	Mumbai	Very Good	Yes	47681976
8478	1622	2	2	4	1998	Ahmedabad	Good	Yes	15802928
8479	4608	6	5	1	2017	Mysore	Good	Yes	43807351
8480	3224	4	4	4	2003	Mysore	Excellent	No	33460099
8481	2469	5	4	2	2026	Noida	Poor	Yes	36075801
8482	1199	3	4	2	2011	Chennai	Very Good	No	17551121
8483	4375	6	5	4	2008	Delhi	Excellent	No	94130590
8484	2515	4	5	1	2024	Hyderabad	Fair	Yes	31781747
8485	709	1	1	1	2002	Hyderabad	Good	No	8131718
8486	3675	5	5	4	2019	Mysore	Fair	Yes	33429662
8487	4755	6	5	2	2002	Jaipur	Very Good	No	48995645
8488	4716	6	5	3	2019	Noida	Good	No	71646591
8489	887	2	2	3	2009	Noida	Fair	No	12348521
8490	1068	2	1	2	2013	Jaipur	Good	Yes	11161398
8491	3972	6	5	2	2012	Jaipur	Fair	Yes	34041038
8492	1978	3	3	3	2022	Ahmedabad	Good	No	23611194
8493	1902	3	2	2	2015	Chennai	Good	Yes	24110427
8494	3501	5	5	2	2002	Pune	Very Good	No	51229594
8495	3898	5	5	1	2006	Mumbai	Excellent	Yes	97600771
8496	2519	4	3	2	2006	Ahmedabad	Good	Yes	25235849
8497	982	2	2	4	2007	Ahmedabad	Excellent	Yes	12341394
8498	2485	4	5	3	2024	Pune	Good	Yes	38099791
8499	2269	3	3	4	2024	Jaipur	Very Good	No	24329741
8500	4621	6	5	3	2021	Kochi	Excellent	No	62547380
8501	1770	2	2	3	2006	Mysore	Good	No	15140342
8502	3337	5	5	4	2021	Mumbai	Good	Yes	83462275
8503	1593	1	2	1	2008	Hyderabad	Very Good	No	21164195
8504	3592	6	5	2	2012	Pune	Very Good	Yes	59599461
8505	2190	3	3	3	1999	Hyderabad	Good	No	24111120
8506	2507	3	3	4	2011	Bangalore	Very Good	No	47732765
8507	3078	5	5	4	2014	Mysore	Very Good	Yes	31245994
8508	3857	6	5	4	2024	Pune	Very Good	No	70593001
8509	3158	5	5	4	2024	Coimbatore	Fair	Yes	27904612
8510	4052	6	5	3	2013	Ahmedabad	Very Good	Yes	52134564
8511	719	2	1	1	2008	Chennai	Very Good	Yes	11411089
8512	3504	4	4	2	2020	Hyderabad	Poor	Yes	34779133
8513	4648	6	5	3	2015	Hyderabad	Good	No	53214577
8514	2255	3	3	4	2002	Jaipur	Excellent	No	23156919
8515	694	1	1	2	2010	Bangalore	Fair	No	10326636
8516	2516	3	3	2	2003	Hyderabad	Fair	Yes	25481307
8517	2533	4	4	3	2024	Hyderabad	Fair	Yes	32668498
8518	2752	4	4	1	2012	Mysore	Excellent	No	29748830
8519	1829	3	3	3	2001	Mumbai	Fair	Yes	35579551
8520	1633	2	2	3	2014	Mysore	Good	Yes	16313317
8521	1644	2	1	1	2017	Bangalore	Very Good	No	31115227
8522	2867	4	4	2	2024	Kochi	Very Good	No	34365849
8523	4719	6	5	3	2005	Hyderabad	Good	No	56063260
8524	2181	3	4	4	2016	Ahmedabad	Very Good	No	27101327
8525	4859	6	5	4	2001	Noida	Fair	Yes	69100838
8526	1354	2	2	3	2024	Mysore	Very Good	No	15013376
8527	2485	5	5	2	2014	Ahmedabad	Good	Yes	26500536
8528	977	1	1	4	2000	Coimbatore	Very Good	No	9442775
8529	1874	4	5	2	2025	Jaipur	Good	Yes	19208421
8530	988	1	1	4	2003	Coimbatore	Good	No	9623444
8531	3736	5	5	1	2003	Mysore	Good	Yes	29614428
8532	703	1	2	3	2012	Mysore	Fair	Yes	6611768
8533	4159	5	5	3	2008	Kochi	Fair	No	39226684
8534	4757	6	5	1	2012	Mumbai	Very Good	Yes	116999420
8535	4731	6	5	1	1998	Delhi	Good	No	78688835
8536	2046	3	3	4	2023	Delhi	Good	Yes	44071134
8537	4982	6	5	4	2022	Delhi	Very Good	No	98884404
8538	1442	2	2	3	2015	Ahmedabad	Good	Yes	16507363
8539	3737	6	5	4	2018	Mysore	Very Good	Yes	36417061
8540	2138	3	2	1	2003	Chennai	Very Good	No	30859649
8541	3042	4	5	3	2011	Pune	Good	Yes	48017187
8542	1087	2	3	1	2026	Hyderabad	Good	Yes	15206289
8543	1082	3	4	2	2009	Delhi	Good	No	19534109
8544	2794	5	5	2	2017	Bangalore	Good	No	51092141
8545	2433	2	3	1	2000	Mysore	Very Good	Yes	23226114
8546	2181	3	2	4	2008	Pune	Very Good	Yes	34097178
8547	1849	3	2	3	2001	Chennai	Very Good	No	22904493
8548	4859	6	5	3	2009	Bangalore	Good	Yes	78113364
8549	926	2	3	2	1998	Ahmedabad	Fair	Yes	9338117
8550	1334	2	2	2	2000	Delhi	Good	Yes	23831846
8551	2584	5	5	4	2012	Bangalore	Very Good	Yes	46647549
8552	2890	4	4	2	2018	Jaipur	Good	Yes	27999458
8553	2646	4	3	4	2013	Coimbatore	Very Good	Yes	26545587
8554	4600	6	5	4	2022	Mumbai	Very Good	No	128564591
8555	510	1	1	1	2018	Chennai	Very Good	Yes	7955754
8556	3965	6	5	1	2014	Mumbai	Very Good	No	101271725
8557	2065	4	5	3	2017	Mysore	Excellent	Yes	25778317
8558	1486	1	2	3	2003	Hyderabad	Good	Yes	16283938
8559	3955	6	5	4	1999	Mumbai	Good	Yes	84630461
8560	4290	6	5	2	2012	Delhi	Fair	Yes	76586969
8561	1753	4	3	4	1998	Hyderabad	Very Good	Yes	24099163
8562	2029	2	2	1	2013	Delhi	Good	No	35874113
8563	2855	5	5	3	2023	Kochi	Excellent	No	35584300
8564	585	1	2	2	2007	Mysore	Excellent	Yes	6843279
8565	2373	3	2	1	2021	Kochi	Poor	No	20799019
8566	1029	1	1	3	2016	Bangalore	Good	No	16309999
8567	2937	4	5	1	2009	Hyderabad	Good	No	33499950
8568	3722	4	5	1	2009	Coimbatore	Good	No	36143572
8569	4838	6	5	3	2022	Noida	Good	No	83184822
8570	2388	3	3	3	2010	Delhi	Good	No	46438636
8571	4079	6	5	3	2004	Hyderabad	Good	Yes	48039228
8572	1286	3	2	2	2011	Hyderabad	Excellent	No	18422340
8573	3839	5	5	2	2021	Coimbatore	Fair	No	32417627
8574	4598	6	5	4	2003	Pune	Very Good	Yes	68975787
8575	3708	6	5	1	2019	Mumbai	Good	Yes	89546782
8576	2265	4	3	2	2008	Pune	Poor	Yes	25308701
8577	1245	2	2	4	2000	Hyderabad	Good	Yes	14913817
8578	3092	4	4	4	2017	Pune	Good	Yes	45471479
8579	652	1	1	3	2024	Pune	Excellent	Yes	12909095
8580	4509	5	5	1	2018	Delhi	Good	No	86490832
8581	4860	6	5	2	2023	Hyderabad	Fair	No	58874492
8582	1902	3	2	4	2020	Pune	Good	No	29910364
8583	1268	2	2	2	2018	Mysore	Fair	Yes	11597737
8584	844	1	1	2	2016	Pune	Fair	No	12632836
8585	2522	4	5	4	2000	Delhi	Excellent	Yes	51765012
8586	2066	4	4	3	2022	Delhi	Good	No	40627787
8587	2405	2	2	1	2018	Coimbatore	Good	Yes	23723649
8588	3095	4	5	3	2013	Hyderabad	Very Good	No	43388565
8589	1127	1	2	1	2024	Delhi	Good	No	24139433
8590	587	1	1	1	2018	Kochi	Fair	Yes	6426405
8591	2735	3	2	4	2009	Mumbai	Excellent	No	70415985
8592	557	2	1	1	2004	Noida	Poor	No	7280166
8593	3407	4	4	2	2002	Hyderabad	Good	Yes	35902528
8594	3660	6	5	2	2012	Mysore	Fair	No	27995442
8595	2329	4	4	1	2013	Mysore	Very Good	Yes	24252281
8596	815	1	1	2	2010	Delhi	Excellent	Yes	19341015
8597	1367	3	2	1	2022	Noida	Very Good	No	23905692
8598	4445	6	5	4	2007	Ahmedabad	Very Good	Yes	47093684
8599	4405	6	5	1	2002	Coimbatore	Good	Yes	37264013
8600	1868	3	2	2	2004	Delhi	Very Good	No	37803393
8601	1259	1	2	4	2006	Mumbai	Good	Yes	26495631
8602	4937	6	5	3	2004	Kochi	Excellent	Yes	60525123
8603	3978	6	5	1	2016	Bangalore	Fair	No	63235155
8604	2815	4	4	4	2015	Kochi	Good	Yes	32133267
8605	3246	5	5	4	2017	Pune	Good	No	50577874
8606	4207	6	5	2	2026	Ahmedabad	Excellent	Yes	56199962
8607	4967	6	5	3	2003	Hyderabad	Good	Yes	54661385
8608	4641	6	5	1	2021	Kochi	Good	No	51069537
8609	4873	6	5	4	2015	Chennai	Very Good	Yes	67739704
8610	4726	6	5	2	2010	Kochi	Very Good	No	56119345
8611	1778	3	3	3	2022	Delhi	Very Good	Yes	37851163
8612	4341	6	5	3	2026	Pune	Fair	No	64278917
8613	2339	3	3	3	1998	Coimbatore	Excellent	No	25694559
8614	1176	2	3	1	2013	Delhi	Good	No	23150360
8615	1613	2	2	4	2006	Coimbatore	Poor	No	12515239
8616	1650	3	3	4	2007	Pune	Good	Yes	23604506
8617	3629	6	5	4	2002	Mumbai	Poor	No	61083843
8618	1907	2	2	1	1999	Chennai	Good	No	23040176
8619	4824	6	5	3	2017	Delhi	Excellent	Yes	116284429
8620	665	2	2	4	2005	Hyderabad	Very Good	No	9858061
8621	2228	3	3	1	2014	Ahmedabad	Very Good	Yes	25917907
8622	3700	5	5	2	2017	Chennai	Very Good	Yes	58987639
8623	3800	4	4	1	2018	Coimbatore	Very Good	No	39110561
8624	2847	4	4	3	2006	Pune	Good	No	38828573
8625	2261	2	2	4	2002	Mysore	Very Good	Yes	20297323
8626	2329	3	3	4	2007	Pune	Very Good	No	36142515
8627	1812	3	2	1	2006	Noida	Very Good	Yes	30923768
8628	553	1	1	1	2015	Ahmedabad	Fair	No	5297177
8629	943	1	1	4	2004	Chennai	Excellent	Yes	15100548
8630	4377	5	5	1	2016	Bangalore	Very Good	No	83046080
8631	3272	4	5	4	2012	Jaipur	Good	No	30459981
8632	1363	2	2	3	2013	Jaipur	Very Good	Yes	14167217
8633	1868	2	2	2	2025	Bangalore	Good	Yes	33082858
8634	4970	6	5	3	2012	Jaipur	Good	No	47798797
8635	3503	6	5	1	2023	Kochi	Good	Yes	40908972
8636	1125	2	3	2	2005	Kochi	Poor	No	10253422
8637	4742	6	5	1	2021	Delhi	Good	Yes	88185733
8638	3971	6	5	4	2012	Bangalore	Fair	No	58952472
8639	2201	4	4	3	2017	Noida	Fair	No	32375414
8640	4642	6	5	2	2026	Hyderabad	Very Good	Yes	64634568
8641	4545	5	5	4	2018	Chennai	Excellent	No	70120575
8642	4782	6	5	2	1998	Kochi	Excellent	Yes	58067240
8643	3789	6	5	3	2001	Delhi	Very Good	No	74773708
8644	1273	3	3	2	2022	Coimbatore	Fair	No	11762985
8645	2931	4	3	4	2008	Mysore	Fair	No	22122531
8646	2284	4	3	1	2008	Chennai	Fair	No	24680075
8647	609	2	3	1	2016	Mysore	Good	Yes	6514964
8648	4818	6	5	3	2004	Jaipur	Good	Yes	42253202
8649	4249	5	5	4	2017	Mumbai	Very Good	No	117219108
8650	2773	3	3	1	2016	Bangalore	Excellent	Yes	56933721
8651	3363	6	5	2	2013	Pune	Very Good	No	58638441
8652	2895	4	5	1	2015	Pune	Good	Yes	42185766
8653	1689	2	2	4	2013	Hyderabad	Good	Yes	21248569
8654	3195	4	4	4	2014	Coimbatore	Good	No	28293545
8655	1891	4	3	3	2003	Pune	Good	Yes	29599107
8656	3247	5	5	1	2007	Pune	Excellent	No	55388054
8657	4824	6	5	1	2013	Pune	Good	Yes	69655985
8658	4581	6	5	1	2026	Mumbai	Excellent	No	141598550
8659	3152	6	5	2	1998	Hyderabad	Fair	Yes	34721083
8660	4632	6	5	3	2008	Bangalore	Good	Yes	78166724
8661	4328	6	5	4	2002	Coimbatore	Very Good	Yes	42167321
8662	525	2	3	2	2000	Bangalore	Poor	No	7251718
8663	3832	6	5	3	2016	Mumbai	Very Good	No	97506508
8664	4657	6	5	3	2007	Noida	Excellent	Yes	83868113
8665	1627	2	3	2	2015	Pune	Excellent	No	30989383
8666	881	2	3	3	2005	Coimbatore	Fair	Yes	7747528
8667	4449	6	5	2	2003	Pune	Poor	Yes	49883296
8668	3971	5	5	4	2021	Bangalore	Good	Yes	73409030
8669	1997	2	3	2	2000	Mumbai	Very Good	Yes	45216282
8670	3729	5	5	1	2017	Pune	Good	Yes	56882761
8671	3766	5	5	4	2025	Pune	Good	Yes	58572599
8672	1772	2	3	2	2011	Bangalore	Poor	Yes	25218700
8673	666	1	1	2	2007	Ahmedabad	Good	Yes	7111718
8674	4812	6	5	2	2000	Jaipur	Good	Yes	44336299
8675	1324	2	1	4	2006	Jaipur	Very Good	Yes	12994795
8676	2082	3	4	1	2013	Mumbai	Very Good	Yes	49098017
8677	2445	3	2	2	2013	Delhi	Good	No	47570652
8678	3720	5	5	4	2025	Coimbatore	Fair	No	36810624
8679	619	2	3	3	2005	Hyderabad	Very Good	Yes	9076619
8680	4089	6	5	4	1999	Mysore	Fair	Yes	28798457
8681	4585	6	5	4	2011	Kochi	Good	Yes	46782966
8682	929	1	1	3	2016	Bangalore	Fair	No	14559540
8683	1440	3	3	3	2007	Ahmedabad	Good	Yes	15654726
8684	1751	3	3	4	2015	Delhi	Excellent	No	39072970
8685	1068	2	3	1	2022	Mysore	Good	No	10707645
8686	4774	6	5	2	2023	Ahmedabad	Excellent	No	65061252
8687	1426	2	2	1	2008	Chennai	Excellent	Yes	22725767
8688	4306	6	5	1	2020	Mysore	Good	Yes	41743849
8689	2427	3	2	2	2003	Coimbatore	Poor	No	16267596
8690	4140	6	5	1	2009	Coimbatore	Good	No	36261047
8691	4102	6	5	2	2003	Kochi	Fair	No	38426163
8692	4705	6	5	2	2005	Chennai	Very Good	No	66978775
8693	1584	2	2	2	2025	Bangalore	Very Good	Yes	29494381
8694	3397	4	3	1	1998	Kochi	Very Good	Yes	35603765
8695	3850	5	4	2	2018	Delhi	Excellent	Yes	83318109
8696	2819	4	4	2	2012	Coimbatore	Good	No	27199219
8697	1804	3	4	4	2000	Jaipur	Very Good	Yes	18916731
8698	2433	3	4	2	2008	Noida	Fair	No	34448555
8699	1077	1	1	4	2009	Hyderabad	Good	Yes	13147037
8700	3195	6	5	2	2021	Jaipur	Very Good	Yes	36857718
8701	2845	4	3	4	2025	Bangalore	Excellent	Yes	57716427
8702	941	1	1	2	2005	Chennai	Fair	Yes	11630849
8703	1419	2	2	4	2012	Pune	Good	No	21359153
8704	3689	4	3	4	2021	Noida	Good	Yes	57046627
8705	3010	5	5	4	2000	Pune	Fair	Yes	39259242
8706	2015	3	2	2	2013	Noida	Good	No	32387752
8707	2115	2	2	1	2020	Ahmedabad	Good	No	21997640
8708	952	1	2	3	2020	Coimbatore	Very Good	Yes	10961232
8709	3321	5	5	1	2011	Chennai	Fair	No	37096013
8710	1178	2	2	1	2013	Hyderabad	Good	Yes	15759044
8711	502	1	1	2	2008	Pune	Very Good	No	8084359
8712	3326	5	4	4	2018	Delhi	Good	No	67430649
8713	517	1	1	4	2026	Chennai	Fair	No	7642760
8714	2616	5	5	3	2021	Noida	Excellent	Yes	53838416
8715	1885	3	4	4	1998	Hyderabad	Very Good	Yes	24997487
8716	1502	2	2	4	2004	Kochi	Good	Yes	15433605
8717	1114	3	2	1	2016	Ahmedabad	Good	No	13324301
8718	3336	5	5	2	2017	Mysore	Good	No	30160209
8719	930	2	2	1	2004	Hyderabad	Good	No	10518125
8720	3758	6	5	3	2002	Chennai	Fair	No	41866886
8721	2326	4	3	4	2020	Pune	Poor	No	29632099
8722	2299	3	4	1	2007	Pune	Good	Yes	35702227
8723	766	1	1	4	2026	Ahmedabad	Good	Yes	10220819
8724	590	2	3	4	2005	Jaipur	Good	No	6050896
8725	2129	3	2	4	2016	Jaipur	Excellent	Yes	25582411
8726	4861	6	5	4	2003	Coimbatore	Good	No	43605337
8727	2726	4	4	2	2012	Mumbai	Fair	Yes	52617674
8728	1986	2	3	4	2008	Ahmedabad	Good	No	19929242
8729	897	2	2	4	1998	Ahmedabad	Very Good	Yes	10670127
8730	2448	3	3	4	2025	Mysore	Good	No	25185200
8731	1356	3	2	3	2003	Bangalore	Very Good	No	23574809
8732	1851	3	4	3	1999	Pune	Very Good	Yes	26450077
8733	1359	3	3	4	2000	Noida	Very Good	Yes	21251483
8734	530	1	2	3	2001	Kochi	Good	No	5974924
8735	539	1	1	3	2021	Jaipur	Excellent	Yes	7371440
8736	1725	2	2	1	2009	Coimbatore	Good	Yes	15908389
8737	512	2	3	3	2007	Pune	Very Good	Yes	9187765
8738	2650	3	2	3	2026	Coimbatore	Good	No	27864528
8739	4622	6	5	4	2026	Mumbai	Good	No	117095970
8740	833	1	2	1	1999	Mysore	Good	Yes	7951061
8741	4411	6	5	3	2002	Jaipur	Very Good	Yes	44716432
8742	4120	6	5	2	2010	Mysore	Very Good	No	41186068
8743	933	2	1	1	2013	Kochi	Good	Yes	9536940
8744	2548	4	3	4	2020	Bangalore	Very Good	No	44693004
8745	1227	3	3	3	2000	Bangalore	Good	No	19281739
8746	3603	6	5	1	2010	Pune	Poor	Yes	43616785
8747	2137	4	4	4	2009	Ahmedabad	Very Good	Yes	23745776
8748	843	1	1	2	2020	Jaipur	Good	Yes	9137077
8749	1477	1	1	4	2021	Kochi	Very Good	Yes	17335637
8750	2767	3	2	2	2017	Hyderabad	Very Good	No	36580043
8751	2249	3	3	4	2014	Ahmedabad	Fair	No	21721408
8752	524	2	2	3	2012	Mysore	Very Good	No	6355146
8753	838	1	1	3	2013	Pune	Good	No	13445525
8754	4971	6	5	2	2010	Jaipur	Good	Yes	47506639
8755	4387	6	5	1	2021	Noida	Good	Yes	69830760
8756	862	1	2	3	2020	Hyderabad	Good	No	10984742
8757	3281	6	5	3	2018	Delhi	Fair	No	53893650
8758	4987	6	5	1	2002	Pune	Good	No	66545674
8759	3253	5	4	2	2003	Chennai	Fair	No	37167459
8760	2842	4	4	3	2013	Pune	Excellent	Yes	52075301
8761	1656	3	3	3	2022	Kochi	Poor	Yes	14964655
8762	4211	6	5	1	1999	Delhi	Good	Yes	77223607
8763	3734	5	4	3	2026	Pune	Excellent	Yes	78277988
8764	1410	2	2	2	2001	Bangalore	Poor	No	17438240
8765	1652	3	4	3	2004	Pune	Fair	Yes	23479443
8766	3343	4	5	2	2014	Kochi	Poor	Yes	26533952
8767	2533	3	3	1	2011	Mumbai	Very Good	Yes	58430791
8768	1839	2	2	3	2013	Kochi	Good	No	17621180
8769	3560	5	5	1	2022	Ahmedabad	Fair	Yes	39581286
8770	2899	4	4	1	2005	Noida	Very Good	Yes	49127922
8771	4522	6	5	2	2018	Chennai	Poor	No	49695254
8772	3519	5	5	2	2008	Chennai	Good	No	43274297
8773	4243	6	5	1	2018	Noida	Excellent	Yes	78098788
8774	4374	6	5	1	2019	Ahmedabad	Very Good	No	53863315
8775	3611	5	5	1	1998	Mumbai	Excellent	Yes	97061549
8776	3749	6	5	3	2002	Kochi	Good	No	35417491
8777	3095	5	5	2	2013	Mysore	Good	Yes	30593390
8778	3279	5	5	1	2001	Coimbatore	Very Good	No	32736479
8779	2014	4	3	3	2018	Hyderabad	Very Good	No	28222870
8780	2571	4	4	4	2004	Kochi	Poor	No	21795821
8781	2212	3	4	3	1998	Noida	Good	Yes	34828016
8782	3866	5	5	3	2010	Chennai	Good	No	51587127
8783	4032	6	5	3	2010	Bangalore	Fair	No	55166940
8784	3091	3	3	2	2021	Jaipur	Very Good	Yes	33534583
8785	2801	3	2	4	2022	Coimbatore	Fair	Yes	26172521
8786	2302	4	4	4	2020	Hyderabad	Good	No	27615192
8787	3082	5	5	3	2026	Delhi	Very Good	No	66531829
8788	1156	2	1	1	2022	Noida	Very Good	No	19702257
8789	4305	6	5	3	2016	Bangalore	Very Good	Yes	78674584
8790	4339	6	5	4	2019	Noida	Very Good	Yes	72912019
8791	4842	6	5	2	2002	Noida	Fair	Yes	67290738
8792	3428	6	5	4	2005	Bangalore	Good	No	55036241
8793	2281	3	3	4	2017	Mumbai	Good	No	54809312
8794	722	1	1	3	2013	Jaipur	Good	No	7072497
8795	1725	2	2	2	1999	Jaipur	Good	No	14640029
8796	3559	4	4	3	2018	Noida	Very Good	No	63802044
8797	736	1	2	2	2023	Coimbatore	Excellent	Yes	9341385
8798	3661	5	4	4	2003	Pune	Good	Yes	51768181
8799	3524	5	5	1	2007	Jaipur	Fair	Yes	32090213
8800	2088	2	1	3	2011	Coimbatore	Poor	No	15354051
8801	652	1	1	1	2019	Pune	Good	No	11034377
8802	839	1	1	4	2009	Jaipur	Good	No	7876208
8803	3584	5	5	2	2007	Mumbai	Good	No	84053902
8804	2889	4	5	2	2015	Jaipur	Fair	No	26692361
8805	3453	5	5	3	2019	Kochi	Fair	Yes	32102879
8806	1799	3	2	3	2018	Coimbatore	Very Good	Yes	18485741
8807	1782	4	3	3	2024	Hyderabad	Good	No	23512422
8808	4418	5	5	3	2005	Ahmedabad	Very Good	Yes	53114300
8809	3728	6	5	2	2011	Ahmedabad	Good	Yes	37232621
8810	3640	5	4	1	2026	Pune	Poor	No	49054586
8811	877	2	3	1	2013	Hyderabad	Good	No	12124879
8812	1211	2	2	4	2026	Mumbai	Fair	No	25891817
8813	3885	6	5	4	2011	Ahmedabad	Good	Yes	39562968
8814	4855	6	5	2	2006	Mumbai	Good	Yes	103853877
8815	2526	5	5	3	2021	Chennai	Good	No	35231584
8816	3356	4	3	1	2024	Hyderabad	Good	Yes	40565946
8817	3454	6	5	4	2013	Coimbatore	Excellent	Yes	43254672
8818	929	1	2	4	2016	Ahmedabad	Very Good	No	12566536
8819	2384	4	5	4	2003	Ahmedabad	Very Good	Yes	29043045
8820	4762	6	5	3	2019	Kochi	Very Good	Yes	55849173
8821	3722	5	5	2	1998	Kochi	Good	Yes	33461789
8822	1261	2	2	3	2001	Ahmedabad	Excellent	Yes	16890896
8823	2543	4	4	4	2015	Kochi	Very Good	No	31012374
8824	4393	5	5	3	2000	Pune	Poor	Yes	48661284
8825	1042	1	2	2	2022	Hyderabad	Fair	No	12547440
8826	3211	5	5	1	2001	Chennai	Excellent	No	50938672
8827	4660	6	5	2	2004	Pune	Very Good	No	76575042
8828	3771	6	5	1	2014	Ahmedabad	Excellent	Yes	48936535
8829	3070	3	2	3	2023	Coimbatore	Very Good	Yes	34577609
8830	2206	3	3	2	2012	Coimbatore	Poor	Yes	18421075
8831	2765	4	4	3	2026	Jaipur	Fair	No	26976819
8832	3705	5	5	4	2000	Noida	Good	Yes	58495383
8833	4333	6	5	2	2020	Chennai	Excellent	Yes	70151455
8834	913	1	2	2	2002	Chennai	Poor	Yes	9589112
8835	3444	5	5	1	2005	Jaipur	Very Good	No	35211127
8836	2035	4	4	3	2012	Mysore	Good	Yes	19864648
8837	3119	5	5	2	2012	Noida	Good	No	47799506
8838	3072	4	4	4	2023	Jaipur	Very Good	Yes	35572481
8839	4931	6	5	1	2012	Mumbai	Very Good	No	128918509
8840	3188	6	5	4	2012	Mysore	Excellent	No	32427327
8841	1327	3	3	2	1998	Pune	Excellent	Yes	21641059
8842	2687	4	3	2	2014	Hyderabad	Very Good	No	35865514
8843	1674	2	3	4	1998	Ahmedabad	Very Good	No	18904553
8844	2296	3	3	4	2007	Pune	Excellent	Yes	38462009
8845	2247	3	4	3	2006	Coimbatore	Good	No	19610109
8846	807	2	3	2	2001	Coimbatore	Good	Yes	8287503
8847	3834	6	5	1	2013	Ahmedabad	Very Good	No	42835516
8848	2327	2	1	1	2003	Mumbai	Excellent	No	62985690
8849	2622	3	3	4	2000	Mysore	Good	No	20853129
8850	981	2	1	1	2019	Noida	Good	No	15711404
8851	1901	3	3	4	2013	Noida	Excellent	No	34189756
8852	3067	4	4	2	2010	Coimbatore	Good	Yes	30334613
8853	2729	4	4	4	1999	Mysore	Very Good	No	25994626
8854	4301	6	5	4	2026	Noida	Very Good	No	85219200
8855	3584	4	4	4	2000	Kochi	Fair	No	32347201
8856	1398	1	1	3	2016	Coimbatore	Good	Yes	12873463
8857	3669	5	5	1	2003	Chennai	Very Good	Yes	49196639
8858	4808	6	5	3	1999	Ahmedabad	Very Good	No	48931875
8859	2000	4	5	2	2012	Kochi	Good	Yes	21552144
8860	3582	5	5	2	2005	Delhi	Excellent	No	81144755
8861	3174	6	5	2	2010	Bangalore	Good	Yes	54019339
8862	2654	4	5	4	2024	Pune	Very Good	Yes	43727645
8863	879	1	1	2	2014	Pune	Good	Yes	14265212
8864	627	1	1	1	2025	Hyderabad	Very Good	Yes	8779782
8865	4500	5	4	3	2010	Pune	Good	Yes	66681715
8866	3337	4	4	3	2003	Mysore	Fair	Yes	24607577
8867	4643	6	5	2	2018	Jaipur	Fair	No	43607151
8868	1985	3	2	2	2010	Mysore	Good	No	17722653
8869	4065	6	5	1	2008	Kochi	Very Good	No	47065947
8870	2583	3	3	4	2020	Coimbatore	Good	Yes	26400528
8871	3017	4	4	4	2002	Hyderabad	Excellent	No	39528677
8872	2582	4	3	4	2017	Kochi	Excellent	No	34586843
8873	1782	2	1	3	2008	Pune	Excellent	Yes	29439971
8874	4925	6	5	2	2025	Noida	Good	No	85867435
8875	2537	3	2	1	2016	Chennai	Good	Yes	31698443
8876	2216	4	3	2	2019	Kochi	Very Good	No	25857474
8877	4302	6	5	4	2004	Delhi	Very Good	Yes	77821935
8878	3439	4	4	4	2018	Jaipur	Good	No	34406125
8879	2105	2	1	4	2005	Mumbai	Excellent	No	56462058
8880	2419	3	3	2	2020	Bangalore	Good	No	40293159
8881	3295	4	4	4	2009	Mysore	Excellent	No	35425755
8882	2590	3	2	1	2018	Jaipur	Fair	No	23507759
8883	1881	3	2	2	2022	Chennai	Very Good	No	28109342
8884	2687	3	3	2	2019	Chennai	Good	Yes	35319128
8885	2971	5	5	3	1998	Delhi	Good	Yes	48964401
8886	567	2	3	1	2015	Hyderabad	Good	Yes	7826458
8887	4737	6	5	1	2004	Jaipur	Fair	No	39615645
8888	860	2	2	1	2000	Pune	Excellent	No	14461663
8889	3762	6	5	2	2010	Delhi	Fair	Yes	58390191
8890	831	1	1	3	2008	Kochi	Good	No	8458350
8891	3701	5	5	1	2025	Noida	Good	Yes	58913245
8892	2994	4	3	2	2006	Pune	Good	Yes	43811994
8893	3188	4	3	2	2025	Ahmedabad	Very Good	No	42118018
8894	3141	4	4	2	2005	Delhi	Good	Yes	56962933
8895	856	1	2	1	2011	Mysore	Very Good	No	8793182
8896	4634	6	5	1	2000	Noida	Excellent	Yes	86784648
8897	4927	6	5	2	1999	Delhi	Good	No	86834212
8898	1319	3	4	2	2008	Mumbai	Very Good	No	33500719
8899	1956	4	5	3	2015	Pune	Excellent	No	37780020
8900	3327	5	5	3	2013	Mumbai	Poor	No	61304419
8901	4800	6	5	3	2018	Chennai	Good	No	63026043
8902	4217	6	5	4	2003	Bangalore	Very Good	No	69683925
8903	2448	2	2	1	2019	Delhi	Good	No	50322154
8904	524	1	1	2	2011	Mysore	Good	No	5044582
8905	4716	6	5	1	2026	Bangalore	Good	Yes	80239687
8906	3126	3	3	1	2007	Hyderabad	Good	No	37425464
8907	1038	1	1	1	2022	Mysore	Fair	Yes	9496768
8908	1944	3	3	4	1998	Noida	Very Good	Yes	29447779
8909	1690	2	1	1	2010	Kochi	Fair	Yes	15277049
8910	4636	6	5	1	2018	Ahmedabad	Good	No	55093681
8911	4803	6	5	3	2022	Jaipur	Good	Yes	51480285
8912	731	1	1	1	2025	Ahmedabad	Poor	No	6714953
8913	1915	3	3	3	2026	Pune	Good	No	29548889
8914	1772	2	1	3	2000	Jaipur	Good	Yes	16349312
8915	2440	3	4	4	2024	Pune	Good	Yes	42687554
8916	1640	2	3	2	2019	Pune	Poor	No	19149049
8917	1390	2	2	1	2026	Noida	Excellent	Yes	31208163
8918	721	1	2	1	2018	Coimbatore	Very Good	Yes	8662848
8919	3723	5	5	1	2025	Hyderabad	Good	No	45284215
8920	2909	4	4	2	2006	Hyderabad	Good	No	32120124
8921	4569	6	5	2	2013	Pune	Good	No	66880091
8922	2629	3	3	1	2023	Mysore	Fair	Yes	23708083
8923	3080	5	5	1	2021	Bangalore	Good	Yes	53743004
8924	2016	2	1	4	1999	Ahmedabad	Very Good	Yes	22723186
8925	522	2	2	3	2019	Chennai	Good	Yes	7748229
8926	828	1	1	2	1998	Noida	Good	Yes	12405009
8927	2560	3	2	3	2001	Mumbai	Very Good	No	60979320
8928	2047	3	4	1	2014	Kochi	Very Good	Yes	22652294
8929	845	1	1	4	2022	Coimbatore	Excellent	No	11144359
8930	2574	5	5	4	2013	Noida	Good	No	41605648
8931	3780	6	5	3	2006	Bangalore	Excellent	Yes	69063153
8932	928	1	1	2	2020	Noida	Very Good	Yes	18631281
8933	2807	4	4	3	1998	Mumbai	Very Good	Yes	63288750
8934	4801	6	5	3	2016	Mysore	Fair	No	41347465
8935	2956	4	4	2	2002	Noida	Good	No	46621252
8936	4134	6	5	4	2020	Pune	Fair	No	58689105
8937	2856	4	3	1	2011	Pune	Good	No	43332168
8938	3732	5	4	1	2007	Ahmedabad	Good	Yes	39663733
8939	2134	3	2	4	2006	Mumbai	Very Good	Yes	52450856
8940	2690	5	5	2	2025	Pune	Very Good	No	44417570
8941	1133	1	2	3	2009	Mysore	Very Good	No	11809879
8942	2390	3	4	4	2022	Chennai	Poor	Yes	27710787
8943	2180	3	2	3	2010	Hyderabad	Good	No	28128278
8944	2103	2	3	4	2000	Bangalore	Very Good	No	32851960
8945	4453	6	5	3	2022	Kochi	Excellent	No	62015295
8946	4613	6	5	1	2004	Hyderabad	Fair	No	47461508
8947	4326	6	5	2	2005	Kochi	Fair	No	35502145
8948	2859	3	4	3	2026	Noida	Poor	Yes	38058266
8949	2972	5	5	4	2026	Pune	Very Good	No	50160254
8950	1427	1	1	2	2005	Coimbatore	Good	Yes	12032876
8951	2887	4	5	1	2003	Coimbatore	Good	Yes	27000297
8952	2793	3	3	3	2000	Mysore	Fair	No	19994550
8953	1514	3	2	1	2017	Jaipur	Good	No	14981070
8954	1758	3	4	4	2017	Coimbatore	Fair	Yes	15696257
8955	3161	4	4	1	2001	Delhi	Fair	No	48015540
8956	861	2	2	4	2013	Bangalore	Very Good	Yes	16011466
8957	3575	4	4	2	2010	Noida	Excellent	Yes	62902296
8958	2911	4	3	3	2018	Delhi	Very Good	Yes	61999567
8959	3361	5	5	2	2006	Chennai	Good	No	44198382
8960	4649	6	5	2	2017	Mumbai	Very Good	Yes	122039541
8961	3069	4	4	4	2024	Jaipur	Fair	No	28383220
8962	2197	3	3	3	2006	Mumbai	Good	No	46111424
8963	4462	5	5	3	2000	Delhi	Very Good	No	81330570
8964	4233	6	5	2	2016	Mysore	Fair	Yes	34392019
8965	4194	6	5	3	2016	Hyderabad	Very Good	Yes	55496473
8966	2099	2	2	2	2005	Ahmedabad	Fair	No	20193580
8967	4379	6	5	1	2024	Noida	Poor	No	62925547
8968	4860	6	5	1	2016	Bangalore	Good	Yes	77260385
8969	2346	4	4	4	2023	Bangalore	Good	No	42570414
8970	4292	6	5	1	2016	Bangalore	Good	No	75736416
8971	3270	5	5	2	2016	Mysore	Good	Yes	28204736
8972	1122	3	4	4	2026	Pune	Good	No	18550918
8973	4110	6	5	4	2018	Coimbatore	Good	No	37964447
8974	4695	6	5	3	2017	Kochi	Very Good	No	50877376
8975	557	1	1	3	2015	Coimbatore	Good	Yes	6482066
8976	1328	2	2	2	2009	Delhi	Very Good	No	25031247
8977	3336	6	5	1	2023	Kochi	Good	No	37301937
8978	4916	6	5	1	2000	Coimbatore	Very Good	Yes	43024778
8979	1552	2	3	4	2013	Coimbatore	Fair	No	13951095
8980	3419	6	5	3	2001	Coimbatore	Very Good	Yes	32189435
8981	2631	5	5	2	2024	Mumbai	Fair	No	55228442
8982	4968	6	5	4	2017	Chennai	Good	No	64942555
8983	2352	3	4	1	2018	Hyderabad	Very Good	Yes	35229227
8984	1947	3	4	4	2019	Pune	Good	Yes	33706111
8985	727	2	3	2	2004	Chennai	Fair	No	9359787
8986	1613	3	2	2	2017	Mumbai	Fair	Yes	33817247
8987	2821	4	5	2	2018	Bangalore	Very Good	Yes	56213798
8988	2428	2	2	1	2014	Coimbatore	Excellent	Yes	29313628
8989	705	1	2	4	2013	Hyderabad	Poor	Yes	7346560
8990	4148	6	5	1	2010	Ahmedabad	Fair	Yes	39295577
8991	622	2	2	1	2023	Jaipur	Good	No	7317100
8992	582	1	1	1	2010	Jaipur	Excellent	Yes	7540637
8993	3510	4	5	3	2010	Ahmedabad	Good	No	38046863
8994	2954	5	5	4	2006	Bangalore	Good	No	46088300
8995	3624	4	4	4	2017	Bangalore	Excellent	No	70409972
8996	4006	5	5	4	2008	Mumbai	Very Good	Yes	92301503
8997	3154	5	4	4	2014	Kochi	Good	No	32998702
8998	1447	2	3	3	2013	Jaipur	Good	Yes	13988183
8999	4480	6	5	4	2004	Coimbatore	Excellent	No	47013717
9000	2328	2	3	4	2024	Mysore	Excellent	No	26924579
9001	4748	6	5	4	2020	Mumbai	Good	Yes	119304411
9002	1511	3	3	1	2020	Delhi	Good	No	27650967
9003	3068	5	5	4	2017	Pune	Fair	No	43105880
9004	4296	6	5	3	2001	Pune	Very Good	Yes	64338041
9005	3925	5	5	2	2014	Mysore	Very Good	Yes	41040239
9006	3325	4	5	1	2002	Bangalore	Very Good	Yes	52748722
9007	1094	2	2	1	1999	Noida	Good	No	16871662
9008	4096	6	5	1	2003	Hyderabad	Poor	Yes	36742465
9009	3552	5	4	3	1998	Ahmedabad	Excellent	Yes	42981295
9010	1507	2	2	2	2010	Jaipur	Good	Yes	14085231
9011	4105	5	4	1	2007	Noida	Very Good	No	62722112
9012	4006	5	5	1	2017	Bangalore	Good	No	71799345
9013	1977	4	5	2	2002	Noida	Fair	No	26841941
9014	4482	5	5	3	2012	Ahmedabad	Fair	Yes	42052798
9015	4252	6	5	3	2007	Bangalore	Fair	No	64520007
9016	2988	4	4	2	2006	Jaipur	Excellent	Yes	35474285
9017	3737	5	5	4	2007	Coimbatore	Fair	Yes	32746408
9018	3131	4	3	2	2011	Jaipur	Good	Yes	29333090
9019	2743	4	5	4	2002	Jaipur	Poor	No	21230354
9020	3087	4	4	3	2009	Noida	Good	Yes	51595298
9021	4042	6	5	4	2010	Bangalore	Good	No	67265590
9022	820	1	2	4	2026	Mumbai	Fair	No	20163752
9023	4419	5	4	2	2010	Mumbai	Good	Yes	102313420
9024	655	1	1	4	2001	Noida	Excellent	Yes	12332748
9025	4242	6	5	2	2014	Pune	Good	Yes	67342539
9026	796	1	1	4	2011	Delhi	Good	No	14519671
9027	566	1	1	3	2020	Ahmedabad	Very Good	No	7483531
9028	3537	5	5	1	2025	Mumbai	Very Good	No	88532733
9029	1396	1	1	3	1998	Bangalore	Fair	Yes	18207048
9030	3788	4	4	1	2009	Mysore	Good	Yes	34971680
9031	2270	2	2	3	2024	Jaipur	Very Good	Yes	26106007
9032	3033	4	3	4	2026	Ahmedabad	Excellent	Yes	42385644
9033	2636	4	4	4	2003	Noida	Good	No	41802133
9034	2795	3	4	2	2021	Mysore	Fair	No	24708972
9035	1944	4	4	1	2009	Noida	Good	No	31431931
9036	4172	6	5	4	1998	Mysore	Very Good	No	37647972
9037	1399	2	2	3	2025	Mysore	Excellent	Yes	17972912
9038	4182	6	5	2	2015	Kochi	Excellent	Yes	51689405
9039	1179	2	1	4	2001	Mumbai	Excellent	Yes	29855290
9040	4113	6	5	1	1998	Hyderabad	Very Good	No	48367988
9041	2216	2	2	2	2006	Delhi	Good	Yes	37416300
9042	3690	6	5	3	2003	Mysore	Very Good	No	32581874
9043	3985	6	5	4	2015	Hyderabad	Fair	No	47823505
9044	1660	2	3	4	2017	Chennai	Very Good	Yes	24650703
9045	1137	3	3	3	2004	Hyderabad	Fair	Yes	12967800
9046	4078	6	5	2	2016	Ahmedabad	Good	Yes	44317001
9047	1953	3	3	3	2006	Mysore	Good	No	15850536
9048	923	2	1	1	2007	Mumbai	Good	Yes	21120471
9049	2928	3	3	4	2014	Delhi	Excellent	No	67763658
9050	989	1	2	4	2000	Pune	Excellent	No	16932508
9051	1664	2	2	2	2010	Delhi	Good	No	30214708
9052	4565	6	5	2	2007	Hyderabad	Very Good	Yes	56038318
9053	2320	3	4	4	2022	Mumbai	Good	Yes	54841094
9054	4427	6	5	4	2012	Ahmedabad	Good	No	50416122
9055	4479	6	5	4	2025	Bangalore	Fair	Yes	67429308
9056	2393	2	1	4	1998	Kochi	Good	Yes	22117687
9057	2996	5	5	4	2003	Bangalore	Fair	No	41785571
9058	1798	4	3	4	2011	Jaipur	Fair	No	17210698
9059	847	1	1	2	2003	Delhi	Poor	Yes	12219343
9060	4070	5	4	3	2023	Mumbai	Very Good	Yes	102678728
9061	1566	3	2	4	2009	Chennai	Poor	Yes	17054021
9062	2946	3	4	1	2026	Delhi	Good	No	61515650
9063	1577	2	2	3	1998	Noida	Very Good	No	26820412
9064	4710	6	5	4	2015	Mysore	Very Good	No	44382507
9065	3313	5	5	4	2006	Hyderabad	Good	Yes	42185514
9066	1683	3	3	2	2005	Hyderabad	Fair	No	18276998
9067	591	2	2	4	2020	Jaipur	Very Good	Yes	8166321
9068	2676	4	3	3	2019	Delhi	Good	No	50580040
9069	4212	5	5	2	2008	Delhi	Fair	Yes	64464135
9070	3342	5	5	3	1998	Pune	Good	Yes	42867475
9071	4142	6	5	1	2009	Ahmedabad	Very Good	No	46710949
9072	2624	4	4	4	2016	Delhi	Very Good	Yes	53895377
9073	3045	4	3	3	2025	Noida	Very Good	Yes	60876688
9074	3606	4	5	1	2010	Noida	Excellent	No	69695761
9075	2866	3	3	3	2025	Mysore	Very Good	No	29906781
9076	4424	6	5	4	2000	Pune	Good	Yes	59138970
9077	1187	2	2	2	2012	Noida	Very Good	Yes	19681087
9078	3867	6	5	1	2026	Mumbai	Very Good	Yes	108848656
9079	2836	3	2	4	2011	Coimbatore	Very Good	No	29187759
9080	778	1	1	4	2013	Kochi	Very Good	Yes	8814176
9081	735	1	1	4	2026	Mumbai	Very Good	Yes	21600982
9082	4466	6	5	1	2018	Kochi	Good	No	44036033
9083	1504	1	1	3	2016	Pune	Excellent	No	28872595
9084	772	1	1	3	2023	Mysore	Very Good	No	8452139
9085	3628	6	5	2	2013	Mumbai	Good	No	82226648
9086	3870	6	5	4	2014	Chennai	Fair	Yes	48653234
9087	1179	2	2	1	2018	Mumbai	Very Good	No	28451101
9088	3715	5	5	4	2013	Pune	Very Good	Yes	63652570
9089	1488	1	1	4	2007	Chennai	Fair	No	16898901
9090	1527	2	1	2	2014	Chennai	Excellent	Yes	24539198
9091	836	1	1	2	2003	Delhi	Very Good	No	15491832
9092	1621	2	1	1	2025	Bangalore	Excellent	No	32058281
9093	3874	6	5	1	2018	Hyderabad	Good	Yes	50439324
9094	506	1	2	1	2023	Noida	Good	No	8884804
9095	1317	3	2	3	2015	Ahmedabad	Good	No	13866578
9096	2517	4	5	1	2011	Kochi	Very Good	No	28457709
9097	3964	6	5	3	2005	Pune	Good	Yes	56011033
9098	2730	3	3	1	2001	Kochi	Good	No	24536447
9099	4009	5	5	4	2018	Pune	Good	No	62805317
9100	2597	5	5	1	2004	Ahmedabad	Very Good	Yes	31476870
9101	4684	6	5	1	2021	Kochi	Excellent	Yes	64783070
9102	1704	1	1	2	2024	Mumbai	Good	No	39136953
9103	1917	4	4	3	2005	Chennai	Very Good	No	27755689
9104	2788	4	5	1	2021	Chennai	Good	Yes	37525881
9105	3834	4	3	1	2003	Delhi	Fair	Yes	57976861
9106	1905	3	4	1	2002	Mysore	Good	Yes	17441123
9107	3210	6	5	2	2012	Ahmedabad	Good	No	33215260
9108	2655	4	4	1	2019	Noida	Excellent	No	50426088
9109	738	1	1	2	2003	Jaipur	Fair	No	6695522
9110	907	2	3	2	2000	Noida	Fair	No	13243640
9111	4008	6	5	2	2010	Bangalore	Good	No	67887031
9112	733	1	1	2	2026	Jaipur	Fair	Yes	7608885
9113	1648	2	1	2	2004	Mysore	Excellent	No	17341976
9114	2621	3	2	1	2001	Jaipur	Good	Yes	22397483
9115	4322	6	5	4	2016	Coimbatore	Fair	Yes	36697213
9116	1863	3	4	4	2017	Coimbatore	Good	Yes	19378603
9117	1165	2	2	2	2013	Jaipur	Very Good	No	13219681
9118	3319	6	5	2	2000	Bangalore	Fair	Yes	45207836
9119	3893	6	5	4	2020	Noida	Very Good	No	75682092
9120	4215	6	5	1	2019	Ahmedabad	Good	Yes	46784833
9121	4531	5	5	4	2011	Jaipur	Excellent	Yes	53666535
9122	3232	4	5	3	2019	Mumbai	Very Good	Yes	90786152
9123	3539	5	5	3	2020	Delhi	Very Good	No	76283383
9124	3291	5	5	3	2019	Delhi	Very Good	No	65103136
9125	1584	1	2	3	2026	Noida	Excellent	Yes	35750816
9126	2801	4	4	3	2026	Mysore	Poor	No	22800530
9127	714	2	2	1	2001	Jaipur	Good	No	7064480
9128	4795	6	5	2	2000	Bangalore	Excellent	No	81047414
9129	3534	4	5	3	2015	Kochi	Very Good	Yes	43848264
9130	3530	5	5	1	2017	Hyderabad	Very Good	Yes	45937558
9131	883	2	2	2	2020	Ahmedabad	Good	Yes	10440472
9132	3999	6	5	4	2005	Chennai	Good	Yes	53148077
9133	4761	6	5	3	2025	Pune	Excellent	Yes	97060916
9134	794	1	1	4	2023	Coimbatore	Poor	Yes	7117748
9135	2806	4	4	2	2007	Mumbai	Very Good	No	68634289
9136	4800	6	5	4	2017	Chennai	Very Good	No	65691023
9137	4624	6	5	1	2022	Bangalore	Good	No	81460886
9138	542	1	1	2	2021	Noida	Good	Yes	9248487
9139	2364	2	2	3	2025	Hyderabad	Very Good	No	33468527
9140	4738	6	5	4	2012	Mysore	Good	Yes	41975736
9141	4158	6	5	4	2010	Delhi	Poor	No	58282805
9142	2280	4	4	3	2020	Delhi	Excellent	No	54513774
9143	1633	3	2	3	2019	Noida	Fair	Yes	23944249
9144	3592	6	5	3	2016	Mumbai	Good	No	89818911
9145	2588	5	5	4	2018	Delhi	Good	No	49493269
9146	3569	5	5	1	2005	Jaipur	Fair	Yes	30609098
9147	2744	3	3	1	1999	Delhi	Very Good	Yes	53215314
9148	4636	6	5	1	2004	Ahmedabad	Fair	Yes	40493354
9149	1441	3	3	2	2020	Chennai	Very Good	Yes	21287987
9150	3732	4	4	3	1998	Ahmedabad	Good	No	34121302
9151	2864	4	3	4	2006	Kochi	Poor	No	22029133
9152	2197	4	5	4	2024	Mysore	Very Good	No	23824354
9153	4489	6	5	3	2006	Bangalore	Good	No	68920443
9154	2458	3	3	3	2020	Hyderabad	Very Good	Yes	36504398
9155	2567	5	5	3	1998	Bangalore	Excellent	Yes	47283978
9156	677	1	2	3	2000	Hyderabad	Good	No	8294597
9157	2535	4	5	2	2008	Kochi	Good	Yes	25055115
9158	2367	3	4	3	2020	Mumbai	Very Good	Yes	60969684
9159	1708	2	3	2	2008	Noida	Good	Yes	25657617
9160	4155	5	5	1	2003	Ahmedabad	Fair	No	37716775
9161	1104	3	2	4	1998	Mumbai	Good	Yes	23956717
9162	4118	6	5	2	2025	Pune	Fair	Yes	63650137
9163	1459	3	3	1	2018	Delhi	Good	Yes	31055639
9164	4983	6	5	4	2017	Bangalore	Excellent	No	99771308
9165	1581	2	2	1	2004	Mysore	Very Good	No	13917091
9166	933	1	1	2	2018	Hyderabad	Very Good	Yes	12861349
9167	2620	5	5	1	2021	Chennai	Good	No	38983643
9168	4975	6	5	4	2022	Mysore	Good	Yes	45944294
9169	3701	5	5	2	2024	Hyderabad	Very Good	Yes	53334412
9170	2342	3	4	3	2013	Pune	Fair	No	31055807
9171	4142	6	5	1	2004	Coimbatore	Fair	No	34227663
9172	4041	6	5	2	2024	Bangalore	Poor	Yes	61254078
9173	4353	6	5	2	2003	Mysore	Good	No	38710424
9174	1417	2	2	3	1998	Noida	Fair	No	18872693
9175	545	1	1	4	2001	Coimbatore	Very Good	No	5982257
9176	1743	1	1	3	2026	Noida	Poor	No	24447790
9177	4112	5	5	2	2019	Jaipur	Good	Yes	38637227
9178	1505	2	2	3	2023	Bangalore	Good	No	25548053
9179	2526	4	4	1	2020	Mumbai	Fair	No	51828959
9180	681	1	1	4	2001	Delhi	Fair	No	11372261
9181	1524	3	3	4	2008	Pune	Fair	No	19552273
9182	4058	6	5	3	2005	Ahmedabad	Excellent	Yes	51779207
9183	549	1	2	4	2019	Mysore	Very Good	Yes	6595166
9184	2646	3	3	4	2012	Delhi	Very Good	Yes	56351370
9185	4456	6	5	3	2004	Bangalore	Very Good	Yes	73161956
9186	958	2	2	1	2026	Kochi	Poor	No	8680773
9187	4958	6	5	3	2020	Pune	Very Good	No	77983401
9188	3795	6	5	3	2016	Pune	Fair	Yes	54102038
9189	1454	1	1	3	2022	Bangalore	Fair	Yes	21929656
9190	2763	5	5	3	2010	Bangalore	Good	Yes	42933316
9191	4200	5	5	4	2008	Hyderabad	Good	No	47487198
9192	3061	3	3	1	2025	Hyderabad	Good	No	42320914
9193	4570	6	5	4	2013	Chennai	Very Good	Yes	64863105
9194	4959	6	5	4	2007	Pune	Good	Yes	67900537
9195	4508	6	5	1	2004	Noida	Good	Yes	70445408
9196	2341	4	5	1	2017	Chennai	Good	Yes	30200082
9197	1452	2	2	1	2010	Chennai	Poor	Yes	15779784
9198	864	1	1	3	2016	Chennai	Very Good	Yes	12452300
9199	784	1	1	1	2005	Mysore	Very Good	No	7073913
9200	962	2	2	2	2005	Mysore	Good	Yes	8972350
9201	3658	5	5	2	2026	Jaipur	Good	Yes	38924715
9202	1461	1	2	2	2003	Coimbatore	Very Good	No	14119417
9203	2186	3	3	2	2019	Pune	Very Good	No	38832255
9204	2410	4	4	4	2017	Kochi	Very Good	Yes	28694191
9205	3462	5	5	3	2018	Chennai	Good	No	48899499
9206	3473	4	5	1	2012	Chennai	Very Good	Yes	48632613
9207	4100	6	5	1	2010	Noida	Excellent	Yes	81738045
9208	994	1	1	2	2001	Bangalore	Good	No	14345035
9209	531	2	2	3	2013	Coimbatore	Poor	Yes	5449825
9210	3769	5	5	3	2009	Chennai	Fair	Yes	40621818
9211	3324	5	4	2	2024	Hyderabad	Good	No	45482861
9212	4581	6	5	4	2003	Pune	Fair	No	59280450
9213	3411	6	5	1	2015	Delhi	Poor	Yes	49841322
9214	1001	1	1	3	2022	Delhi	Good	No	19175829
9215	1000	1	1	4	2021	Hyderabad	Poor	No	11073450
9216	2216	4	3	4	2016	Kochi	Good	No	24666102
9217	2584	4	5	1	2009	Noida	Very Good	No	44276420
9218	2341	3	3	4	2001	Pune	Fair	No	30881510
9219	1991	2	2	4	2000	Coimbatore	Good	Yes	18520175
9220	3518	5	5	3	2010	Delhi	Good	No	67574536
9221	3990	5	5	3	2005	Jaipur	Good	Yes	34396659
9222	2797	3	4	2	2025	Jaipur	Fair	Yes	26610683
9223	2377	3	2	4	2011	Coimbatore	Excellent	No	25330405
9224	2705	3	2	2	2012	Coimbatore	Excellent	Yes	29079825
9225	500	2	1	1	2013	Noida	Very Good	Yes	9268313
9226	2342	2	3	3	2020	Delhi	Good	Yes	45581067
9227	1245	2	2	2	2005	Kochi	Very Good	Yes	14763300
9228	3680	5	5	4	2019	Coimbatore	Good	No	38854629
9229	3024	5	5	3	2026	Coimbatore	Fair	Yes	28654645
9230	622	2	1	2	2014	Noida	Very Good	Yes	11578827
9231	2742	3	4	3	2019	Kochi	Fair	Yes	28685221
9232	1978	3	3	4	2005	Mumbai	Fair	No	39020528
9233	1230	1	1	1	2003	Hyderabad	Poor	No	11228872
9234	2877	5	5	4	2012	Chennai	Excellent	No	43866839
9235	3845	6	5	2	2026	Pune	Good	Yes	63970248
9236	1405	2	2	1	2023	Kochi	Very Good	No	16829109
9237	4064	6	5	4	2003	Kochi	Fair	No	36308171
9238	789	1	1	1	2015	Pune	Fair	No	10402945
9239	2229	2	2	2	2002	Hyderabad	Poor	Yes	18921393
9240	4074	6	5	3	2017	Kochi	Good	No	41499043
9241	3683	4	4	1	2000	Chennai	Good	No	47229586
9242	1641	2	1	1	2006	Hyderabad	Excellent	No	23021692
9243	3254	5	5	1	2009	Noida	Good	Yes	54685946
9244	4292	6	5	2	2021	Bangalore	Very Good	Yes	75364611
9245	584	1	1	2	2009	Hyderabad	Good	Yes	7452041
9246	2674	4	4	1	2014	Bangalore	Excellent	No	56300804
9247	2859	3	2	2	1998	Mumbai	Poor	Yes	45202939
9248	558	1	1	3	2006	Bangalore	Excellent	No	10985837
9249	4099	6	5	2	1999	Jaipur	Excellent	Yes	47247378
9250	1925	4	4	4	2006	Ahmedabad	Good	Yes	22181750
9251	3181	5	4	3	2017	Mysore	Good	No	30030858
9252	4355	6	5	1	2010	Delhi	Good	Yes	82797886
9253	1378	2	1	2	2019	Mumbai	Very Good	No	35264338
9254	4947	6	5	4	2002	Bangalore	Fair	Yes	69549782
9255	4283	6	5	2	2008	Mysore	Very Good	Yes	42814263
9256	3408	5	5	2	2011	Mysore	Fair	Yes	27845489
9257	1137	1	1	4	2024	Kochi	Good	Yes	13011702
9258	3859	5	5	1	2021	Jaipur	Excellent	No	45992478
9259	546	1	1	1	2011	Mumbai	Poor	Yes	9831677
9260	3783	4	5	4	2026	Mumbai	Fair	No	80018351
9261	3126	4	4	3	2006	Ahmedabad	Good	No	29892733
9262	1723	2	2	2	2019	Hyderabad	Good	Yes	22379430
9263	1013	1	2	2	2022	Mysore	Excellent	No	12524332
9264	3479	6	5	2	2018	Coimbatore	Good	No	35241223
9265	3819	5	5	1	2012	Jaipur	Good	Yes	34765726
9266	1734	2	2	2	2019	Noida	Good	Yes	28783701
9267	4903	6	5	1	2020	Ahmedabad	Good	No	58197220
9268	2747	3	3	3	2025	Bangalore	Very Good	Yes	56111950
9269	4462	6	5	1	2022	Noida	Very Good	Yes	79971194
9270	4411	6	5	3	2012	Kochi	Good	Yes	49149304
9271	761	2	2	2	2021	Mumbai	Fair	Yes	16415716
9272	4413	6	5	1	2024	Mysore	Very Good	Yes	48895662
9273	2693	3	3	2	2020	Pune	Very Good	Yes	47090528
9274	961	1	1	2	2024	Pune	Very Good	No	16072763
9275	880	1	1	3	2004	Chennai	Good	No	11942922
9276	3602	4	3	4	2006	Mysore	Fair	Yes	28818323
9277	534	1	1	2	2012	Noida	Good	No	8547128
9278	2703	3	2	3	2026	Coimbatore	Good	Yes	29680477
9279	1528	2	2	2	2002	Pune	Very Good	No	24818877
9280	2111	4	4	3	2000	Mumbai	Good	No	43774255
9281	3039	3	3	3	2007	Noida	Very Good	No	46901218
9282	548	1	2	2	2024	Mysore	Good	Yes	6353406
9283	1976	2	1	2	2004	Jaipur	Very Good	No	20546404
9284	4843	6	5	2	2017	Jaipur	Very Good	Yes	53573651
9285	4596	6	5	2	2012	Bangalore	Excellent	Yes	92181383
9286	4403	6	5	2	2022	Mumbai	Good	No	104646074
9287	4914	6	5	2	2014	Bangalore	Good	Yes	74479520
9288	1402	3	4	3	2026	Noida	Very Good	Yes	28721657
9289	801	1	1	4	2018	Delhi	Good	Yes	16391111
9290	2489	4	5	3	2021	Coimbatore	Good	Yes	24637123
9291	2666	3	3	4	2007	Delhi	Fair	Yes	43949483
9292	4658	6	5	1	2013	Delhi	Fair	Yes	79019566
9293	1624	2	3	2	2015	Mumbai	Poor	No	31009331
9294	3165	6	5	1	2021	Noida	Good	No	50536575
9295	1408	1	1	2	2006	Jaipur	Good	No	12288681
9296	4345	6	5	4	1999	Ahmedabad	Very Good	No	49967302
9297	3062	4	4	3	2010	Bangalore	Good	No	48462566
9298	2080	2	1	1	1999	Mumbai	Very Good	No	48905437
9299	1719	3	3	1	2013	Jaipur	Good	Yes	16575182
9300	2989	5	5	4	2017	Bangalore	Fair	Yes	46197166
9301	4946	6	5	2	2011	Hyderabad	Fair	Yes	52249417
9302	2204	3	3	4	2018	Mysore	Very Good	No	22981411
9303	560	1	1	2	2001	Ahmedabad	Very Good	No	6069904
9304	2448	4	4	1	2017	Mumbai	Good	No	60100439
9305	3515	4	5	4	2015	Pune	Very Good	Yes	61410745
9306	4300	6	5	2	2019	Bangalore	Excellent	Yes	89884708
9307	4867	6	5	1	2005	Mysore	Very Good	Yes	44201148
9308	2374	2	1	3	2014	Jaipur	Very Good	No	26707115
9309	2306	4	3	3	2022	Kochi	Excellent	Yes	31829291
9310	2389	3	3	1	2005	Chennai	Very Good	No	34139095
9311	1995	4	3	4	2020	Delhi	Good	Yes	37651459
9312	1933	4	3	1	2026	Hyderabad	Good	No	25536195
9313	3510	6	5	1	2024	Delhi	Good	No	66729898
9314	3261	4	3	1	2014	Bangalore	Very Good	No	60053272
9315	4629	6	5	1	2002	Mumbai	Poor	Yes	78651961
9316	1777	3	4	3	2001	Pune	Excellent	No	30032851
9317	3794	4	3	2	2002	Ahmedabad	Good	No	36344391
9318	4894	6	5	2	2012	Pune	Good	No	75913850
9319	2882	4	5	2	2000	Ahmedabad	Very Good	Yes	31741167
9320	846	2	3	1	2021	Hyderabad	Good	No	11616777
9321	2841	3	3	3	2020	Mysore	Good	Yes	26726060
9322	1537	2	2	3	2013	Delhi	Good	No	27104435
9323	1591	1	1	1	2023	Chennai	Very Good	Yes	25687135
9324	4806	6	5	1	2011	Mumbai	Good	Yes	106054194
9325	3205	6	5	1	2013	Ahmedabad	Excellent	Yes	42890236
9326	1960	3	3	1	2013	Chennai	Excellent	Yes	32286270
9327	2863	5	5	3	2010	Chennai	Good	Yes	39836284
9328	573	1	1	4	2000	Chennai	Very Good	No	8585036
9329	4728	6	5	3	1998	Mumbai	Good	Yes	92337246
9330	643	1	1	1	2009	Bangalore	Poor	Yes	9170594
9331	2593	3	3	1	2005	Pune	Good	No	37337584
9332	2759	3	3	2	2012	Mysore	Excellent	Yes	29161695
9333	2160	2	1	2	2026	Mumbai	Very Good	Yes	56812156
9334	1612	2	3	4	2022	Delhi	Good	No	32551550
9335	3775	5	5	1	2026	Coimbatore	Good	No	37917687
9336	4823	6	5	2	2017	Delhi	Fair	Yes	80533506
9337	3534	5	5	4	2017	Delhi	Very Good	Yes	71618233
9338	4799	6	5	3	2009	Bangalore	Good	No	74146391
9339	1591	1	1	4	2010	Jaipur	Very Good	No	15676295
9340	2285	3	2	4	1998	Noida	Good	No	32453646
9341	3607	6	5	4	2014	Kochi	Excellent	Yes	49275374
9342	1823	3	3	1	2001	Mumbai	Fair	Yes	35455390
9343	2388	2	1	2	2019	Bangalore	Good	Yes	38193464
9344	3809	4	5	3	1998	Bangalore	Excellent	No	64814864
9345	2026	2	2	1	2009	Bangalore	Very Good	Yes	33395884
9346	867	1	1	4	2020	Jaipur	Fair	No	8073617
9347	1030	1	1	4	2022	Chennai	Very Good	No	14869893
9348	2036	2	1	2	2009	Hyderabad	Good	Yes	25306240
9349	3484	5	5	4	2006	Mumbai	Very Good	Yes	89212792
9350	3579	5	5	2	2017	Noida	Very Good	No	63057735
9351	782	1	1	1	2001	Bangalore	Good	Yes	12841248
9352	3395	5	5	2	2021	Mysore	Fair	Yes	29473197
9353	3661	5	5	3	2017	Mysore	Very Good	Yes	39687345
9354	4494	6	5	4	2025	Ahmedabad	Fair	Yes	45883355
9355	4734	6	5	2	2000	Chennai	Very Good	No	66507429
9356	2708	3	4	3	2012	Kochi	Fair	Yes	26780867
9357	3724	5	5	2	2012	Mysore	Fair	No	31941526
9358	721	2	1	3	2010	Hyderabad	Excellent	No	10560817
9359	3410	5	4	3	2018	Noida	Very Good	No	56444382
9360	4743	6	5	4	2007	Delhi	Good	Yes	90941860
9361	2919	3	3	1	2016	Hyderabad	Poor	No	27128659
9362	1913	4	4	2	2007	Delhi	Good	No	32705432
9363	2468	5	4	4	2015	Jaipur	Good	No	24022044
9364	3859	6	5	4	2003	Coimbatore	Good	No	37191527
9365	2301	3	4	4	1999	Mumbai	Very Good	No	53093450
9366	2136	2	3	3	2007	Chennai	Very Good	No	30794268
9367	3703	6	5	4	2002	Jaipur	Very Good	No	36436201
9368	2335	4	5	4	2002	Jaipur	Good	Yes	22701713
9369	2882	4	4	4	2008	Delhi	Good	No	48527281
9370	2815	5	5	4	1998	Mysore	Good	Yes	25858798
9371	3892	5	4	4	2002	Mumbai	Fair	Yes	76765249
9372	1111	1	1	1	2021	Hyderabad	Very Good	Yes	14784130
9373	2665	5	4	1	2019	Delhi	Poor	No	40058905
9374	4634	6	5	4	2006	Coimbatore	Good	No	40716269
9375	1535	1	1	2	2016	Ahmedabad	Very Good	Yes	18477465
9376	3609	4	4	1	2016	Chennai	Fair	Yes	44506357
9377	674	2	2	4	2011	Mysore	Fair	Yes	6954341
9378	1485	3	2	4	2017	Mumbai	Good	Yes	34974981
9379	3709	4	4	4	2005	Hyderabad	Very Good	No	46343944
9380	4258	5	5	2	2012	Mysore	Good	No	36893116
9381	1872	3	3	2	2003	Bangalore	Good	Yes	29752784
9382	3702	5	5	2	2026	Pune	Very Good	No	63575956
9383	4783	6	5	2	2016	Noida	Excellent	Yes	92058814
9384	915	1	1	1	2010	Noida	Very Good	No	15013550
9385	4003	6	5	1	2016	Kochi	Excellent	Yes	52083160
9386	1000	1	2	3	2009	Chennai	Good	No	12838062
9387	2999	5	5	4	2012	Mysore	Fair	No	24297874
9388	3917	6	5	1	2001	Pune	Good	Yes	50949229
9389	4898	6	5	1	2004	Pune	Excellent	No	83574892
9390	3290	4	4	1	2020	Kochi	Fair	Yes	32676240
9391	4550	5	5	2	2020	Mysore	Good	No	38992192
9392	1064	2	2	3	2025	Mumbai	Fair	No	24467875
9393	4013	6	5	4	2026	Mumbai	Good	No	101458943
9394	1643	3	3	1	1998	Coimbatore	Very Good	Yes	15439865
9395	511	1	1	1	1998	Mumbai	Very Good	Yes	11587960
9396	4731	6	5	1	2021	Bangalore	Good	Yes	79002259
9397	2022	2	1	2	1998	Noida	Fair	No	26991445
9398	2793	3	3	3	2011	Delhi	Excellent	No	59693522
9399	2000	3	2	4	2024	Jaipur	Good	No	21282594
9400	3532	5	4	2	2002	Chennai	Excellent	Yes	56242460
9401	2481	5	4	2	2015	Hyderabad	Good	Yes	29618247
9402	3998	5	5	2	2000	Delhi	Good	Yes	67393563
9403	1289	3	2	4	2021	Mysore	Fair	No	12616950
9404	4308	6	5	3	2013	Mumbai	Good	No	90725475
9405	1723	3	2	2	2024	Mumbai	Excellent	Yes	54849746
9406	850	2	1	4	2006	Mysore	Very Good	Yes	8787139
9407	3515	6	5	3	2024	Pune	Good	Yes	53554776
9408	4133	6	5	1	2022	Ahmedabad	Good	Yes	44622626
9409	1607	3	3	3	1999	Kochi	Fair	Yes	15850963
9410	1305	2	2	2	2008	Jaipur	Good	Yes	12707993
9411	3764	4	4	4	2018	Mumbai	Very Good	Yes	93469117
9412	2310	3	3	4	2019	Mysore	Good	No	21856806
9413	687	1	1	1	2014	Hyderabad	Good	Yes	8643508
9414	1717	1	1	1	2003	Mysore	Good	No	13245908
9415	1597	1	1	3	2010	Mysore	Very Good	Yes	15865331
9416	2099	2	2	4	2000	Mumbai	Very Good	Yes	45907705
9417	4514	6	5	4	2011	Chennai	Fair	No	54430910
9418	3949	6	5	1	2021	Bangalore	Fair	No	61489991
9419	1279	3	2	4	2014	Noida	Very Good	Yes	22084101
9420	1695	1	1	3	2012	Ahmedabad	Good	No	16970791
9421	2951	4	4	3	2012	Noida	Fair	No	44142482
9422	2621	3	4	4	1999	Noida	Good	Yes	40637939
9423	2750	4	4	2	2026	Chennai	Fair	No	34003814
9424	1164	1	1	3	2006	Ahmedabad	Good	Yes	12970041
9425	1872	2	2	2	2014	Jaipur	Fair	No	17205377
9426	4242	6	5	3	2006	Mysore	Poor	No	30495334
9427	1877	3	3	2	2007	Ahmedabad	Good	Yes	18911412
9428	1520	3	3	4	2011	Pune	Very Good	No	24930871
9429	1499	1	1	3	2016	Bangalore	Good	No	23481906
9430	4556	6	5	1	2001	Mysore	Good	No	37856813
9431	1239	2	2	3	2012	Noida	Fair	Yes	19397990
9432	4441	5	5	1	2022	Kochi	Fair	Yes	40540885
9433	3190	5	4	1	2025	Chennai	Good	No	42396242
9434	1074	2	1	2	2007	Bangalore	Very Good	No	17545178
9435	4977	6	5	4	2004	Ahmedabad	Poor	Yes	43865114
9436	4258	5	4	4	2005	Bangalore	Good	Yes	70456967
9437	1822	3	2	4	2010	Pune	Good	No	29220112
9438	2441	3	3	3	1998	Kochi	Excellent	Yes	26503343
9439	3263	6	5	3	2016	Pune	Fair	No	42747867
9440	4864	6	5	2	2000	Mysore	Good	No	41200847
9441	3361	4	4	3	2007	Pune	Fair	No	45374370
9442	612	1	1	2	2014	Kochi	Good	Yes	6450229
9443	3277	6	5	4	1998	Pune	Good	No	41845626
9444	4706	6	5	3	2026	Hyderabad	Very Good	No	62621157
9445	1054	3	3	3	2000	Chennai	Very Good	No	14019810
9446	2688	5	5	3	2008	Hyderabad	Fair	No	27918649
9447	835	1	2	4	2015	Kochi	Very Good	No	9729404
9448	3918	6	5	4	2008	Bangalore	Fair	Yes	60734965
9449	1447	1	2	1	2002	Delhi	Very Good	No	26726590
9450	3815	5	5	3	2000	Chennai	Fair	No	41557395
9451	4694	6	5	2	2019	Pune	Poor	No	57370036
9452	4440	6	5	4	2004	Coimbatore	Excellent	No	48695771
9453	4150	6	5	3	2026	Hyderabad	Very Good	No	56708324
9454	2845	4	4	2	2015	Mysore	Excellent	No	30514315
9455	850	1	1	2	2020	Chennai	Fair	No	11383974
9456	2845	5	5	1	2006	Delhi	Good	Yes	55254000
9457	2328	4	3	4	2000	Noida	Very Good	Yes	41023854
9458	3215	6	5	3	2012	Bangalore	Good	Yes	50874379
9459	2672	4	4	2	2019	Delhi	Fair	Yes	44113814
9460	1846	3	4	4	2006	Coimbatore	Poor	No	15190222
9461	4676	6	5	3	2025	Mumbai	Good	Yes	115285608
9462	2218	4	4	4	2002	Chennai	Good	Yes	29430589
9463	4986	6	5	4	2010	Ahmedabad	Fair	Yes	45512376
9464	2415	3	4	2	2021	Delhi	Good	Yes	46428903
9465	2238	3	3	4	2004	Kochi	Good	Yes	21759532
9466	1847	3	3	1	2026	Kochi	Very Good	No	21167426
9467	3793	5	5	2	2014	Mumbai	Good	Yes	93195733
9468	1963	2	2	4	2021	Mysore	Poor	No	14679109
9469	2063	4	5	4	2018	Coimbatore	Poor	Yes	18499327
9470	565	1	2	1	1998	Pune	Fair	Yes	7077643
9471	1833	2	1	2	2010	Hyderabad	Good	Yes	23363705
9472	3356	4	4	3	2007	Pune	Excellent	No	61795792
9473	4365	6	5	1	2005	Kochi	Very Good	Yes	47824554
9474	3945	6	5	4	2000	Noida	Fair	No	48712311
9475	4738	6	5	3	2013	Kochi	Very Good	No	52684291
9476	2272	3	4	3	2007	Mumbai	Good	No	49008380
9477	4938	6	5	2	2024	Pune	Good	No	83616832
9478	3500	6	5	1	2001	Jaipur	Good	Yes	34132133
9479	2512	3	2	3	2012	Delhi	Very Good	Yes	53418166
9480	1895	3	3	1	2019	Delhi	Fair	No	30963988
9481	2201	3	3	1	2020	Jaipur	Excellent	Yes	27244129
9482	4220	6	5	3	2015	Chennai	Excellent	Yes	69750791
9483	1756	3	4	3	2004	Jaipur	Very Good	Yes	19751254
9484	2210	2	2	3	2020	Hyderabad	Good	Yes	29336813
9485	4379	6	5	2	2014	Mumbai	Very Good	Yes	106317307
9486	4393	6	5	2	2022	Chennai	Fair	No	56094124
9487	4708	6	5	4	2008	Delhi	Very Good	No	97647125
9488	3183	5	5	3	2004	Jaipur	Very Good	Yes	32389783
9489	4398	6	5	4	2020	Bangalore	Very Good	Yes	77268683
9490	1264	2	1	1	2010	Mumbai	Good	No	26486990
9491	3496	5	5	4	2002	Chennai	Good	No	40335986
9492	1847	2	3	4	2022	Mumbai	Very Good	No	52173766
9493	4046	5	5	3	2018	Delhi	Excellent	No	88349548
9494	3146	4	4	4	1998	Mysore	Excellent	No	30221997
9495	2984	4	4	1	2010	Ahmedabad	Fair	Yes	28764057
9496	3799	5	5	3	2004	Jaipur	Fair	Yes	29970635
9497	2678	4	4	3	2026	Delhi	Very Good	Yes	57229822
9498	2559	3	2	4	2003	Hyderabad	Fair	Yes	27852332
9499	4590	6	5	3	2008	Mumbai	Very Good	Yes	114015371
9500	1696	2	2	4	2008	Mysore	Very Good	No	17518777
9501	4220	5	5	2	2011	Pune	Fair	Yes	53895725
9502	3119	3	3	4	2015	Coimbatore	Very Good	Yes	32734938
9503	4637	6	5	3	2008	Mysore	Fair	Yes	34975429
9504	1640	2	3	3	2011	Mumbai	Fair	Yes	31847388
9505	3187	4	4	3	1998	Mumbai	Very Good	No	76076977
9506	986	1	1	2	2010	Delhi	Very Good	Yes	19879083
9507	2008	4	5	4	2022	Jaipur	Very Good	Yes	22646836
9508	507	1	1	3	2016	Mysore	Good	Yes	5170059
9509	3193	5	5	4	2017	Mysore	Good	No	27707557
9510	1424	2	2	1	2002	Kochi	Fair	Yes	13613412
9511	1965	3	2	4	2021	Kochi	Good	No	21715088
9512	4929	6	5	1	2008	Mysore	Good	Yes	43424530
9513	2064	4	3	3	2024	Ahmedabad	Very Good	No	28675244
9514	2026	2	1	1	2017	Noida	Excellent	No	37187406
9515	697	1	1	2	2014	Mysore	Good	Yes	6912854
9516	2345	3	3	3	2023	Noida	Excellent	Yes	51396438
9517	1000	2	2	2	2011	Bangalore	Very Good	Yes	18098637
9518	1392	3	2	1	2009	Delhi	Poor	Yes	20384010
9519	1625	1	1	4	1999	Chennai	Very Good	Yes	22672251
9520	1265	1	1	1	2014	Mumbai	Fair	No	25370087
9521	3223	5	5	3	2009	Mysore	Good	No	27830657
9522	3428	6	5	1	2026	Ahmedabad	Very Good	No	44913407
9523	778	1	2	4	2020	Kochi	Good	Yes	9383512
9524	1429	1	1	4	2022	Chennai	Very Good	Yes	20284448
9525	2054	3	3	4	2023	Mysore	Fair	No	16865624
9526	1021	2	3	2	2005	Mysore	Good	No	8940379
9527	1924	3	3	2	2005	Chennai	Very Good	Yes	25424987
9528	1933	2	1	2	2014	Mysore	Very Good	No	19663121
9529	1297	2	2	2	2001	Mysore	Good	Yes	12029499
9530	4665	6	5	4	2001	Bangalore	Poor	Yes	54316497
9531	2727	4	4	2	2002	Chennai	Good	No	33939720
9532	1165	1	1	1	2006	Ahmedabad	Good	Yes	12450940
9533	2570	5	5	1	2018	Coimbatore	Fair	No	22069630
9534	3150	4	4	3	2013	Mumbai	Good	Yes	71682842
9535	2201	2	2	2	2003	Mysore	Very Good	Yes	21169460
9536	1709	2	3	4	2015	Noida	Good	No	27696270
9537	2128	3	2	1	2019	Kochi	Fair	No	20918780
9538	2208	4	4	2	1999	Coimbatore	Fair	Yes	16902404
9539	508	1	1	2	2022	Noida	Good	Yes	9025290
9540	3226	5	4	3	2000	Pune	Good	No	41489776
9541	627	1	2	4	2019	Mumbai	Good	No	15445357
9542	623	2	2	4	2002	Jaipur	Very Good	Yes	7008720
9543	1484	1	2	4	2023	Chennai	Good	Yes	20946063
9544	4258	5	4	3	2016	Kochi	Good	Yes	41959286
9545	1726	1	1	3	2002	Coimbatore	Very Good	No	16242147
9546	1927	4	5	1	2005	Mumbai	Good	No	40321266
9547	3911	6	5	1	2009	Pune	Very Good	No	65845150
9548	3643	5	4	4	2022	Mumbai	Good	Yes	93790666
9549	1139	1	1	3	2023	Ahmedabad	Good	Yes	12620114
9550	761	1	1	4	2012	Jaipur	Very Good	No	7891425
9551	3805	5	5	3	2009	Chennai	Good	Yes	51198026
9552	4446	6	5	1	2008	Coimbatore	Very Good	Yes	43647507
9553	1375	2	1	4	2026	Coimbatore	Excellent	Yes	17619737
9554	1734	1	1	3	2012	Delhi	Good	Yes	30706529
9555	2525	5	5	3	2023	Kochi	Poor	No	24893619
9556	2361	3	3	3	2016	Pune	Good	Yes	36152493
9557	4195	5	5	3	1998	Coimbatore	Fair	No	34067256
9558	2310	2	2	4	2017	Mumbai	Very Good	Yes	57144948
9559	1547	2	2	4	2014	Noida	Excellent	No	31458044
9560	1043	1	2	3	2015	Bangalore	Good	Yes	17385094
9561	1852	2	2	2	2019	Kochi	Fair	Yes	17877088
9562	2916	4	4	2	2014	Jaipur	Good	No	26945492
9563	2073	2	3	3	2021	Ahmedabad	Good	No	23483224
9564	1071	1	2	2	2007	Mumbai	Good	Yes	25775239
9565	3739	6	5	2	2012	Jaipur	Good	Yes	35990708
9566	546	2	3	3	2018	Delhi	Very Good	Yes	13076921
9567	3816	4	5	2	2022	Ahmedabad	Good	No	45008868
9568	1499	3	3	4	2026	Chennai	Fair	Yes	20668425
9569	4392	5	5	1	1998	Delhi	Very Good	Yes	80652258
9570	1973	3	3	4	1999	Noida	Very Good	Yes	33693916
9571	613	2	3	1	2005	Pune	Very Good	Yes	10916233
9572	4172	5	5	1	2019	Chennai	Good	Yes	52563639
9573	2119	4	5	4	2004	Kochi	Very Good	Yes	25294190
9574	3924	6	5	3	2005	Mysore	Good	No	33221558
9575	4134	6	5	3	2008	Delhi	Excellent	No	83627284
9576	3607	4	3	2	2012	Chennai	Very Good	No	53373705
9577	932	1	1	1	2015	Noida	Excellent	No	19330653
9578	2542	5	4	2	2006	Chennai	Very Good	No	35656309
9579	1996	4	3	4	2007	Ahmedabad	Fair	No	19610098
9580	4265	6	5	3	2015	Noida	Poor	Yes	56964397
9581	1415	2	1	2	2010	Noida	Very Good	No	23907331
9582	2347	3	4	2	2000	Mumbai	Good	Yes	52445817
9583	2247	3	3	1	2009	Coimbatore	Excellent	No	26380447
9584	699	1	1	4	2013	Noida	Very Good	Yes	13890027
9585	3052	4	4	1	2003	Mysore	Very Good	No	27551297
9586	4974	6	5	3	2010	Coimbatore	Very Good	Yes	52014811
9587	4351	6	5	4	2013	Kochi	Very Good	No	48393856
9588	2137	3	3	3	2020	Ahmedabad	Good	Yes	25226021
9589	1291	2	2	4	2008	Pune	Fair	No	17724774
9590	2890	4	4	4	1998	Jaipur	Very Good	No	26760350
9591	2663	4	4	4	2020	Jaipur	Good	Yes	29778074
9592	1979	4	4	2	2026	Coimbatore	Excellent	Yes	27112949
9593	4698	6	5	2	2004	Pune	Good	Yes	64039678
9594	2502	4	4	4	2002	Mumbai	Good	No	54630999
9595	564	1	1	3	1998	Jaipur	Very Good	Yes	6082678
9596	1250	2	3	2	2018	Mumbai	Fair	Yes	25747089
9597	4536	5	4	3	2023	Chennai	Very Good	Yes	66355330
9598	1624	3	4	3	1999	Pune	Good	Yes	24176661
9599	4917	6	5	1	2003	Chennai	Good	No	55651952
9600	3863	6	5	2	2021	Kochi	Good	No	39466860
9601	4170	5	5	4	2012	Bangalore	Excellent	Yes	85894608
9602	853	1	1	3	2003	Ahmedabad	Fair	Yes	7779926
9603	667	1	2	1	2016	Noida	Good	Yes	10763754
9604	2883	5	5	2	2012	Noida	Excellent	No	59083610
9605	4266	6	5	2	2024	Ahmedabad	Good	Yes	46142694
9606	1702	3	2	2	2003	Coimbatore	Fair	No	14397104
9607	3408	6	5	1	2018	Jaipur	Good	No	36300794
9608	2028	4	4	2	2014	Jaipur	Very Good	Yes	21989798
9609	1054	3	4	1	1998	Mumbai	Very Good	Yes	24307436
9610	2989	4	5	3	2024	Mumbai	Good	Yes	70678330
9611	662	1	2	4	2003	Mysore	Fair	No	6140405
9612	667	1	2	2	2026	Kochi	Good	Yes	7588066
9613	2390	3	3	1	2000	Mysore	Good	Yes	19639034
9614	3005	4	5	1	2019	Noida	Good	Yes	49669364
9615	4286	6	5	1	2013	Bangalore	Poor	No	60517560
9616	4303	6	5	3	2000	Chennai	Good	No	54247628
9617	1725	1	1	1	1998	Mumbai	Very Good	Yes	39864233
9618	708	1	2	4	2007	Kochi	Very Good	Yes	8297748
9619	1616	2	1	4	2014	Bangalore	Good	No	27650848
9620	4328	6	5	3	2015	Mumbai	Excellent	Yes	116184427
9621	3013	4	5	2	2020	Hyderabad	Fair	Yes	35818222
9622	3836	5	5	3	1998	Kochi	Very Good	Yes	37239934
9623	1432	1	2	1	2006	Noida	Very Good	No	23338760
9624	924	1	2	3	2000	Kochi	Very Good	No	9327373
9625	4568	6	5	4	2018	Bangalore	Very Good	Yes	86794802
9626	3033	4	4	4	2017	Noida	Fair	No	41746149
9627	3507	4	4	2	2025	Ahmedabad	Very Good	Yes	47420028
9628	1080	3	2	4	2004	Delhi	Good	No	20147354
9629	4184	6	5	3	2025	Delhi	Good	Yes	82432211
9630	500	1	1	3	2017	Hyderabad	Good	Yes	6698678
9631	4921	6	5	1	2004	Bangalore	Very Good	No	80181731
9632	2808	4	4	1	2007	Mumbai	Good	Yes	60946242
9633	4574	6	5	3	2002	Bangalore	Excellent	Yes	87666102
9634	3602	6	5	1	2017	Jaipur	Fair	No	33086773
9635	4971	6	5	2	2012	Kochi	Very Good	Yes	52036688
9636	3432	6	5	4	2020	Bangalore	Good	Yes	58417321
9637	4576	6	5	1	2006	Hyderabad	Excellent	Yes	61561559
9638	1086	2	2	1	2016	Mumbai	Excellent	Yes	31728563
9639	1435	2	2	1	2008	Delhi	Fair	No	21765611
9640	4795	6	5	4	2018	Kochi	Good	No	53619301
9641	2160	2	2	2	2010	Delhi	Very Good	No	45356063
9642	1890	4	5	3	2011	Mumbai	Good	Yes	42006353
9643	1566	2	2	1	2017	Coimbatore	Fair	No	13401798
9644	2640	5	5	4	2026	Ahmedabad	Excellent	Yes	38547125
9645	1993	2	2	2	2007	Chennai	Very Good	No	26694075
9646	1560	2	1	2	2026	Noida	Very Good	No	28217204
9647	3576	5	5	4	2016	Pune	Excellent	Yes	62919365
9648	1968	2	2	3	2017	Bangalore	Good	Yes	32352260
9649	3927	6	5	2	2026	Pune	Good	Yes	64443033
9650	2907	4	5	1	2008	Bangalore	Very Good	Yes	54778245
9651	1959	3	4	3	2019	Bangalore	Good	No	32821900
9652	962	1	1	2	2021	Chennai	Excellent	No	15053167
9653	1429	3	3	4	1998	Jaipur	Very Good	Yes	13988522
9654	1975	3	3	4	2006	Jaipur	Very Good	No	19130763
9655	772	2	2	3	2007	Jaipur	Very Good	Yes	8710762
9656	4282	6	5	3	2015	Kochi	Good	No	46853975
9657	1067	3	4	1	2025	Ahmedabad	Fair	Yes	12839077
9658	1452	3	3	1	2009	Coimbatore	Very Good	No	14521899
9659	2537	4	5	1	2016	Bangalore	Very Good	No	45793991
9660	4071	6	5	2	2025	Ahmedabad	Good	No	50613179
9661	4168	6	5	2	2016	Noida	Good	Yes	70188759
9662	557	1	1	3	2008	Delhi	Poor	No	9043369
9663	2891	3	3	1	2025	Jaipur	Good	Yes	32054166
9664	4541	6	5	2	2011	Noida	Good	Yes	70604849
9665	4661	6	5	3	2013	Mysore	Fair	Yes	40481931
9666	4582	6	5	2	2018	Noida	Fair	No	63569180
9667	3376	4	3	4	2026	Pune	Good	Yes	57267741
9668	2810	5	4	3	1999	Mysore	Fair	Yes	20029765
9669	4433	6	5	4	2001	Mysore	Good	Yes	34696710
9670	754	1	1	1	2016	Ahmedabad	Fair	No	7597134
9671	905	1	2	3	2000	Mumbai	Good	No	19309248
9672	4513	5	5	1	2012	Coimbatore	Very Good	Yes	46256980
9673	2104	3	3	3	2021	Kochi	Good	No	21532887
9674	2324	4	4	1	2024	Bangalore	Good	Yes	42818265
9675	3591	6	5	2	2003	Noida	Very Good	No	59539540
9676	3303	5	5	2	2010	Mysore	Good	Yes	28302104
9677	4063	6	5	1	2022	Bangalore	Poor	Yes	55330181
9678	3750	5	4	2	2023	Jaipur	Good	No	37411958
9679	4950	6	5	4	2017	Chennai	Excellent	Yes	80112639
9680	4664	6	5	4	2002	Hyderabad	Fair	Yes	50389251
9681	3926	6	5	3	1998	Mumbai	Excellent	No	91564697
9682	1780	3	2	3	2003	Jaipur	Good	Yes	16163368
9683	2609	4	4	3	1998	Delhi	Fair	Yes	41295469
9684	1462	3	3	3	2013	Mumbai	Poor	No	27439739
9685	4868	6	5	3	2007	Bangalore	Very Good	No	82507062
9686	2301	2	3	3	2004	Mumbai	Excellent	No	56840140
9687	4853	6	5	3	2001	Pune	Very Good	No	72941321
9688	1324	2	2	2	2012	Mysore	Fair	No	10711079
9689	1964	3	4	2	2009	Hyderabad	Excellent	No	29134278
9690	1090	2	3	3	2001	Mysore	Very Good	Yes	11259329
9691	2030	4	4	1	2019	Delhi	Very Good	Yes	46745620
9692	1942	2	2	4	2022	Jaipur	Very Good	No	20540861
9693	1448	1	1	3	2022	Delhi	Very Good	Yes	32755590
9694	1561	3	3	4	2015	Hyderabad	Good	No	21086853
9695	4872	6	5	4	2009	Hyderabad	Excellent	No	68437299
9696	2677	4	4	3	2013	Pune	Excellent	No	45913066
9697	675	2	3	2	2000	Kochi	Very Good	Yes	8780372
9698	1807	2	2	3	2001	Kochi	Very Good	Yes	17924417
9699	4627	6	5	2	2018	Mumbai	Fair	Yes	105534558
9700	3654	6	5	4	2011	Hyderabad	Good	Yes	45162285
9701	3497	5	4	3	2010	Noida	Very Good	No	64064448
9702	3200	5	5	1	2007	Hyderabad	Excellent	No	44389724
9703	3256	5	5	4	2009	Hyderabad	Very Good	No	44894850
9704	2278	3	3	3	2008	Mumbai	Excellent	No	61129697
9705	4881	6	5	4	1999	Ahmedabad	Very Good	Yes	49458754
9706	4091	6	5	1	1999	Delhi	Poor	Yes	54768866
9707	2646	3	3	1	2024	Mumbai	Good	No	68618289
9708	2197	3	2	2	2022	Hyderabad	Very Good	Yes	32432357
9709	3634	5	4	1	2000	Ahmedabad	Excellent	Yes	43883590
9710	4183	6	5	4	2023	Hyderabad	Excellent	No	66129427
9711	3364	5	4	3	2003	Mysore	Fair	No	24607478
9712	2893	4	3	3	2008	Jaipur	Good	Yes	29352636
9713	3633	4	4	4	2023	Coimbatore	Good	No	37480671
9714	3537	5	5	3	2009	Ahmedabad	Good	No	40033039
9715	3618	5	5	2	2002	Bangalore	Good	No	52850937
9716	1374	3	3	3	2008	Pune	Very Good	No	22694245
9717	3906	6	5	1	2014	Mumbai	Poor	Yes	71535763
9718	3431	6	5	2	2021	Bangalore	Fair	No	54314547
9719	1309	1	1	2	2001	Jaipur	Very Good	Yes	12204057
9720	2591	5	5	4	2023	Jaipur	Good	No	29513499
9721	776	2	1	1	2005	Bangalore	Very Good	No	12587175
9722	4113	6	5	4	2002	Pune	Very Good	Yes	60202191
9723	719	1	2	3	2008	Mumbai	Very Good	Yes	19460914
9724	2369	3	3	1	2011	Mysore	Good	No	22457938
9725	2240	4	4	3	2015	Delhi	Poor	No	36193018
9726	3648	4	5	4	2022	Ahmedabad	Very Good	Yes	42705574
9727	2910	5	5	4	2024	Chennai	Very Good	No	47222351
9728	3182	5	5	4	2023	Delhi	Good	Yes	64325913
9729	2294	3	4	2	2013	Hyderabad	Very Good	No	29517982
9730	617	1	1	2	2009	Kochi	Good	No	6077087
9731	2748	3	2	1	2000	Mumbai	Good	No	60363715
9732	578	1	2	4	2024	Kochi	Good	Yes	7771803
9733	4235	6	5	1	2004	Chennai	Very Good	No	59372798
9734	3135	3	3	4	2019	Coimbatore	Good	Yes	30132235
9735	3757	4	5	4	2008	Delhi	Good	No	72895883
9736	4675	6	5	4	2009	Kochi	Very Good	No	48315557
9737	4086	5	5	3	2010	Kochi	Good	Yes	42430735
9738	4014	5	5	1	2002	Pune	Good	Yes	55282585
9739	1970	3	3	2	2008	Delhi	Good	Yes	35582948
9740	1189	3	4	2	2005	Hyderabad	Very Good	No	14881885
9741	3341	5	5	3	2021	Mumbai	Fair	No	76236079
9742	4657	6	5	3	2019	Pune	Good	No	73567452
9743	2088	3	3	1	1998	Kochi	Good	Yes	20085852
9744	2797	4	3	2	2008	Noida	Good	No	41449037
9745	1665	2	2	4	2005	Hyderabad	Good	No	21076839
9746	2021	2	3	4	2000	Chennai	Good	Yes	25741385
9747	564	1	2	4	2025	Coimbatore	Very Good	No	6860062
9748	730	2	3	4	2026	Mumbai	Good	Yes	20572112
9749	2553	5	5	1	2010	Jaipur	Good	Yes	25136594
9750	1483	1	2	1	2016	Mumbai	Good	Yes	36027227
9751	1433	1	2	2	2005	Ahmedabad	Excellent	No	17780078
9752	3923	6	5	4	2020	Coimbatore	Very Good	No	39727160
9753	2051	3	3	2	2023	Hyderabad	Excellent	No	34542758
9754	2067	3	2	2	2001	Mysore	Good	Yes	17072647
9755	4487	6	5	3	2005	Mumbai	Fair	Yes	89355599
9756	1601	2	2	2	2003	Pune	Excellent	No	27793044
9757	845	1	2	3	1998	Kochi	Good	Yes	8012459
9758	2975	4	4	1	2018	Coimbatore	Good	Yes	28567719
9759	3316	6	5	1	2020	Chennai	Fair	Yes	39746891
9760	937	1	1	3	2015	Coimbatore	Excellent	No	10891779
9761	2277	4	4	1	2015	Ahmedabad	Excellent	Yes	29018666
9762	3662	6	5	2	2017	Kochi	Very Good	Yes	40533646
9763	3797	4	4	3	2011	Bangalore	Very Good	Yes	69131401
9764	851	1	2	3	2006	Jaipur	Very Good	No	9382588
9765	564	1	2	4	2023	Kochi	Good	Yes	7761154
9766	1577	2	2	3	2013	Coimbatore	Excellent	No	18809938
9767	1164	2	3	4	2016	Mumbai	Very Good	Yes	30145653
9768	514	2	2	4	2025	Ahmedabad	Poor	Yes	6438555
9769	681	1	1	4	2004	Kochi	Very Good	Yes	7805033
9770	4940	6	5	4	2024	Mysore	Good	No	47197360
9771	2194	3	3	2	2025	Coimbatore	Very Good	No	25615031
9772	2207	2	1	1	2003	Jaipur	Very Good	No	21320170
9773	4604	6	5	1	1998	Kochi	Good	No	40872779
9774	1910	2	1	3	2022	Noida	Good	Yes	29828359
9775	4524	5	5	2	2012	Pune	Excellent	Yes	83578152
9776	4175	6	5	2	2013	Pune	Very Good	Yes	73426204
9777	4497	6	5	1	2013	Hyderabad	Fair	No	51454989
9778	1558	1	1	4	2026	Noida	Very Good	Yes	30062046
9779	2540	5	5	2	2021	Bangalore	Very Good	Yes	51813751
9780	3661	5	5	1	2002	Hyderabad	Fair	Yes	40086383
9781	2484	4	3	2	2001	Mumbai	Very Good	Yes	59875567
9782	568	1	2	4	2011	Hyderabad	Good	No	8026092
9783	2222	2	1	2	2005	Mysore	Good	No	18079795
9784	539	2	1	3	1999	Kochi	Excellent	No	6348664
9785	4543	6	5	1	2010	Chennai	Good	Yes	60415530
9786	4391	6	5	3	2015	Mysore	Good	Yes	41159361
9787	4720	6	5	3	2000	Ahmedabad	Good	No	46413013
9788	2324	4	3	4	2018	Delhi	Very Good	Yes	49375312
9789	688	1	2	1	1999	Ahmedabad	Excellent	No	8904659
9790	2774	4	4	4	2005	Bangalore	Poor	Yes	34095985
9791	2600	5	5	3	2018	Mumbai	Fair	Yes	54313884
9792	3100	4	5	3	2025	Bangalore	Very Good	Yes	56613383
9793	3343	5	4	1	1999	Jaipur	Good	No	30271603
9794	3325	4	3	2	2021	Delhi	Excellent	No	80726591
9795	1675	1	1	2	2022	Bangalore	Good	Yes	27000382
9796	937	2	2	1	1998	Mumbai	Very Good	Yes	22815450
9797	1497	2	2	3	2010	Mumbai	Very Good	No	34804862
9798	2497	4	4	1	2026	Jaipur	Very Good	No	27214565
9799	2281	3	3	4	2001	Chennai	Poor	No	23583396
9800	1823	2	3	1	1999	Mysore	Good	Yes	15494044
9801	816	2	2	1	2014	Pune	Good	No	13266245
9802	4907	6	5	1	2005	Hyderabad	Very Good	Yes	64690335
9803	4300	6	5	2	2022	Ahmedabad	Good	Yes	46853586
9804	2621	4	4	4	2005	Delhi	Excellent	Yes	56030316
9805	1386	3	2	4	2016	Ahmedabad	Poor	No	12370646
9806	4492	6	5	1	2020	Pune	Good	No	70700536
9807	2668	3	3	4	2006	Coimbatore	Good	No	25633526
9808	910	1	1	2	2008	Hyderabad	Fair	Yes	10364039
9809	574	1	2	4	2015	Coimbatore	Good	No	5788259
9810	3219	5	5	1	2009	Kochi	Good	Yes	31668052
9811	4579	6	5	3	2003	Jaipur	Fair	No	34764424
9812	4455	6	5	1	2002	Mumbai	Good	Yes	89341374
9813	3129	4	3	2	2013	Coimbatore	Very Good	No	34141207
9814	1470	3	3	2	2007	Ahmedabad	Poor	Yes	12645695
9815	2468	4	3	4	2005	Chennai	Good	Yes	31640018
9816	2226	3	3	1	2002	Ahmedabad	Very Good	No	24729876
9817	4463	6	5	4	2021	Chennai	Very Good	No	67444222
9818	3697	4	5	3	2004	Coimbatore	Very Good	Yes	38280939
9819	4656	6	5	1	2002	Jaipur	Good	Yes	39981223
9820	1377	2	2	2	1998	Kochi	Excellent	Yes	15462219
9821	4026	6	5	4	2002	Ahmedabad	Good	No	40788319
9822	4460	6	5	4	2016	Coimbatore	Excellent	Yes	55231558
9823	1742	2	3	2	1999	Jaipur	Good	Yes	16841818
9824	1159	2	3	4	2024	Kochi	Very Good	Yes	14407960
9825	2041	2	1	3	2014	Jaipur	Good	Yes	19411815
9826	1642	1	1	2	2007	Hyderabad	Excellent	No	21928526
9827	3911	6	5	1	2007	Delhi	Good	No	72202511
9828	4077	6	5	4	2009	Kochi	Fair	No	35295915
9829	3634	4	4	4	2015	Ahmedabad	Good	No	42197223
9830	2171	3	3	1	2000	Pune	Very Good	No	30785627
9831	3106	3	3	2	2009	Chennai	Very Good	No	42091904
9832	4626	6	5	1	2009	Pune	Very Good	Yes	77248736
9833	3221	4	4	4	2001	Noida	Good	Yes	48273042
9834	3918	6	5	3	2025	Coimbatore	Good	Yes	39883531
9835	2885	4	4	1	1999	Hyderabad	Very Good	Yes	38161265
9836	884	2	3	1	2017	Hyderabad	Good	No	11421392
9837	4604	6	5	2	2006	Noida	Good	Yes	68543297
9838	3822	4	4	1	1998	Delhi	Fair	Yes	58579101
9839	1407	2	2	1	2020	Noida	Very Good	No	24534425
9840	4152	6	5	2	2008	Hyderabad	Excellent	Yes	62044306
9841	2019	4	3	4	2022	Hyderabad	Excellent	No	32453027
9842	3431	4	4	4	2006	Jaipur	Good	No	30686445
9843	1820	2	1	2	2022	Kochi	Fair	No	17153379
9844	2817	4	4	1	2014	Chennai	Fair	Yes	33667880
9845	2657	5	5	1	2026	Noida	Very Good	No	49810121
9846	1106	3	4	1	2020	Mysore	Very Good	No	12478467
9847	1811	4	4	2	2018	Ahmedabad	Poor	No	17656277
9848	2556	4	5	2	1998	Delhi	Very Good	No	45893562
9849	1412	2	2	2	2002	Chennai	Good	No	17277773
9850	812	1	1	4	2004	Ahmedabad	Good	Yes	9562606
9851	2565	3	3	4	2003	Jaipur	Good	Yes	25132169
9852	4104	6	5	1	2011	Delhi	Good	Yes	72584645
9853	2444	3	2	2	2004	Kochi	Good	Yes	24508852
9854	3080	4	4	1	1999	Hyderabad	Fair	No	32085077
9855	4162	5	5	1	2007	Chennai	Good	No	51358682
9856	2094	3	2	4	2023	Pune	Good	No	36049456
9857	3031	4	4	1	2013	Bangalore	Good	No	53032768
9858	1885	3	4	3	2012	Mumbai	Excellent	No	48241176
9859	4239	6	5	4	2014	Coimbatore	Excellent	No	47167807
9860	1696	3	3	1	1999	Hyderabad	Good	No	18906648
9861	4802	6	5	2	2016	Kochi	Good	No	49365211
9862	652	1	2	2	2002	Hyderabad	Very Good	Yes	8815356
9863	3305	5	4	4	2021	Delhi	Excellent	Yes	73319865
9864	4603	6	5	3	2012	Jaipur	Very Good	Yes	45275613
9865	577	1	1	1	2007	Coimbatore	Good	Yes	5880410
9866	587	2	2	2	1998	Delhi	Very Good	Yes	12511743
9867	3604	6	5	3	2000	Kochi	Poor	No	28207693
9868	2030	3	4	1	2009	Chennai	Very Good	Yes	26710968
9869	4021	6	5	2	1998	Chennai	Good	Yes	51646420
9870	724	2	2	4	2002	Mumbai	Very Good	Yes	17999275
9871	4113	6	5	1	2022	Ahmedabad	Good	No	49277363
9872	3533	6	5	2	2024	Hyderabad	Very Good	Yes	53892087
9873	3752	5	5	4	2023	Delhi	Good	Yes	72440283
9874	2643	5	5	4	2010	Mumbai	Poor	Yes	47863226
9875	2744	5	5	1	2026	Ahmedabad	Good	Yes	34448808
9876	2142	3	4	4	2018	Jaipur	Fair	No	18822590
9877	905	1	1	4	2010	Mumbai	Poor	Yes	16731480
9878	2754	3	2	2	2003	Jaipur	Good	Yes	24541953
9879	2087	4	4	2	2011	Ahmedabad	Poor	No	20160640
9880	4846	6	5	2	2004	Ahmedabad	Good	Yes	48713303
9881	4788	6	5	3	2016	Mysore	Good	No	43716464
9882	3774	6	5	4	2000	Mysore	Fair	No	30735669
9883	1647	3	3	2	2019	Delhi	Very Good	No	36519174
9884	2838	4	3	4	2010	Bangalore	Poor	Yes	38439767
9885	2075	3	4	4	2021	Pune	Good	No	30751252
9886	3264	5	5	4	1998	Hyderabad	Very Good	Yes	38825760
9887	635	1	1	3	2023	Ahmedabad	Good	No	7700287
9888	1456	1	1	3	2010	Bangalore	Excellent	Yes	26473098
9889	3363	5	4	4	2002	Chennai	Excellent	No	51755360
9890	2285	3	3	2	2012	Delhi	Good	No	45086773
9891	4516	5	4	1	2004	Delhi	Very Good	Yes	83864990
9892	4302	6	5	4	2020	Chennai	Very Good	No	68386024
9893	2025	2	2	3	2016	Bangalore	Very Good	No	37363873
9894	1032	1	1	4	2024	Coimbatore	Very Good	No	12039298
9895	2933	3	2	3	2018	Mumbai	Poor	Yes	51880886
9896	4812	6	5	4	2022	Mumbai	Good	No	124497159
9897	544	2	2	1	2003	Coimbatore	Good	No	5358842
9898	3165	5	5	3	2020	Kochi	Excellent	Yes	40487683
9899	3939	5	5	1	2009	Kochi	Good	No	41246948
9900	2268	4	4	3	2018	Coimbatore	Good	Yes	23238542
9901	2511	5	5	1	2006	Mumbai	Poor	Yes	44269264
9902	4463	6	5	4	2006	Delhi	Very Good	No	83578051
9903	686	1	1	2	2010	Noida	Good	Yes	11586968
9904	4884	6	5	1	1999	Ahmedabad	Poor	No	35708533
9905	3164	5	4	2	2012	Delhi	Fair	Yes	52754802
9906	4280	6	5	3	2003	Chennai	Very Good	No	54030261
9907	4345	6	5	3	2017	Hyderabad	Good	No	57155915
9908	1424	2	2	4	2001	Jaipur	Very Good	Yes	14437080
9909	1693	1	1	4	2004	Pune	Very Good	Yes	24661519
9910	2284	4	5	3	2004	Mumbai	Very Good	Yes	51772848
9911	4269	5	5	2	2012	Ahmedabad	Good	No	47221729
9912	4158	6	5	1	2010	Kochi	Fair	Yes	40647466
9913	4354	5	5	2	2017	Delhi	Good	No	77269720
9914	4218	6	5	4	2021	Noida	Very Good	Yes	76672948
9915	4711	6	5	1	2015	Chennai	Very Good	Yes	64998929
9916	1653	2	2	3	2011	Delhi	Very Good	Yes	34503943
9917	4936	6	5	3	2003	Bangalore	Very Good	Yes	86483687
9918	3465	5	4	4	2000	Ahmedabad	Poor	No	28347976
9919	1635	2	2	1	2023	Chennai	Very Good	Yes	25668652
9920	3767	6	5	4	2024	Jaipur	Good	Yes	37416694
9921	4126	6	5	3	2003	Mumbai	Excellent	No	104573789
9922	1230	1	1	1	2021	Chennai	Very Good	Yes	18294603
9923	650	1	1	3	2008	Mysore	Good	No	6249235
9924	2465	4	4	2	2024	Coimbatore	Very Good	Yes	25665854
9925	3984	6	5	3	2001	Pune	Good	Yes	55808647
9926	2403	4	4	2	2009	Hyderabad	Poor	Yes	23334744
9927	2109	3	3	4	2023	Mysore	Fair	No	18831828
9928	3072	3	3	2	2008	Mysore	Very Good	No	27348187
9929	4742	6	5	4	2002	Kochi	Good	No	46223115
9930	1861	3	2	2	2018	Jaipur	Good	Yes	19865209
9931	845	2	2	1	2023	Mysore	Good	Yes	8665688
9932	3873	5	4	2	2022	Jaipur	Excellent	No	50673564
9933	644	1	2	2	2001	Pune	Good	No	9993486
9934	4443	5	5	3	2023	Noida	Excellent	Yes	90356258
9935	2775	4	4	4	2014	Delhi	Good	No	55383948
9936	3569	5	5	1	2000	Pune	Fair	Yes	43451037
9937	3215	5	5	2	2005	Kochi	Good	No	31129651
9938	3669	4	3	2	2001	Mysore	Excellent	Yes	36216374
9939	4219	6	5	1	2009	Mumbai	Poor	No	75354788
9940	2827	3	3	3	2011	Hyderabad	Fair	No	31953696
9941	4357	5	5	3	2023	Mumbai	Fair	Yes	91186813
9942	3981	6	5	4	2019	Bangalore	Very Good	Yes	79057267
9943	4575	6	5	3	2011	Coimbatore	Good	No	39468420
9944	3666	6	5	3	2002	Pune	Excellent	No	62671366
9945	1984	3	4	2	2012	Delhi	Good	Yes	40282907
9946	4073	6	5	4	2004	Mumbai	Good	Yes	94752162
9947	2135	3	3	3	2020	Ahmedabad	Fair	Yes	20934114
9948	3304	6	5	3	2006	Jaipur	Good	No	31504935
9949	4105	6	5	4	2019	Noida	Excellent	No	87975723
9950	3880	6	5	4	1999	Mumbai	Good	No	83177046
9951	1359	3	3	4	2023	Bangalore	Fair	Yes	22884592
9952	1142	1	1	2	2018	Mysore	Good	Yes	10359783
9953	1617	1	1	3	2008	Noida	Very Good	Yes	28558399
9954	945	1	1	3	2006	Ahmedabad	Fair	Yes	8794994
9955	3557	6	5	3	2014	Chennai	Good	No	47467681
9956	3519	4	5	4	2015	Coimbatore	Very Good	Yes	36477119
9957	3766	5	4	3	2011	Chennai	Fair	Yes	41927734
9958	749	1	1	2	2026	Chennai	Very Good	Yes	12921169
9959	617	1	1	2	2001	Chennai	Very Good	No	8484616
9960	3780	5	4	3	2024	Chennai	Fair	Yes	47408540
9961	1442	2	1	3	2012	Hyderabad	Good	No	16614456
9962	4838	6	5	2	2018	Coimbatore	Good	No	44553050
9963	2691	5	5	4	2004	Mysore	Good	No	24814665
9964	4294	5	5	3	2026	Jaipur	Very Good	No	50665626
9965	1159	2	2	4	2014	Hyderabad	Poor	Yes	12017709
9966	3576	5	4	3	2003	Jaipur	Very Good	Yes	35725586
9967	2157	4	4	1	2019	Ahmedabad	Excellent	Yes	31995832
9968	540	1	1	2	2023	Hyderabad	Excellent	No	8859869
9969	4752	6	5	3	2018	Mysore	Good	No	42150110
9970	886	1	2	1	2017	Delhi	Excellent	Yes	21401287
9971	1139	2	2	4	2003	Chennai	Good	No	14179947
9972	4333	5	5	1	2006	Delhi	Very Good	No	84402524
9973	3106	5	4	4	2008	Coimbatore	Excellent	Yes	34607113
9974	1351	1	1	3	2002	Delhi	Good	No	25064984
9975	4697	6	5	3	2023	Noida	Good	Yes	74170111
9976	4757	6	5	3	1998	Noida	Fair	No	57181168
9977	2174	2	3	2	2013	Mysore	Very Good	Yes	20479728
9978	2961	4	5	2	2007	Coimbatore	Fair	Yes	23174624
9979	2517	3	3	3	2014	Pune	Very Good	No	42569218
9980	803	2	3	1	2009	Pune	Fair	Yes	11216831
9981	2282	4	5	2	2005	Hyderabad	Very Good	Yes	29949869
9982	3363	4	5	4	2016	Pune	Fair	Yes	50071690
9983	1871	3	2	3	1999	Pune	Very Good	Yes	29889252
9984	4314	6	5	3	2009	Noida	Very Good	No	68004381
9985	4020	5	5	3	2003	Bangalore	Fair	Yes	58741814
9986	3663	5	4	3	2024	Ahmedabad	Good	No	44289499
9987	1946	2	1	2	2024	Hyderabad	Good	Yes	25689013
9988	4528	6	5	1	2010	Pune	Fair	Yes	59357397
9989	2056	2	2	2	2025	Delhi	Excellent	No	45947443
9990	979	1	1	4	2011	Hyderabad	Very Good	Yes	13802631
9991	4929	6	5	3	2018	Bangalore	Poor	No	63113669
9992	4027	5	5	3	2001	Chennai	Good	Yes	50216178
9993	507	1	1	2	2012	Bangalore	Good	Yes	9310083
9994	1510	3	3	1	2003	Mysore	Very Good	No	13285949
9995	4382	6	5	3	2017	Jaipur	Very Good	Yes	45017879
9996	1652	2	2	3	2015	Kochi	Good	Yes	16470723
9997	2541	4	3	1	2024	Hyderabad	Good	Yes	35707967
9998	1800	3	3	1	2007	Bangalore	Good	Yes	26934911
9999	1481	2	2	2	2002	Delhi	Very Good	No	26462942
10000	4009	6	5	4	2008	Chennai	Good	No	48954497
